0.0837014	1	74	1404
0.0865736	2	77	1406
0.0869496	3	77	206
0.0899176	4	80	1406
0.0927896	5	83	1406
0.0931656	6	84	206
0.0961336	7	87	1406
0.0990056	8	90	1406
0.0993816	9	90	206
0.10235	10	93	1406
0.105222	11	96	1406
0.105598	12	93	206
0.108566	13	96	1406
0.111438	14	95	1406
0.188363	15	55	206
0.194675	16	60	1406
0.212851	17	66	1406
0.225659	18	70	206
0.231971	19	75	1406
0.241059	20	79	1406
0.247655	21	80	206
0.253497	22	85	1406
0.263065	23	90	1406
0.269663	24	91	206
0.275505	25	97	1406
0.281725	26	98	1406
0.287849	27	99	206
0.294165	28	105	1406
0.306133	29	112	1406
0.316079	30	117	206
0.321921	31	121	1406
0.331015	32	126	1406
0.337613	33	127	206
0.340581	34	130	1406
0.355897	35	140	1406
0.365843	36	145	206
0.371685	37	150	1406
0.377905	38	151	1406
0.387377	39	156	206
0.393693	40	161	1406
0.405661	41	168	1406
0.412259	42	170	206
0.415227	43	173	1406
0.424321	44	177	1406
0.430919	45	179	206
0.433887	46	182	1406
0.442981	47	187	1406
0.455801	48	193	206
0.458769	49	196	1406
0.462115	50	196	1406
0.481157	51	199	206
0.484125	52	202	1406
0.486997	53	200	1406
0.490247	54	199	206
0.493215	55	202	1406
0.503161	57	200	206
0.509003	59	202	1406
0.509853	60	196	206
0.512821	61	199	1406
0.521915	62	196	1406
0.528513	63	197	206
0.531481	64	200	1406
0.540575	65	196	1406
0.550523	66	194	207
0.553493	67	197	1407
0.568811	68	196	1407
0.578285	69	197	207
0.581255	70	200	1407
0.587477	71	197	1407
0.600299	72	195	207
0.603269	73	198	1407
0.618587	74	197	1407
0.621839	75	194	207
0.624809	76	197	1407
0.640127	77	197	1407
0.646727	78	191	207
0.649697	79	194	1407
0.662141	80	197	1407
0.665393	81	197	207
0.668363	82	199	1407
0.671237	83	197	1407
0.684063	84	201	207
0.706089	87	198	207
0.709059	88	201	1407
0.715659	90	199	207
0.719103	92	199	1407
0.731459	93	197	207
0.734429	94	200	1407
0.740177	95	202	1407
0.740555	96	197	207
0.743525	97	200	1407
0.749273	98	202	1407
0.752623	99	199	1408
0.762097	101	200	207
0.765067	102	202	1407
0.771671	104	199	207
0.774641	105	202	1407
0.780391	106	199	1407
0.790349	107	200	207
0.793319	108	203	1407
0.796193	109	203	1407
0.799923	110	196	207
0.802893	111	199	1407
0.818223	112	200	1407
0.827705	113	196	207
0.830675	114	199	1407
0.834025	115	197	1407
0.846859	116	193	207
0.849829	117	196	1407
0.865159	118	197	1407
0.868413	119	194	207
0.871383	120	197	1407
0.883837	121	193	1407
0.893319	122	194	207
0.896289	123	197	1407
0.911619	124	199	1407
0.918225	125	200	207
0.921195	126	203	1407
0.924925	128	199	207
0.937009	130	181	1409
0.939887	131	180	1409
0.942761	132	180	1407
0.949003	133	184	1409
0.951881	134	182	1409
0.952259	135	180	207
0.955229	136	182	1407
0.964337	137	180	1407
0.964715	138	174	207
0.967685	139	177	1407
0.970559	140	177	1407
0.974301	141	175	207
0.977271	142	178	1407
0.980145	143	178	1407
0.985897	144	173	1408
0.989157	145	174	207
0.992127	146	177	1407
0.995005	147	174	1409
1.00123	148	177	1407
1.00161	149	171	207
1.00458	150	174	1407
1.01368	151	170	1407
1.01406	152	168	207
1.01703	153	171	1407
1.02278	154	169	1407
1.02604	155	158	207
1.02901	156	161	1407
1.03523	157	155	1407
1.03849	158	154	207
1.04146	159	157	1407
1.04768	160	148	1407
1.05429	161	139	207
1.05726	162	142	1407
1.06301	163	142	1407
1.06674	164	133	207
1.06971	165	136	1407
1.07258	166	136	1407
1.07584	167	129	207
1.07881	168	132	1407
1.08456	169	123	1407
1.08829	170	117	207
1.09126	171	120	1407
1.09414	172	119	1409
1.10037	173	113	1409
1.10612	174	116	1407
1.1065	175	113	207
1.10947	176	116	1407
1.11234	177	116	1407
1.11272	178	113	207
1.11857	179	118	1407
1.12144	180	119	1407
1.1223	181	117	207
1.12814	182	122	1407
1.13102	183	122	1407
1.13427	184	123	207
1.13724	185	125	1407
1.14059	186	125	1407
1.14384	187	126	207
1.14681	188	128	1407
1.14969	189	128	1407
1.15294	190	129	207
1.15591	191	131	1407
1.15879	192	132	1407
1.16252	193	133	207
1.16549	194	135	1407
1.16836	195	136	1407
1.17161	196	136	207
1.17458	197	139	1407
1.17746	198	139	1407
1.18119	199	140	207
1.18416	200	143	1407
1.18703	201	143	1407
1.19029	202	144	207
1.19326	203	146	1407
1.19948	204	148	1407
1.19986	205	145	207
1.20283	206	148	1407
1.21193	207	148	1407
1.21519	208	148	207
1.21816	209	151	1407
1.22438	210	152	1407
1.23099	211	151	207
1.23396	212	154	1407
1.23971	213	154	1407
1.24631	214	155	207
1.24928	215	158	1407
1.25551	216	158	1407
1.26499	217	157	207
1.26796	218	160	1407
1.27419	219	161	1407
1.28079	220	161	207
1.28376	221	164	1407
1.28664	222	165	1407
1.28989	223	165	207
1.29286	224	168	1407
1.29909	225	172	1407
1.29947	226	170	207
1.30244	227	172	1407
1.30819	228	174	1407
1.31479	229	173	207
1.31776	230	176	1407
1.32111	231	177	1407
1.32724	232	177	207
1.33021	233	180	1407
1.33356	234	181	1407
1.33682	235	180	207
1.33979	236	183	1407
1.34554	237	186	1407
1.34927	238	187	207
1.35224	239	190	1407
1.35799	240	193	1407
1.35836	241	190	207
1.36181	242	193	1407
1.36756	243	196	1407
1.37081	244	197	207
1.37378	245	200	1407
1.38001	246	202	1407
1.38039	247	199	207
1.38336	248	202	1407
1.38958	249	202	1407
1.39246	252	201	1407
1.39868	255	202	1407
1.39906	256	201	208
1.40204	257	203	1408
1.40242	259	199	208
1.40539	260	202	1408
1.40826	261	202	1408
1.41114	264	201	1408
1.41152	265	199	208
1.41449	266	199	1408
1.42024	267	202	1408
1.4211	268	200	208
1.42407	269	200	1408
1.42982	270	202	1408
1.4302	271	202	208
1.43318	273	202	1408
1.43403	274	200	208
1.437	276	200	1408
1.43738	277	199	208
1.44371	279	200	1408
1.44696	280	197	208
1.44994	281	200	1408
1.45281	282	200	1408
1.45367	283	200	208
1.45952	285	197	1408
1.46325	286	200	208
1.46622	288	198	1408
1.47283	289	198	208
1.4758	290	201	1408
1.48203	291	198	1408
1.48241	292	197	208
1.48538	293	199	1408
1.49113	294	202	1408
1.49199	295	201	208
1.49496	297	195	1408
1.49822	298	198	208
1.50119	299	200	1408
1.50406	300	199	1408
1.5078	301	201	208
1.51364	303	195	1408
1.51738	304	193	208
1.52035	305	196	1408
1.5261	306	193	1408
1.52983	307	193	208
1.5328	308	196	1408
1.53856	309	196	1408
1.54229	310	193	208
1.54526	311	196	1408
1.54814	312	196	1408
1.55139	313	193	208
1.55436	314	196	1408
1.56347	315	196	1408
1.56385	316	192	208
1.56682	317	195	1408
1.57305	318	193	1408
1.5763	319	193	208
1.57928	320	196	1408
1.5855	321	196	1408
1.58877	322	193	208
1.59174	323	196	1408
1.59749	324	195	1408
1.6041	325	196	208
1.60708	326	199	1408
1.60995	327	198	1408
1.61033	328	193	208
1.6133	329	196	1408
1.61618	330	193	1408
1.61944	331	189	208
1.62241	332	192	1408
1.62865	333	195	1408
1.63479	334	195	208
1.63776	335	198	1408
1.63815	336	196	211
1.64113	337	199	1411
1.64774	339	199	211
1.65072	340	202	1411
1.65398	345	198	208
1.65695	346	201	1408
1.65983	347	201	1408
1.66069	348	199	211
1.66117	350	198	208
1.66414	352	199	1408
1.6674	353	197	208
1.67037	354	200	1408
1.67373	355	199	1408
1.67458	356	195	208
1.67755	357	198	1408
1.68331	358	200	1411
1.6862	360	199	1411
1.68657	361	198	208
1.68955	362	200	1408
1.69615	365	196	208
1.69913	366	199	1408
1.702	367	200	1408
1.70777	368	198	1411
1.70815	369	198	208
1.71159	370	200	1408
1.71448	371	198	1411
1.71735	372	200	1408
1.71773	373	195	208
1.7207	374	195	1408
1.72358	375	191	1408
1.72396	376	190	208
1.72693	377	191	1408
1.72981	378	188	1408
1.73019	379	188	208
1.73317	380	188	1411
1.73604	381	190	1408
1.73892	382	190	1408
1.7393	383	188	208
1.74227	384	188	1408
1.74515	385	188	1408
1.74803	386	185	1411
1.74841	387	184	208
1.75138	388	187	1408
1.75426	389	187	1408
1.75464	390	184	208
1.76048	391	184	1408
1.76336	392	184	1408
1.76709	393	185	208
1.77294	394	184	1408
1.77582	395	183	1408
1.77955	396	184	208
1.78252	397	184	1408
1.78827	398	187	1408
1.79536	399	180	208
1.8012	400	184	1408
1.80696	401	175	1408
1.81356	402	168	208
1.81989	403	172	1408
1.82899	404	167	1408
1.83513	405	160	208
1.84098	406	163	1408
1.84962	407	158	1408
1.86162	408	156	1411
1.86777	409	148	211
1.87074	410	149	1411
1.88321	411	148	1411
1.88609	412	136	1411
1.88897	413	124	1411
1.89473	414	116	1411
1.90384	415	111	1411
1.91296	416	107	1411
1.91871	417	109	1411
1.91909	418	105	208
1.92254	419	107	1408
1.92829	420	109	1408
1.93155	421	108	208
1.93452	422	110	1408
1.9374	423	109	1408
1.94113	424	108	208
1.9441	425	111	1408
1.94985	426	111	1408
1.95023	427	108	208
1.95368	428	110	1408
1.95943	429	112	1408
1.96269	430	111	208
1.96566	431	113	1408
1.96901	432	113	1408
1.97227	433	111	208
1.97524	434	114	1408
1.98099	435	114	1408
1.98185	436	111	208
1.98482	437	114	1408
1.99057	438	115	1408
1.99383	439	114	208
1.9968	440	116	1408
2.00303	441	119	1408
2.00341	442	115	208
2.00638	443	117	1408
2.01213	444	119	1408
2.01586	445	117	208
2.01884	446	120	1408
2.02171	447	118	1408
2.02497	448	117	208
2.02794	449	119	1408
2.03417	450	122	1408
2.03742	451	121	208
2.0404	452	123	1408
2.04327	453	122	1408
2.047	454	121	208
2.04998	455	123	1408
2.05573	456	124	1408
2.05611	457	121	208
2.05956	458	123	1408
2.06531	459	125	1408
2.06856	460	124	208
2.07154	461	126	1408
2.07489	462	125	1408
2.07814	463	124	208
2.08112	464	127	1408
2.08687	465	127	1408
2.08772	466	124	208
2.09357	467	129	1408
2.09645	468	128	1408
2.0997	469	127	208
2.10268	470	129	1408
2.1089	471	131	1408
2.10928	472	127	208
2.11226	473	130	1408
2.11801	474	131	1408
2.12174	475	130	208
2.12471	476	132	1408
2.12759	477	131	1408
2.13084	478	130	208
2.13382	479	132	1408
2.14004	480	135	1408
2.1433	481	133	208
2.14627	482	136	1408
2.14915	483	134	1408
2.15288	484	133	208
2.15585	485	135	1408
2.1616	486	137	1408
2.16198	487	133	208
2.16496	488	135	1408
2.17118	489	138	1408
2.17444	490	137	208
2.17741	491	139	1408
2.18076	492	138	1408
2.18402	493	137	208
2.18699	494	139	1408
2.19274	495	140	1408
2.19312	496	137	208
2.19657	497	139	1408
2.20232	498	141	1408
2.20558	499	140	208
2.20855	500	142	1408
2.21478	501	144	1408
2.21516	502	140	208
2.21813	503	143	1408
2.22388	504	143	1408
2.22762	505	143	208
2.23059	506	145	1408
2.23346	507	144	1408
2.23672	508	143	208
2.23969	509	145	1408
2.24592	510	147	1408
2.2463	511	143	208
2.24927	512	146	1408
2.25502	513	147	1408
2.25876	514	146	208
2.26173	515	148	1408
2.26748	516	150	1408
2.26786	517	146	208
2.27083	518	148	1408
2.27706	519	151	1408
2.28032	520	149	208
2.28329	521	152	1408
2.28616	522	150	1408
2.2899	523	149	208
2.29287	524	151	1408
2.29862	525	153	1408
2.29948	526	150	208
2.30532	527	155	1408
2.3082	528	154	1408
2.31146	529	152	208
2.31443	530	155	1408
2.31778	531	153	1408
2.32104	532	153	208
2.32401	533	155	1408
2.32976	534	156	1408
2.33349	535	156	208
2.33646	536	158	1408
2.33934	537	157	1408
2.3426	538	155	208
2.34557	539	158	1408
2.3518	540	160	1408
2.35218	541	156	208
2.35515	542	159	1408
2.3609	543	159	1408
2.36463	544	159	208
2.3676	545	161	1408
2.37336	546	163	1408
2.37374	547	159	208
2.37671	548	161	1408
2.38294	549	163	1408
2.38619	550	162	208
2.38916	551	165	1408
2.39252	552	163	1408
2.39577	553	162	208
2.39874	554	164	1408
2.4045	555	166	1408
2.40488	556	162	208
2.40785	557	164	1408
2.41408	558	167	1408
2.41733	559	165	208
2.4203	560	168	1408
2.42653	561	169	1408
2.42691	562	165	208
2.42988	563	167	1408
2.43564	564	169	1408
2.43602	565	166	208
2.44234	566	171	1408
2.44522	567	170	1408
2.44847	568	168	208
2.45144	569	171	1408
2.45767	570	172	1408
2.45805	571	169	208
2.4639	572	173	1408
2.46678	573	172	1408
2.47051	574	172	208
2.47348	575	174	1408
2.47636	576	173	1408
2.47961	577	171	208
2.48258	578	174	1408
2.48881	579	175	1408
2.48919	580	172	208
2.49504	581	177	1408
2.49792	582	175	1408
2.50165	583	175	208
2.50462	584	177	1408
2.51037	585	179	1408
2.51075	586	174	208
2.51372	587	177	1408
2.51995	588	178	1408
2.52321	589	178	208
2.52618	590	181	1408
2.52953	591	179	1408
2.53279	592	178	208
2.53576	593	180	1408
2.54151	594	182	1408
2.54524	595	182	208
2.55109	596	187	1408
2.55732	597	189	1408
2.56058	598	187	208
2.56355	599	190	1408
2.57265	600	194	1408
2.57638	601	194	208
2.57936	602	196	1408
2.58558	603	198	1408
2.59172	604	200	208
2.59469	605	202	1408
2.60177	607	200	208
2.61385	611	202	1408
2.61758	613	198	208
2.62055	614	200	1408
2.6239	615	199	1408
2.62764	616	198	208
2.63061	617	201	1408
2.63348	618	199	1408
2.63722	619	199	208
2.64019	620	201	1408
2.6468	622	199	208
2.64977	623	201	1408
2.6535	625	196	208
2.65647	626	199	1408
2.66643	628	200	208
2.6694	629	202	1408
2.67276	630	201	1408
2.67314	631	198	208
2.67611	632	200	1408
2.68559	634	200	208
2.68856	635	203	1408
2.68942	637	195	208
2.69239	638	197	1408
2.69814	639	199	1408
2.70188	640	198	208
2.70485	641	200	1408
2.70772	642	199	1408
2.71098	643	197	208
2.7173	645	200	1408
2.71768	646	195	208
2.72066	647	198	1408
2.72641	648	199	1408
2.72679	649	195	208
2.72976	650	197	1408
2.73599	651	199	1408
2.73637	652	196	208
2.73934	653	198	1408
2.74509	654	200	1408
2.74882	655	198	208
2.75467	657	199	1408
2.7584	658	199	208
2.76425	660	200	1408
2.76463	661	196	208
2.7676	662	198	1408
2.77096	663	197	1408
2.77421	664	196	208
2.77718	665	199	1408
2.78341	666	200	1408
2.78667	667	199	208
2.78964	668	201	1408
2.79625	670	195	208
2.79922	671	198	1408
2.80545	672	198	1408
2.81206	673	199	208
2.81503	674	202	1408
2.82452	676	195	208
2.82749	677	198	1408
2.83037	678	195	1408
2.83075	679	186	208
2.83372	680	189	1408
2.83948	681	188	1411
2.85101	682	188	1411
2.85389	683	186	1411
2.85716	684	186	211
2.86302	685	191	1411
2.86637	686	190	1408
2.87251	687	191	208
2.87548	688	194	1408
2.88123	689	195	1408
2.88161	690	191	208
2.88459	691	194	1408
2.88746	692	192	1408
2.89035	693	191	1411
2.89323	694	190	1411
2.89361	695	185	208
2.89658	696	188	1408
2.89945	697	186	1408
2.90234	698	185	1411
2.9056	699	183	208
2.90857	700	186	1408
2.91433	701	188	1408
2.91471	702	183	208
2.91768	703	186	1408
2.92391	704	187	1411
2.9268	705	186	1411
2.93255	706	188	1408
2.93293	707	183	208
2.9359	708	186	1408
2.94213	709	188	1408
2.94538	710	187	208
2.94836	711	189	1408
2.95123	712	188	1408
2.95496	713	187	208
2.95794	714	189	1411
2.96369	715	191	1408
2.96992	716	192	1408
2.9703	717	189	208
2.97327	718	191	1408
2.97903	719	193	1408
2.98229	720	192	208
2.98526	721	194	1408
2.99149	722	196	1408
2.99474	723	194	208
2.99772	724	197	1408
3.00108	725	196	1411
3.00683	726	197	1408
3.01008	727	197	208
3.01306	728	199	1411
3.02552	730	192	1408
3.02878	731	189	208
3.03175	732	192	1408
3.04086	733	194	1411
3.04374	734	193	1408
3.04699	735	191	208
3.04996	736	193	1408
3.05907	737	194	1408
3.06818	738	194	1411
3.06856	739	190	208
3.07153	740	192	1408
3.07776	741	193	1408
3.08101	742	192	208
3.08399	743	193	1408
3.09021	744	196	1408
3.09347	745	192	208
3.09644	746	195	1408
3.09979	747	193	1408
3.10017	748	187	208
3.10315	749	190	1408
3.1089	750	190	1408
3.11215	751	187	208
3.11513	752	190	1408
3.12135	753	190	1408
3.12173	754	186	208
3.12471	755	188	1408
3.13046	756	189	1408
3.13131	757	185	208
3.13429	758	187	1408
3.14004	759	189	1408
3.14329	760	187	208
3.14627	761	189	1408
3.14962	762	187	1408
3.15287	763	185	208
3.15585	764	188	1408
3.1616	765	189	1408
3.16533	766	188	208
3.1683	767	190	1408
3.17118	768	188	1408
3.17443	769	186	208
3.17741	770	189	1408
3.18363	771	190	1408
3.18401	772	186	208
3.18986	773	190	1408
3.19274	774	188	1408
3.19647	775	187	208
3.19944	776	190	1408
3.20519	777	191	1408
3.20605	778	187	208
3.20902	779	189	1408
3.21477	780	189	1408
3.21803	781	189	208
3.221	782	191	1408
3.22723	783	192	1408
3.23049	784	190	208
3.23346	785	192	1408
3.23969	786	194	1408
3.24294	787	192	208
3.24591	788	194	1408
3.25214	789	196	1408
3.2554	790	194	208
3.25837	791	196	1408
3.26125	792	195	1408
3.26498	793	193	208
3.26795	794	195	1408
3.27418	795	197	1411
3.27994	796	197	1408
3.28319	797	196	208
3.28616	798	198	1408
3.29239	799	199	1408
3.29565	800	197	208
3.29862	801	199	1408
3.30485	802	200	1408
3.3081	803	199	208
3.31108	804	201	1408
3.31395	805	198	1408
3.31768	806	197	208
3.32066	807	200	1408
3.32641	808	200	1408
3.33014	809	199	208
3.33311	810	202	1408
3.33599	811	199	1408
3.33924	812	197	208
3.34222	813	200	1408
3.34844	814	201	1408
3.34882	815	196	208
3.35467	816	201	1408
3.35755	817	199	1408
3.36128	818	198	208
3.36425	819	200	1408
3.37	820	201	1408
3.37038	821	196	208
3.37671	822	201	1408
3.37958	823	199	1408
3.38284	824	197	208
3.38581	825	199	1408
3.39204	826	201	1408
3.39242	827	196	208
3.39827	828	201	1408
3.40114	829	199	1408
3.40488	830	197	208
3.40785	831	199	1408
3.4136	832	200	1408
3.41398	833	195	208
3.41695	834	197	1408
3.42318	835	199	1408
3.42644	836	197	208
3.42941	837	199	1408
3.43564	838	200	1408
3.43889	839	198	208
3.44186	840	201	1408
3.44474	841	198	1408
3.44847	842	197	208
3.45144	843	200	1408
3.4572	844	201	1408
3.46093	845	198	208
3.4639	846	201	1408
3.46965	847	202	1408
3.47003	848	198	208
3.473	849	200	1408
3.47923	850	201	1408
3.48249	851	199	208
3.48546	852	201	1408
3.49169	853	202	1408
3.49494	854	200	208
3.50127	856	201	1408
3.50165	857	196	208
3.5075	858	201	1408
3.51037	859	199	1408
3.5141	860	198	208
3.51708	861	200	1408
3.52283	862	200	1408
3.52321	863	196	208
3.52953	864	201	1408
3.53241	865	199	1408
3.53566	866	197	208
3.53864	867	199	1408
3.54486	868	200	1408
3.54812	869	199	208
3.55109	870	201	1408
3.55732	871	202	1408
3.5577	872	196	208
3.56067	873	199	1408
3.56642	874	200	1408
3.57016	875	199	208
3.57313	876	201	1408
3.57888	877	201	1408
3.57926	878	196	208
3.58223	879	199	1408
3.58846	880	200	1408
3.59172	881	198	208
3.59469	882	200	1408
3.60092	883	201	1408
3.6013	884	197	208
3.60714	885	202	1408
3.61002	886	200	1408
3.61375	887	198	208
3.61672	888	200	1408
3.62248	889	201	1408
3.62286	890	196	208
3.62583	891	198	1408
3.63206	892	200	1408
3.63531	893	198	208
3.63828	894	200	1408
3.64451	895	201	1408
3.64489	896	196	208
3.65074	897	201	1408
3.65362	898	199	1408
3.65735	899	198	208
3.66032	900	200	1408
3.66607	901	201	1408
3.66645	902	196	208
3.66942	903	199	1408
3.67565	904	199	1408
3.67891	905	197	208
3.68188	906	200	1408
3.68811	907	202	1408
3.69136	908	199	208
3.69434	909	202	1408
3.69721	910	200	1408
3.70094	911	198	208
3.70392	912	200	1408
3.70967	913	201	1408
3.7134	914	199	208
3.71637	915	202	1408
3.71925	916	200	1408
3.72298	917	198	208
3.72595	918	200	1408
3.7317	919	201	1408
3.73208	920	197	208
3.73506	921	199	1408
3.74128	922	200	1408
3.74704	923	196	1411
3.75077	924	194	208
3.75375	925	197	1408
3.7595	926	198	1408
3.76323	927	197	208
3.7662	928	199	1408
3.76908	929	197	1408
3.77233	930	195	208
3.77531	931	197	1408
3.78153	932	198	1408
3.78479	933	196	208
3.78776	934	198	1408
3.79064	935	196	1408
3.79437	936	195	208
3.79734	937	197	1408
3.80309	938	198	1408
3.80683	939	196	208
3.8098	940	198	1408
3.81555	941	199	1408
3.81593	942	194	208
3.8189	943	196	1408
3.82513	944	198	1408
3.82839	945	196	208
3.83136	946	198	1408
3.83423	947	196	1408
3.83797	948	194	208
3.84094	949	196	1408
3.84669	950	197	1408
3.85042	951	196	208
3.85339	952	198	1408
3.85915	953	199	1408
3.85953	954	194	208
3.8625	955	196	1408
3.86873	956	197	1408
3.87198	957	195	208
3.87495	958	197	1408
3.87783	959	195	1408
3.88156	960	194	208
3.88453	961	196	1408
3.89029	962	197	1408
3.89402	963	196	208
3.89699	964	197	1408
3.90274	965	198	1408
3.90312	966	194	208
3.90609	967	196	1408
3.91232	968	197	1408
3.91558	969	195	208
3.91855	970	197	1408
3.92478	971	198	1408
3.92804	972	197	208
3.93101	973	199	1408
3.93676	974	199	1408
3.9405	975	198	208
3.94347	976	201	1408
3.94634	977	198	1408
3.9496	978	196	208
3.95257	979	199	1408
3.9588	980	199	1408
3.96206	981	198	208
3.96503	982	201	1408
3.97126	983	202	1408
3.97451	984	199	208
3.97748	985	202	1408
3.98036	986	200	1408
3.98409	987	198	208
3.98706	988	201	1408
3.99282	989	201	1408
3.99655	990	199	208
3.99952	991	202	1408
4.0024	992	200	1408
4.00565	993	198	208
4.00862	994	200	1408
4.01485	995	201	1408
4.01811	996	200	208
4.02108	997	202	1408
4.03018	998	193	1408
4.03392	999	193	208
4.03689	1000	196	1408
4.03976	1001	192	1408
4.04302	1002	190	208
4.04599	1003	192	1408
4.05222	1004	193	1408
4.05548	1005	190	208
4.05845	1006	193	1408
4.06468	1007	194	1408
4.06506	1008	190	208
4.0709	1009	194	1408
4.07378	1010	192	1408
4.07751	1011	191	208
4.08048	1012	193	1408
4.08624	1013	194	1408
4.08662	1014	189	208
4.08959	1015	191	1408
4.09246	1016	189	1408
4.09284	1017	183	208
4.09582	1018	186	1408
4.09869	1019	184	1408
4.10242	1020	183	208
4.1054	1021	185	1408
4.10827	1022	183	1408
4.11153	1023	181	208
4.1145	1024	183	1408
4.12073	1025	184	1408
4.12398	1026	182	208
4.12696	1027	184	1408
4.12983	1028	182	1408
4.13356	1029	181	208
4.13654	1030	183	1408
4.14229	1031	184	1408
4.14602	1032	183	208
4.14899	1033	184	1408
4.15474	1034	185	1408
4.15512	1035	181	208
4.1581	1036	183	1408
4.16432	1037	183	1408
4.16758	1038	181	208
4.17055	1039	184	1408
4.17678	1040	183	1408
4.18004	1041	182	208
4.18301	1042	185	1408
4.18588	1043	182	1408
4.18962	1044	180	208
4.19259	1045	183	1408
4.19834	1046	183	1408
4.20207	1047	181	208
4.20504	1048	184	1408
4.2108	1049	183	1408
4.21118	1050	179	208
4.21462	1051	182	1408
4.22038	1052	183	1408
4.22363	1053	180	208
4.2266	1054	183	1408
4.23283	1055	183	1408
4.23321	1056	179	208
4.23618	1057	182	1408
4.24194	1058	182	1408
4.24567	1059	180	208
4.24864	1060	183	1408
4.25439	1061	183	1408
4.25812	1062	178	208
4.2611	1063	181	1408
4.26685	1064	180	1408
4.27058	1065	179	208
4.27355	1066	182	1408
4.27643	1067	180	1408
4.27968	1068	177	208
4.28266	1069	180	1408
4.28601	1070	178	1408
4.29214	1071	178	208
4.29511	1072	181	1408
4.30134	1073	180	1408
4.30172	1074	175	208
4.30469	1075	178	1408
4.30757	1076	176	1408
4.30795	1077	170	208
4.31092	1078	173	1408
4.3138	1079	171	1408
4.31418	1080	166	208
4.31715	1081	169	1408
4.3229	1082	169	1408
4.32663	1083	168	208
4.3296	1084	170	1408
4.33536	1085	171	1408
4.33574	1086	166	208
4.33871	1087	168	1408
4.34494	1088	169	1408
4.34819	1089	168	208
4.35116	1090	170	1408
4.35739	1091	171	1408
4.36065	1092	169	208
4.36362	1093	171	1408
4.3665	1094	169	1408
4.37023	1095	168	208
4.3732	1096	170	1408
4.37895	1097	170	1408
4.38268	1098	169	208
4.38566	1099	171	1408
4.39141	1100	172	1408
4.39179	1101	167	208
4.39476	1102	169	1408
4.40099	1103	170	1408
4.40424	1104	169	208
4.40722	1105	171	1408
4.41344	1106	172	1408
4.41382	1107	167	208
4.4168	1108	169	1408
4.42255	1109	170	1408
4.42628	1110	169	208
4.42925	1111	171	1408
4.435	1112	172	1408
4.43874	1113	170	208
4.44171	1114	172	1408
4.44746	1115	173	1408
4.44784	1116	168	208
4.45416	1117	174	1408
4.45704	1118	172	1408
4.4603	1119	170	208
4.46327	1120	172	1408
4.46614	1121	170	1408
4.46988	1122	168	208
4.47285	1123	170	1408
4.4786	1124	171	1408
4.48233	1125	170	208
4.4853	1126	172	1408
4.48818	1127	170	1408
4.48856	1128	165	208
4.49153	1129	167	1408
4.49441	1130	165	1408
4.49766	1131	163	208
4.50064	1132	166	1408
4.50686	1133	166	1408
4.51012	1134	165	208
4.51309	1135	168	1408
4.51597	1136	164	1408
4.5197	1137	163	208
4.52267	1138	166	1408
4.52842	1139	166	1408
4.53216	1140	165	208
4.53513	1141	168	1408
4.54088	1142	168	1408
4.54126	1143	163	208
4.54423	1144	166	1408
4.55046	1145	167	1408
4.55372	1146	164	208
4.55669	1147	167	1408
4.56292	1148	168	1408
4.56617	1149	167	208
4.56914	1150	169	1408
4.57202	1151	167	1408
4.57575	1152	165	208
4.57872	1153	167	1408
4.58448	1154	168	1408
4.58821	1155	167	208
4.59118	1156	169	1408
4.59406	1157	167	1408
4.59731	1158	165	208
4.60028	1159	167	1408
4.60651	1160	168	1408
4.60977	1161	166	208
4.61274	1162	168	1408
4.61897	1163	169	1408
4.61935	1164	165	208
4.6252	1165	170	1408
4.62807	1166	168	1408
4.6318	1167	166	208
4.63478	1168	168	1408
4.64053	1169	169	1408
4.64091	1170	164	208
4.64388	1171	166	1408
4.65011	1172	168	1408
4.65049	1173	163	208
4.65634	1174	168	1408
4.65921	1175	166	1408
4.66294	1176	164	208
4.66592	1177	166	1408
4.66879	1178	164	1408
4.67205	1179	163	208
4.67502	1180	165	1408
4.68125	1181	166	1408
4.68163	1182	161	208
4.6846	1183	163	1408
4.69035	1184	164	1408
4.69408	1185	163	208
4.69706	1186	165	1408
4.69993	1187	162	1408
4.70319	1188	161	208
4.70616	1189	163	1408
4.71239	1190	164	1408
4.71564	1191	162	208
4.71862	1192	164	1408
4.72484	1193	165	1408
4.7281	1194	164	208
4.73107	1195	166	1408
4.7373	1196	167	1408
4.73768	1197	162	208
4.74065	1198	164	1408
4.7464	1199	165	1408
4.75014	1200	164	208
4.75311	1201	167	1408
4.75886	1202	166	1408
4.75924	1203	162	208
4.76221	1204	165	1408
4.76844	1205	165	1408
4.7717	1206	163	208
4.77467	1207	166	1408
4.77754	1208	164	1408
4.78128	1209	162	208
4.78425	1210	165	1408
4.79	1211	166	1408
4.79373	1212	163	208
4.7967	1213	166	1408
4.80246	1214	167	1408
4.80284	1215	162	208
4.80581	1216	164	1408
4.81204	1217	166	1408
4.81529	1218	164	208
4.81826	1219	166	1408
4.82449	1220	167	1408
4.82487	1221	162	208
4.83072	1222	167	1408
4.8336	1223	165	1408
4.83733	1224	164	208
4.8403	1225	166	1408
4.84318	1226	164	1408
4.84643	1227	162	208
4.8494	1228	164	1408
4.85563	1229	166	1408
4.85601	1230	162	208
4.85898	1231	164	1408
4.86474	1232	165	1408
4.86512	1233	162	208
4.87144	1234	167	1408
4.87432	1235	166	1408
4.8747	1236	162	208
4.88054	1237	167	1408
4.88342	1238	166	1408
4.88715	1239	165	208
4.89012	1240	168	1408
4.89588	1241	168	1408
4.89626	1242	165	208
4.90258	1243	170	1408
4.90546	1244	169	1408
4.90871	1245	168	208
4.91168	1246	170	1408
4.91791	1247	172	1408
4.91829	1248	168	208
4.92126	1249	171	1408
4.92702	1250	173	1408
4.9274	1251	168	208
4.93037	1252	171	1408
4.9366	1253	172	1408
4.93985	1254	171	208
4.94282	1255	173	1408
4.9457	1256	172	1408
4.94943	1257	172	208
4.9524	1258	174	1408
4.95816	1259	176	1408
4.95854	1260	171	208
4.96151	1261	174	1408
4.96774	1262	175	1408
4.96812	1263	172	208
4.97396	1264	176	1408
4.97684	1265	175	1408
4.98057	1266	175	208
4.98354	1267	177	1408
4.9893	1268	179	1408
4.98968	1269	174	208
4.99265	1270	177	1408
4.99888	1271	178	1408
4.99926	1272	175	208
5.0051	1273	180	1408
5.00798	1274	178	1408
5.01171	1275	178	208
5.01468	1276	180	1408
5.02044	1277	182	1408
5.02082	1278	177	208
5.02379	1279	180	1408
5.03002	1280	182	1408
5.0304	1281	178	208
5.03337	1282	180	1408
5.03912	1283	182	1408
5.0395	1284	178	208
5.04247	1285	180	1408
5.0487	1286	182	1408
5.04908	1287	178	208
5.05205	1288	181	1408
5.0578	1289	181	1408
5.06154	1290	181	208
5.06451	1291	183	1408
5.06738	1292	182	1408
5.07064	1293	181	208
5.07361	1294	183	1408
5.07649	1295	182	1408
5.08022	1296	181	208
5.08319	1297	184	1408
5.08894	1298	185	1408
5.08932	1299	183	208
5.0923	1300	186	1408
5.09852	1301	188	1408
5.0989	1302	185	208
5.10188	1303	187	1408
5.10475	1304	187	1408
5.10801	1305	187	208
5.11098	1306	189	1408
5.11721	1307	192	1408
5.11759	1308	189	208
5.12056	1309	191	1408
5.12344	1310	191	1408
5.12669	1311	190	208
5.12966	1312	193	1408
5.13254	1313	192	1408
5.13292	1314	189	208
5.13924	1315	195	1408
5.14212	1316	195	1408
5.14538	1317	193	208
5.14835	1318	196	1408
5.15122	1319	196	1408
5.15496	1320	193	208
5.15793	1321	196	1408
5.16368	1322	195	1408
5.16406	1323	193	208
5.16703	1324	196	1408
5.17326	1325	196	1408
5.17364	1326	193	208
5.17661	1327	196	1408
5.18236	1328	196	1408
5.1861	1329	194	208
5.18907	1330	197	1408
5.19194	1331	196	1408
5.1952	1332	193	208
5.19817	1333	196	1408
5.2044	1334	196	1408
5.20478	1335	193	208
5.20775	1336	196	1408
5.2135	1337	196	1408
5.21724	1338	193	208
5.22021	1339	196	1408
5.22596	1340	198	1408
5.22634	1341	193	208
5.22931	1342	196	1408
5.23554	1343	196	1408
5.23592	1344	193	208
5.23889	1345	196	1408
5.24464	1346	196	1408
5.24502	1347	190	208
5.248	1348	192	1408
5.25422	1349	196	1408
5.2546	1350	190	208
5.25758	1351	193	1408
5.26333	1352	193	1408
5.26706	1353	194	208
5.27003	1354	197	1408
5.27291	1355	192	1408
5.27616	1356	193	208
5.27914	1357	196	1408
5.28201	1358	193	1408
5.28574	1359	193	208
5.28872	1360	196	1408
5.29447	1361	196	1408
5.29485	1362	192	208
5.29782	1363	195	1408
5.30405	1364	197	1408
5.30443	1365	190	208
5.3074	1366	193	1408
5.31028	1367	193	1408
5.31353	1368	190	208
5.3165	1369	193	1408
5.32273	1370	196	1408
5.32311	1371	190	208
5.32608	1372	193	1408
5.33184	1373	192	1408
5.33222	1374	187	208
5.33566	1375	189	1408
5.34142	1376	189	1408
5.34467	1377	187	208
5.34764	1378	189	1408
5.35052	1379	186	1408
5.35425	1380	184	208
5.3601	1381	189	1408
5.36298	1382	186	1408
5.36671	1383	184	208
5.36968	1384	186	1408
5.37256	1385	183	1408
5.37581	1386	180	208
5.37878	1387	183	1408
5.38501	1388	184	1408
5.38827	1389	181	208
5.39124	1390	183	1408
5.39747	1391	183	1408
5.39785	1392	178	208
5.40082	1393	180	1408
5.40657	1394	180	1408
5.4103	1395	178	208
5.41615	1396	183	1408
5.41903	1397	181	1408
5.42276	1398	179	208
5.42573	1399	182	1408
5.42861	1400	180	1408
5.43186	1401	179	208
5.43484	1402	181	1408
5.43771	1403	180	1408
5.44144	1404	180	208
5.44442	1405	182	1408
5.44729	1406	181	1408
5.45055	1407	179	208
5.45352	1408	182	1408
5.4564	1409	180	1408
5.46013	1410	180	208
5.4631	1411	182	1408
5.46598	1412	180	1408
5.46923	1413	180	208
5.4722	1414	182	1408
5.47508	1415	181	1408
5.47881	1416	179	208
5.48178	1417	182	1408
5.48754	1418	183	1408
5.48792	1419	179	208
5.49089	1420	181	1408
5.49712	1421	184	1408
5.4975	1422	180	208
5.50047	1423	182	1408
5.50334	1424	181	1408
5.5066	1425	179	208
5.50957	1426	182	1408
5.5158	1427	183	1408
5.51618	1428	180	208
5.51915	1429	182	1408
5.5249	1430	183	1408
5.52528	1431	180	208
5.52826	1432	182	1408
5.53448	1433	184	1408
5.53774	1434	182	208
5.54071	1435	185	1408
5.54359	1436	183	1408
5.54732	1437	183	208
5.55029	1438	185	1408
5.55604	1439	187	1408
5.55642	1440	183	208
5.5594	1441	185	1408
5.56562	1442	187	1408
5.566	1443	183	208
5.56898	1444	185	1408
5.57473	1445	186	1408
5.57846	1446	186	208
5.58143	1447	189	1408
5.58431	1448	187	1408
5.58756	1449	186	208
5.59054	1450	188	1408
5.59676	1451	190	1408
5.59714	1452	187	208
5.60012	1453	189	1408
5.60587	1454	190	1408
5.6096	1455	189	208
5.61257	1456	192	1408
5.61545	1457	190	1408
5.6187	1458	189	208
5.62168	1459	191	1408
5.6279	1460	193	1408
5.62828	1461	190	208
5.63126	1462	192	1408
5.63701	1463	194	1408
5.63739	1464	189	208
5.64036	1465	192	1408
5.64659	1466	193	1408
5.64697	1467	189	208
5.64994	1468	191	1408
5.65569	1469	193	1408
5.65607	1470	190	208
5.65904	1471	192	1408
5.66527	1472	194	1408
5.66565	1473	189	208
5.66862	1474	192	1408
5.67438	1475	193	1408
5.67476	1476	189	208
5.67773	1477	191	1408
5.68396	1478	193	1408
5.68434	1479	190	208
5.69018	1480	195	1408
5.69306	1481	194	1408
5.69679	1482	192	208
5.69976	1483	195	1408
5.70264	1484	193	1408
5.70302	1485	190	208
5.70599	1486	191	1408
5.71174	1487	193	1408
5.71212	1488	190	208
5.71845	1489	195	1408
5.72132	1490	194	1408
5.72458	1491	192	208
5.72755	1492	195	1408
5.73043	1493	193	1408
5.73416	1494	193	208
5.73713	1495	195	1408
5.74001	1496	193	1408
5.74326	1497	192	208
5.74624	1498	195	1408
5.74911	1499	193	1408
5.75284	1500	192	208
5.75582	1501	194	1408
5.76157	1502	196	1408
5.76195	1503	192	208
5.76492	1504	194	1408
5.77115	1505	196	1408
5.77153	1506	192	208
5.7745	1507	195	1408
5.78025	1508	196	1408
5.78398	1509	193	208
5.78696	1510	196	1408
5.78983	1511	195	1408
5.79309	1512	193	208
5.79606	1513	196	1408
5.80229	1514	196	1408
5.80267	1515	192	208
5.80564	1516	195	1408
5.81139	1517	196	1408
5.81177	1518	192	208
5.8181	1519	198	1408
5.82097	1520	196	1408
5.82423	1521	193	208
5.8272	1522	196	1408
5.83343	1523	198	1408
5.83381	1524	193	208
5.83678	1525	196	1408
5.84253	1526	196	1408
5.84291	1527	192	208
5.84588	1528	195	1408
5.85211	1529	197	1408
5.85249	1530	190	208
5.85546	1531	193	1408
5.86122	1532	195	1408
5.8616	1533	190	208
5.86457	1534	193	1408
5.8708	1535	192	1408
5.87405	1536	192	208
5.87702	1537	195	1408
5.8799	1538	192	1408
5.88363	1539	192	208
5.8866	1540	194	1408
5.88948	1541	193	1408
5.89274	1542	192	208
5.89571	1543	194	1408
5.89858	1544	193	1408
5.90232	1545	192	208
5.90529	1546	195	1408
5.90816	1547	193	1408
5.91142	1548	192	208
5.91439	1549	194	1408
5.91727	1550	193	1408
5.921	1551	193	208
5.92397	1552	194	1408
5.92685	1553	192	1408
5.9301	1554	190	208
5.93308	1555	193	1408
5.9393	1556	195	1408
5.93968	1557	190	208
5.94266	1558	193	1408
5.94841	1559	194	1408
5.94879	1560	190	208
5.95176	1561	192	1408
5.95799	1562	194	1408
5.95837	1563	190	208
5.96134	1564	193	1408
5.96709	1565	195	1408
5.96747	1566	190	208
5.97044	1567	193	1408
5.97667	1568	194	1408
5.97705	1569	190	208
5.98002	1570	193	1408
5.98578	1571	194	1408
5.98951	1572	193	208
5.99248	1573	196	1408
5.99536	1574	194	1408
5.99861	1575	193	208
6.00158	1576	195	1408
6.00781	1577	196	1408
6.00819	1578	193	208
6.01116	1579	196	1408
6.01692	1580	195	1408
6.02065	1581	195	208
6.02362	1582	198	1408
6.0265	1583	196	1408
6.02975	1584	192	208
6.03272	1585	195	1408
6.03895	1586	197	1408
6.03933	1587	193	208
6.0423	1588	196	1408
6.04806	1589	196	1408
6.04844	1590	192	208
6.05141	1591	195	1408
6.05764	1592	196	1408
6.05802	1593	190	208
6.06099	1594	192	1408
6.06674	1595	194	1408
6.06712	1596	190	208
6.07009	1597	193	1408
6.07632	1598	193	1408
6.07958	1599	192	208
6.08255	1600	195	1408
6.08542	1601	193	1408
6.08916	1602	193	208
6.09213	1603	195	1408
6.095	1604	193	1408
6.09826	1605	192	208
6.10123	1606	195	1408
6.10411	1607	193	1408
6.10784	1608	192	208
6.11081	1609	194	1408
6.11369	1610	193	1408
6.11694	1611	189	208
6.11992	1612	192	1408
6.12614	1613	195	1408
6.12652	1614	190	208
6.1295	1615	193	1408
6.13525	1616	194	1408
6.13563	1617	190	208
6.14195	1618	195	1408
6.14483	1619	194	1408
6.14521	1620	190	208
6.14818	1621	193	1408
6.15393	1622	194	1408
6.15431	1623	190	208
6.15728	1624	193	1408
6.16351	1625	194	1408
6.16389	1626	189	208
6.16686	1627	192	1408
6.17262	1628	194	1408
6.173	1629	189	208
6.17597	1630	192	1408
6.1822	1631	193	1408
6.18545	1632	192	208
6.18842	1633	195	1408
6.1913	1634	193	1408
6.19503	1635	193	208
6.198	1636	195	1408
6.20088	1637	192	1408
6.20414	1638	192	208
6.20711	1639	195	1408
6.21334	1640	196	1408
6.21372	1641	192	208
6.21669	1642	194	1408
6.22244	1643	196	1408
6.22282	1644	192	208
6.22579	1645	194	1408
6.22867	1646	193	1408
6.22952	1647	187	208
6.2325	1648	190	1408
6.23825	1649	192	1408
6.2415	1650	190	208
6.24448	1651	193	1408
6.24783	1652	190	1408
6.24821	1653	187	208
6.25118	1654	190	1408
6.25981	1655	192	1408
6.26019	1656	187	208
6.26316	1657	190	1408
6.26651	1658	189	1408
6.26977	1659	187	208
6.27274	1660	190	1408
6.27849	1661	189	1408
6.27935	1662	186	208
6.28232	1663	189	1408
6.28807	1664	190	1408
6.29133	1665	189	208
6.2943	1666	191	1408
6.29718	1667	190	1408
6.29803	1668	187	208
6.301	1669	189	1408
6.30676	1670	190	1408
6.31001	1671	189	208
6.31298	1672	191	1408
6.31586	1673	189	1408
6.31959	1674	187	208
6.32256	1675	190	1408
6.32832	1676	192	1408
6.3287	1677	186	208
6.33167	1678	189	1408
6.33502	1679	189	1408
6.34115	1680	190	208
6.34412	1681	193	1408
6.347	1682	191	1408
6.34738	1683	187	208
6.35083	1684	189	1408
6.3537	1685	188	1408
6.35696	1686	186	208
6.35993	1687	189	1408
6.36568	1688	189	1408
6.36654	1689	186	208
6.36951	1690	189	1408
6.37239	1691	187	1408
6.37852	1692	186	208
6.38149	1693	189	1408
6.38484	1694	188	1408
6.38522	1695	184	208
6.3882	1696	187	1408
6.39395	1697	187	1408
6.3972	1698	187	208
6.40018	1699	189	1408
6.40353	1700	188	1408
6.40678	1701	187	208
6.40976	1702	189	1408
6.41551	1703	191	1408
6.41589	1704	186	208
6.41886	1705	189	1408
6.42221	1706	188	1408
6.42259	1707	184	208
6.42844	1708	189	1408
6.43132	1709	188	1408
6.43457	1710	186	208
6.43754	1711	189	1408
6.4409	1712	188	1408
6.44415	1713	187	208
6.44712	1714	190	1408
6.45	1715	187	1408
6.45326	1716	186	208
6.45623	1717	189	1408
6.45958	1718	187	1408
6.46284	1719	186	208
6.46581	1720	188	1408
6.47156	1721	190	1408
6.47194	1722	186	208
6.47539	1723	189	1408
6.48114	1724	191	1408
6.4844	1725	189	208
6.48737	1726	192	1408
6.49024	1727	190	1408
6.4911	1728	187	208
6.49407	1729	189	1408
6.49983	1730	190	1408
6.5002	1731	187	208
6.50605	1732	192	1408
6.50893	1733	190	1408
6.50978	1734	186	208
6.51276	1735	189	1408
6.51851	1736	190	1408
6.52176	1737	189	208
6.52474	1738	191	1408
6.52809	1739	190	1408
6.53134	1740	187	208
6.53432	1741	190	1408
6.54007	1742	192	1408
6.54092	1743	187	208
6.5439	1744	190	1408
6.54965	1745	191	1408
6.55003	1746	187	208
6.553	1747	190	1408
6.55875	1748	191	1408
6.55913	1749	187	208
6.5621	1750	190	1408
6.56833	1751	190	1408
6.56871	1752	186	208
6.57168	1753	189	1408
6.57744	1754	190	1408
6.58117	1755	187	208
6.58414	1756	190	1408
6.58702	1757	189	1408
6.59027	1758	187	208
6.59324	1759	190	1408
6.5966	1760	188	1408
6.59985	1761	187	208
6.60282	1762	189	1408
6.60858	1763	191	1408
6.60896	1764	187	208
6.61193	1765	189	1408
6.61528	1766	189	1408
6.61854	1767	187	208
6.62151	1768	190	1408
6.62726	1769	191	1408
6.62764	1770	187	208
6.63061	1771	189	1408
6.63396	1772	188	1408
6.63722	1773	187	208
6.64019	1774	190	1408
6.64594	1775	191	1408
6.64632	1776	187	208
6.6493	1777	190	1408
6.65265	1778	187	1408
6.6559	1779	186	208
6.65888	1780	189	1408
6.66463	1781	190	1408
6.66501	1782	187	208
6.66846	1783	189	1408
6.67421	1784	191	1408
6.67459	1785	187	208
6.68044	1786	192	1408
6.68331	1787	191	1408
6.68417	1788	187	208
6.68714	1789	190	1408
6.69289	1790	190	1408
6.69327	1791	187	208
6.69912	1792	192	1408
6.702	1793	190	1408
6.70285	1794	187	208
6.70582	1795	189	1408
6.71158	1796	190	1408
6.71196	1797	186	208
6.71493	1798	189	1408
6.72068	1799	189	1408
6.72441	1800	187	208
6.72738	1801	190	1408
6.73314	1802	192	1408
6.73352	1803	187	208
6.73649	1804	190	1408
6.74272	1805	191	1408
6.7431	1806	187	208
6.74607	1807	190	1408
6.75182	1808	191	1408
6.7522	1809	187	208
6.75517	1810	190	1408
6.75852	1811	188	1408
6.76178	1812	187	208
6.76475	1813	189	1408
6.7705	1814	191	1408
6.77088	1815	186	208
6.77386	1816	189	1408
6.78008	1817	190	1408
6.78334	1818	189	208
6.78631	1819	192	1408
6.78919	1820	190	1408
6.79004	1821	187	208
6.79589	1822	191	1408
6.79877	1823	190	1408
6.80202	1824	190	208
6.805	1825	191	1408
6.80835	1826	190	1408
6.8116	1827	189	208
6.81458	1828	192	1408
6.81745	1829	190	1408
6.82071	1830	186	208
6.82368	1831	189	1408
6.82703	1832	189	1408
6.83029	1833	187	208
6.83326	1834	190	1408
6.83901	1835	191	1408
6.83939	1836	187	208
6.84284	1837	189	1408
6.84572	1838	187	1408
6.84897	1839	186	208
6.85194	1840	189	1408
6.8577	1841	190	1408
6.85808	1842	187	208
6.86152	1843	189	1408
6.86728	1844	190	1408
6.87053	1845	189	208
6.8735	1846	192	1408
6.87638	1847	190	1408
6.87724	1848	187	208
6.88021	1849	189	1408
6.88596	1850	189	1408
6.88922	1851	189	208
6.89219	1852	192	1408
6.89506	1853	190	1408
6.89592	1854	186	208
6.89889	1855	188	1408
6.90464	1856	190	1408
6.90502	1857	187	208
6.91087	1858	191	1408
6.91375	1859	189	1408
6.9146	1860	184	208
6.91758	1861	187	1408
6.92333	1862	189	1408
6.92658	1863	187	208
6.92956	1864	190	1408
6.93291	1865	188	1408
6.93616	1866	187	208
6.93914	1867	190	1408
6.94489	1868	191	1408
6.94527	1869	187	208
6.94824	1870	190	1408
6.95159	1871	188	1408
6.95485	1872	187	208
6.95782	1873	189	1408
6.96357	1874	191	1408
6.96395	1875	186	208
6.96692	1876	189	1408
6.97028	1877	187	1408
6.97353	1878	186	208
6.9765	1879	189	1408
6.98226	1880	190	1408
6.98311	1881	187	208
6.98608	1882	189	1408
6.99184	1883	190	1408
6.99509	1884	190	208
6.99806	1885	192	1408
7.00094	1886	190	1408
7.00467	1887	189	208
7.00764	1888	192	1408
7.01052	1889	190	1408
7.01378	1890	189	208
7.01675	1891	191	1408
7.01962	1892	189	1408
7.02336	1893	187	208
7.02633	1894	190	1408
7.0292	1895	189	1408
7.03246	1896	187	208
7.03543	1897	190	1408
7.04166	1898	191	1408
7.04204	1899	187	208
7.04501	1900	190	1408
7.05076	1901	191	1408
7.05114	1902	187	208
7.05412	1903	190	1408
7.06034	1904	191	1408
7.06072	1905	187	208
7.0637	1906	189	1408
7.06945	1907	191	1408
7.0703	1908	187	208
7.07328	1909	190	1408
7.07903	1910	190	1408
7.08228	1911	189	208
7.08526	1912	192	1408
7.08813	1913	190	1408
7.08851	1914	186	208
7.09148	1915	188	1408
7.09436	1916	187	1408
7.09474	1917	183	208
7.09771	1918	185	1408
7.10059	1919	183	1408
7.10097	1920	177	208
7.10394	1921	180	1408
7.10682	1922	179	1408
7.1072	1923	175	208
7.11017	1924	178	1408
7.11304	1925	176	1408
7.1139	1926	171	208
7.11687	1927	174	1408
7.12262	1928	176	1408
7.123	1929	172	208
7.12598	1930	174	1408
7.13173	1931	175	1408
7.13258	1932	172	208
7.13556	1933	174	1408
7.14131	1934	176	1408
7.14169	1935	172	208
7.14466	1936	174	1408
7.15041	1937	176	1408
7.15127	1938	172	208
7.15424	1939	175	1408
7.15999	1940	175	1408
7.16037	1941	171	208
7.16334	1942	174	1408
7.1691	1943	175	1408
7.16995	1944	171	208
7.17292	1945	174	1408
7.17868	1946	175	1408
7.18193	1947	174	208
7.1849	1948	176	1408
7.18826	1949	175	1408
7.19151	1950	174	208
7.19448	1951	177	1408
7.19736	1952	175	1408
7.20062	1953	174	208
7.20359	1954	176	1408
7.20694	1955	174	1408
7.2102	1956	174	208
7.21317	1957	177	1408
7.21604	1958	175	1408
7.2193	1959	171	208
7.22227	1960	174	1408
7.2285	1961	176	1408
7.22888	1962	171	208
7.23185	1963	174	1408
7.2376	1964	175	1408
7.23846	1965	172	208
7.24431	1966	177	1408
7.24718	1967	176	1408
7.24756	1968	171	208
7.25054	1969	174	1408
7.25629	1970	176	1408
7.25714	1971	172	208
7.26012	1972	175	1408
7.26587	1973	174	1408
7.26912	1974	174	208
7.2721	1975	177	1408
7.27497	1976	174	1408
7.27535	1977	171	208
7.27832	1978	173	1408
7.2812	1979	171	1408
7.28158	1980	167	208
7.28455	1981	170	1408
7.28743	1982	168	1408
7.28781	1983	164	208
7.29126	1984	167	1408
7.29413	1985	165	1408
7.29739	1986	162	208
7.30036	1987	165	1408
7.30611	1988	167	1408
7.30697	1989	162	208
7.30994	1990	165	1408
7.31569	1991	166	1408
7.31607	1992	163	208
7.31904	1993	165	1408
7.3248	1994	166	1408
7.32518	1995	163	208
7.32815	1996	165	1408
7.33438	1997	167	1408
7.33476	1998	162	208
7.33773	1999	165	1408
7.34348	2000	166	1408
7.34386	2001	162	208
7.34731	2002	165	1408
7.35306	2003	167	1408
7.35344	2004	163	208
7.35641	2005	165	1408
7.36216	2006	167	1408
7.36302	2007	163	208
7.36599	2008	165	1408
7.37174	2009	166	1408
7.37212	2010	163	208
7.3751	2011	165	1408
7.38085	2012	166	1408
7.3817	2013	163	208
7.38468	2014	165	1408
7.39043	2015	167	1408
7.39081	2016	162	208
7.39378	2017	165	1408
7.39953	2018	166	1408
7.40326	2019	166	208
7.40624	2020	168	1408
7.40911	2021	167	1408
7.41237	2022	166	208
7.41534	2023	168	1408
7.42157	2024	170	1408
7.42195	2025	165	208
7.42492	2026	168	1408
7.4278	2027	166	1408
7.43105	2028	166	208
7.43402	2029	168	1408
7.43738	2030	167	1408
7.44063	2031	166	208
7.4436	2032	168	1408
7.44936	2033	170	1408
7.44974	2034	165	208
7.45271	2035	168	1408
7.45558	2036	166	1408
7.45596	2037	162	208
7.45894	2038	165	1408
7.46229	2039	164	1408
7.46267	2040	160	208
7.46564	2041	162	1408
7.47139	2042	164	1408
7.47177	2043	160	208
7.47474	2044	162	1408
7.4805	2045	164	1408
7.48135	2046	160	208
7.48432	2047	163	1408
7.49008	2048	164	1408
7.49046	2049	160	208
7.49343	2050	162	1408
7.49918	2051	164	1408
7.50004	2052	161	208
7.50301	2053	163	1408
7.50876	2054	164	1408
7.50914	2055	160	208
7.51211	2056	163	1408
7.51786	2057	163	1408
7.51872	2058	160	208
7.52169	2059	162	1408
7.52744	2060	164	1408
7.52782	2061	160	208
7.5308	2062	162	1408
7.53655	2063	164	1408
7.5374	2064	160	208
7.54038	2065	163	1408
7.54613	2066	164	1408
7.54651	2067	160	208
7.54948	2068	162	1408
7.55523	2069	164	1408
7.55609	2070	161	208
7.55906	2071	163	1408
7.56481	2072	164	1408
7.56519	2073	160	208
7.56816	2074	163	1408
7.57392	2075	163	1408
7.57765	2076	163	208
7.58062	2077	165	1408
7.5835	2078	164	1408
7.58675	2079	163	208
7.58972	2080	165	1408
7.5926	2081	164	1408
7.59633	2082	163	208
7.5993	2083	166	1408
7.60218	2084	164	1408
7.60544	2085	163	208
7.60841	2086	165	1408
7.61176	2087	164	1408
7.61502	2088	164	208
7.61799	2089	165	1408
7.62086	2090	164	1408
7.62412	2091	164	208
7.62709	2092	166	1408
7.62997	2093	164	1408
7.63082	2094	160	208
7.6338	2095	163	1408
7.63667	2096	161	1408
7.63993	2097	160	208
7.6429	2098	162	1408
7.64578	2099	161	1408
7.64903	2100	161	208
7.652	2101	163	1408
7.65488	2102	161	1408
7.65861	2103	160	208
7.66158	2104	163	1408
7.66446	2105	161	1408
7.66772	2106	160	208
7.67069	2107	162	1408
7.67356	2108	161	1408
7.6773	2109	161	208
7.68027	2110	163	1408
7.68314	2111	162	1408
7.6864	2112	160	208
7.68937	2113	163	1408
7.69225	2114	162	1408
7.69598	2115	160	208
7.69895	2116	163	1408
7.70183	2117	161	1408
7.70508	2118	161	208
7.70806	2119	163	1408
7.71141	2120	162	1408
7.71179	2121	158	208
7.71764	2122	163	1408
7.72051	2123	162	1408
7.72377	2124	160	208
7.72674	2125	163	1408
7.72962	2126	162	1408
7.73335	2127	161	208
7.73632	2128	164	1408
7.7392	2129	162	1408
7.74245	2130	161	208
7.74542	2131	164	1408
7.7483	2132	162	1408
7.75203	2133	162	208
7.755	2134	164	1408
7.75788	2135	162	1408
7.76114	2136	162	208
7.76411	2137	164	1408
7.76746	2138	163	1408
7.77072	2139	162	208
7.77369	2140	164	1408
7.77656	2141	163	1408
7.77982	2142	162	208
7.78279	2143	164	1408
7.78614	2144	164	1408
7.7894	2145	162	208
7.79237	2146	165	1408
7.79525	2147	163	1408
7.7985	2148	162	208
7.80148	2149	165	1408
7.80483	2150	163	1408
7.80521	2151	160	208
7.80818	2152	162	1408
7.81393	2153	163	1408
7.81431	2154	160	208
7.81728	2155	162	1408
7.82304	2156	164	1408
7.82342	2157	160	208
7.82639	2158	162	1408
7.82974	2159	161	1408
7.833	2160	160	208
7.83597	2161	162	1408
7.83884	2162	161	1408
7.8421	2163	160	208
7.84507	2164	163	1408
7.8513	2165	164	1408
7.85168	2166	160	208
7.85465	2167	163	1408
7.8604	2168	164	1408
7.86078	2169	160	208
7.86376	2170	162	1408
7.86998	2171	164	1408
7.87036	2172	161	208
7.87334	2173	163	1408
7.87621	2174	162	1408
7.87947	2175	161	208
7.88244	2176	163	1408
7.88579	2177	162	1408
7.88905	2178	162	208
7.89202	2179	164	1408
7.8949	2180	162	1408
7.89815	2181	161	208
7.90112	2182	164	1408
7.90448	2183	163	1408
7.90773	2184	161	208
7.9107	2185	164	1408
7.91358	2186	162	1408
7.91684	2187	161	208
7.91981	2188	163	1408
7.92316	2189	163	1408
7.92642	2190	162	208
7.92939	2191	164	1408
7.93226	2192	163	1408
7.93552	2193	162	208
7.93849	2194	164	1408
7.94184	2195	163	1408
7.9451	2196	163	208
7.94807	2197	165	1408
7.95095	2198	164	1408
7.9542	2199	164	208
7.95718	2200	167	1408
7.96005	2201	166	1408
7.96091	2202	163	208
7.96388	2203	165	1408
7.96963	2204	168	1408
7.97001	2205	165	208
7.97298	2206	167	1408
7.97874	2207	170	1408
7.97912	2208	167	208
7.98209	2209	170	1408
7.98544	2210	169	1408
7.98582	2211	166	208
7.98879	2212	168	1408
7.99454	2213	171	1408
7.99492	2214	167	208
7.9979	2215	170	1408
8.00365	2216	173	1408
8.00403	2217	170	208
8.007	2218	173	1408
8.01035	2219	172	1408
8.01073	2220	169	208
8.0137	2221	171	1408
8.01946	2222	174	1408
8.01984	2223	171	208
8.02281	2224	173	1408
8.02856	2225	176	1408
8.02894	2226	172	208
8.03191	2227	175	1408
8.03814	2228	178	1408
8.03852	2229	175	208
8.04149	2230	177	1408
8.04437	2231	177	1408
8.04762	2232	177	208
8.0506	2233	179	1408
8.05395	2234	179	1408
8.05721	2235	179	208
8.06018	2236	182	1408
8.06305	2237	181	1408
8.06343	2238	177	208
8.0664	2239	180	1408
8.07216	2240	183	1408
8.07254	2241	177	208
8.07551	2242	180	1408
8.08174	2243	180	1408
8.08212	2244	178	208
8.08509	2245	181	1408
8.09084	2246	180	1408
8.0917	2247	178	208
8.09467	2248	181	1408
8.10042	2249	180	1408
8.1008	2250	177	208
8.10377	2251	180	1408
8.10952	2252	182	1408
8.11038	2253	178	208
8.11335	2254	181	1408
8.11623	2255	181	1408
8.11948	2256	177	208
8.12246	2257	180	1408
8.12821	2258	183	1408
8.12859	2259	177	208
8.13156	2260	180	1408
8.13491	2261	180	1408
8.13817	2262	178	208
8.14114	2263	181	1408
8.14402	2264	181	1408
8.14727	2265	178	208
8.15024	2266	181	1408
8.1536	2267	180	1408
8.15685	2268	177	208
8.15982	2269	180	1408
8.1627	2270	180	1408
8.16596	2271	177	208
8.16893	2272	180	1408
8.1718	2273	180	1408
8.17266	2274	174	208
8.17563	2275	177	1408
8.18139	2276	177	1408
8.18176	2277	171	208
8.18474	2278	174	1408
8.19049	2279	174	1408
8.19135	2280	169	208
8.19432	2281	171	1408
8.20007	2282	172	1408
8.20045	2283	166	208
8.20342	2284	168	1408
8.20917	2285	169	1408
8.2129	2286	166	208
8.21588	2287	168	1408
8.21875	2288	166	1408
8.22201	2289	164	208
8.22498	2290	165	1408
8.22833	2291	164	1408
8.23159	2292	161	208
8.23456	2293	163	1408
8.23744	2294	161	1408
8.24069	2295	159	208
8.24366	2296	161	1408
8.24702	2297	159	1408
8.25027	2298	157	208
8.25324	2299	159	1408
8.259	2300	159	1408
8.25985	2301	154	208
8.26283	2302	156	1408
8.26858	2303	158	1408
8.26896	2304	154	208
8.27193	2305	157	1408
8.27768	2306	159	1408
8.27854	2307	155	208
8.28151	2308	158	1408
8.28438	2309	157	1408
8.28764	2310	156	208
8.29061	2311	158	1408
8.29636	2312	160	1408
8.29674	2313	156	208
8.29972	2314	158	1408
8.30307	2315	158	1408
8.30632	2316	157	208
8.3093	2317	159	1408
8.31217	2318	158	1408
8.31543	2319	157	208
8.3184	2320	160	1408
8.32128	2321	159	1408
8.32501	2322	158	208
8.32798	2323	160	1408
8.33086	2324	159	1408
8.33124	2325	156	208
8.33708	2326	161	1408
8.33996	2327	159	1408
8.34082	2328	156	208
8.34379	2329	158	1408
8.34954	2330	160	1408
8.34992	2331	156	208
8.35289	2332	159	1408
8.35864	2333	160	1408
8.35903	2334	157	208
8.362	2335	159	1408
8.36535	2336	159	1408
8.3686	2337	158	208
8.37158	2338	160	1408
8.37445	2339	159	1408
8.37771	2340	158	208
8.38068	2341	160	1408
8.38691	2342	162	1408
8.38729	2343	159	208
8.39026	2344	161	1408
8.39601	2345	163	1408
8.39687	2346	159	208
8.39984	2347	162	1408
8.40559	2348	164	1408
8.40597	2349	159	208
8.40895	2350	162	1408
8.41182	2351	161	1408
8.41508	2352	161	208
8.41805	2353	163	1408
8.4214	2354	162	1408
8.42466	2355	161	208
8.42763	2356	163	1408
8.43338	2357	165	1408
8.43376	2358	161	208
8.43673	2359	164	1408
8.44296	2360	166	1408
8.44334	2361	163	208
8.44631	2362	165	1408
8.45206	2363	167	1408
8.45245	2364	163	208
8.45542	2365	165	1408
8.45829	2366	164	1408
8.46202	2367	164	208
8.465	2368	166	1408
8.46787	2369	164	1408
8.47113	2370	164	208
8.4741	2371	167	1408
8.47698	2372	165	1408
8.47736	2373	162	208
8.48368	2374	167	1408
8.48656	2375	166	1408
8.48694	2376	162	208
8.48991	2377	164	1408
8.49566	2378	166	1408
8.49604	2379	163	208
8.49901	2380	166	1408
8.50524	2381	168	1408
8.50562	2382	163	208
8.50859	2383	166	1408
8.51435	2384	168	1408
8.51472	2385	164	208
8.5177	2386	166	1408
8.52057	2387	165	1408
8.5243	2388	165	208
8.52728	2389	167	1408
8.53015	2390	166	1408
8.53341	2391	165	208
8.53638	2392	168	1408
8.53926	2393	167	1408
8.53964	2394	163	208
8.54261	2395	165	1408
8.54884	2396	167	1408
8.54922	2397	164	208
8.55219	2398	166	1408
8.55794	2399	167	1408
8.56167	2400	167	208
8.56464	2401	169	1408
8.56752	2402	168	1408
8.57078	2403	167	208
8.57375	2404	170	1408
8.57662	2405	169	1408
8.577	2406	166	208
8.57998	2407	167	1408
8.5862	2408	170	1408
8.58659	2409	166	208
8.58956	2410	168	1408
8.59531	2411	170	1408
8.59569	2412	166	208
8.59866	2413	169	1408
8.60489	2414	170	1408
8.60527	2415	167	208
8.60824	2416	170	1408
8.61399	2417	171	1408
8.61437	2418	168	208
8.61734	2419	170	1408
8.62357	2420	172	1408
8.62395	2421	168	208
8.62692	2422	170	1408
8.63268	2423	172	1408
8.63306	2424	169	208
8.63603	2425	172	1408
8.6389	2426	170	1408
8.64264	2427	170	208
8.64561	2428	172	1408
8.64849	2429	171	1408
8.65174	2430	170	208
8.65471	2431	172	1408
8.65759	2432	171	1408
8.65797	2433	167	208
8.66429	2434	173	1408
8.66717	2435	172	1408
8.66755	2436	168	208
8.67052	2437	171	1408
8.67627	2438	173	1408
8.67665	2439	169	208
8.67962	2440	171	1408
8.6825	2441	170	1408
8.68623	2442	170	208
8.68921	2443	172	1408
8.69208	2444	171	1408
8.69534	2445	170	208
8.69831	2446	173	1408
8.70119	2447	171	1408
8.70492	2448	170	208
8.70789	2449	173	1408
8.71076	2450	172	1408
8.71114	2451	169	208
8.71412	2452	171	1408
8.71987	2453	172	1408
8.72025	2454	169	208
8.72322	2455	171	1408
8.72945	2456	173	1408
8.72983	2457	169	208
8.7328	2458	172	1408
8.73568	2459	171	1408
8.73893	2460	169	208
8.74191	2461	172	1408
8.74813	2462	175	1408
8.74851	2463	171	208
8.75148	2464	173	1408
8.75724	2465	175	1408
8.75762	2466	171	208
8.76059	2467	173	1408
8.76346	2468	172	1408
8.7672	2469	172	208
8.77017	2470	175	1408
8.77304	2471	174	1408
8.7763	2472	173	208
8.77927	2473	175	1408
8.78215	2474	174	1408
8.78588	2475	171	208
8.78885	2476	174	1408
8.79173	2477	173	1408
8.79498	2478	171	208
8.79796	2479	174	1408
8.80083	2480	173	1408
8.80169	2481	170	208
8.80754	2482	175	1408
8.81041	2483	174	1408
8.81079	2484	170	208
8.81664	2485	175	1408
8.81952	2486	174	1408
8.8199	2487	170	208
8.82287	2488	173	1408
8.8291	2489	175	1408
8.82948	2490	171	208
8.83245	2491	174	1408
8.8382	2492	174	1408
8.83858	2493	170	208
8.84155	2494	173	1408
8.84778	2495	174	1408
8.84816	2496	171	208
8.85113	2497	174	1408
8.85401	2498	172	1408
8.85726	2499	171	208
8.86024	2500	174	1408
8.86311	2501	173	1408
8.86349	2502	168	208
8.86646	2503	171	1408
8.86934	2504	170	1408
8.86972	2505	165	208
8.87269	2506	168	1408
8.87557	2507	167	1408
8.87595	2508	161	208
8.87892	2509	164	1408
8.88227	2510	164	1408
8.88265	2511	160	208
8.88562	2512	162	1408
8.89138	2513	164	1408
8.89176	2514	160	208
8.89473	2515	162	1408
8.90048	2516	164	1408
8.90086	2517	160	208
8.90383	2518	163	1408
8.90718	2519	163	1408
8.90757	2520	159	208
8.91341	2521	164	1408
8.91629	2522	163	1408
8.91955	2523	162	208
8.92252	2524	164	1408
8.92539	2525	163	1408
8.92912	2526	163	208
8.9321	2527	166	1408
8.93497	2528	163	1408
8.93823	2529	163	208
8.9412	2530	166	1408
8.94408	2531	165	1408
8.94493	2532	161	208
8.9479	2533	163	1408
8.95366	2534	165	1408
8.95404	2535	162	208
8.95701	2536	164	1408
8.96276	2537	164	1408
8.96314	2538	161	208
8.96659	2539	164	1408
8.97234	2540	165	1408
8.97272	2541	161	208
8.97569	2542	164	1408
8.98144	2543	166	1408
8.98182	2544	161	208
8.9848	2545	164	1408
8.99102	2546	167	1408
8.9914	2547	162	208
8.99438	2548	165	1408
8.99725	2549	164	1408
9.00051	2550	162	208
9.00348	2551	165	1408
9.00683	2552	164	1408
9.01009	2553	162	208
9.01306	2554	165	1408
9.01594	2555	163	1408
9.01919	2556	162	208
9.02216	2557	165	1408
9.02552	2558	164	1408
9.0259	2559	159	208
9.02887	2560	162	1408
9.03462	2561	164	1408
9.035	2562	161	208
9.03797	2563	162	1408
9.04085	2564	161	1408
9.04123	2565	158	208
9.0442	2566	160	1408
9.04708	2567	159	1408
9.05033	2568	158	208
9.0533	2569	161	1408
9.05618	2570	159	1408
9.05704	2571	156	208
9.06001	2572	159	1408
9.06288	2573	157	1408
9.06614	2574	156	208
9.06911	2575	159	1408
9.07199	2576	157	1408
9.07524	2577	157	208
9.07822	2578	159	1408
9.08157	2579	158	1408
9.08195	2580	154	208
9.08492	2581	156	1408
9.09067	2582	158	1408
9.09105	2583	155	208
9.09402	2584	158	1408
9.09978	2585	159	1408
9.10016	2586	156	208
9.1036	2587	158	1408
9.10936	2588	160	1408
9.10974	2589	156	208
9.11271	2590	158	1408
9.11846	2591	160	1408
9.11884	2592	156	208
9.12181	2593	159	1408
9.12516	2594	158	1408
9.12842	2595	157	208
9.13139	2596	160	1408
9.13427	2597	159	1408
9.13752	2598	158	208
9.1405	2599	160	1408
9.14337	2600	159	1408
9.14423	2601	156	208
9.15008	2602	161	1408
9.15295	2603	159	1408
9.15621	2604	159	208
9.15918	2605	162	1408
9.16206	2606	161	1408
9.16291	2607	156	208
9.16588	2608	159	1408
9.16876	2609	158	1408
9.17202	2610	158	208
9.17499	2611	159	1408
9.18074	2612	161	1408
9.18112	2613	158	208
9.18409	2614	160	1408
9.18744	2615	159	1408
9.1907	2616	158	208
9.19367	2617	161	1408
9.19942	2618	163	1408
9.1998	2619	159	208
9.20278	2620	161	1408
9.20613	2621	161	1408
9.20651	2622	157	208
9.20948	2623	159	1408
9.21236	2624	158	1408
9.21274	2625	154	208
9.21571	2626	156	1408
9.22146	2627	158	1408
9.22184	2628	154	208
9.22481	2629	157	1408
9.23057	2630	159	1408
9.23094	2631	155	208
9.23439	2632	158	1408
9.23727	2633	157	1408
9.23765	2634	153	208
9.2435	2635	158	1408
9.24637	2636	157	1408
9.24963	2637	156	208
9.2526	2638	159	1408
9.25548	2639	158	1408
9.25633	2640	154	208
9.25931	2641	157	1408
9.26218	2642	156	1408
9.26544	2643	155	208
9.26841	2644	157	1408
9.27416	2645	159	1408
9.27454	2646	155	208
9.27751	2647	157	1408
9.28086	2648	156	1408
9.28412	2649	156	208
9.28709	2650	159	1408
9.28997	2651	157	1408
9.29322	2652	157	208
9.2962	2653	159	1408
9.29955	2654	158	1408
9.29993	2655	154	208
9.3029	2656	156	1408
9.30865	2657	158	1408
9.30903	2658	155	208
9.31201	2659	157	1408
9.31776	2660	158	1408
9.31861	2661	155	208
9.32158	2662	158	1408
9.32734	2663	160	1408
9.32772	2664	156	208
9.33069	2665	158	1408
9.33644	2666	160	1408
9.33682	2667	156	208
9.33979	2668	158	1408
9.34314	2669	158	1408
9.3464	2670	157	208
9.34937	2671	160	1408
9.35225	2672	158	1408
9.3555	2673	157	208
9.35848	2674	160	1408
9.36135	2675	159	1408
9.36221	2676	156	208
9.36806	2677	161	1408
9.37093	2678	159	1408
9.37419	2679	159	208
9.37716	2680	161	1408
9.38004	2681	160	1408
9.38042	2682	156	208
9.38339	2683	159	1408
9.38626	2684	158	1408
9.38712	2685	155	208
9.39009	2686	157	1408
9.39297	2687	155	1408
9.39622	2688	155	208
9.3992	2689	157	1408
9.40495	2690	158	1408
9.40533	2691	155	208
9.4083	2692	158	1408
9.41165	2693	156	1408
9.41491	2694	155	208
9.41788	2695	158	1408
9.42076	2696	157	1408
9.42114	2697	154	208
9.42698	2698	158	1408
9.42986	2699	157	1408
9.43072	2700	154	208
9.43369	2701	157	1408
9.43656	2702	155	1408
9.43982	2703	154	208
9.44279	2704	157	1408
9.44567	2705	156	1408
9.44893	2706	155	208
9.4519	2707	157	1408
9.45525	2708	157	1408
9.45563	2709	153	208
9.4586	2710	156	1408
9.46435	2711	158	1408
9.46473	2712	154	208
9.47058	2713	159	1408
9.47346	2714	158	1408
9.47431	2715	155	208
9.47728	2716	158	1408
9.48016	2717	157	1408
9.48342	2718	156	208
9.48639	2719	158	1408
9.49214	2720	160	1408
9.49252	2721	156	208
9.49549	2722	158	1408
9.49885	2723	157	1408
9.5021	2724	157	208
9.50507	2725	160	1408
9.50795	2726	158	1408
9.5112	2727	158	208
9.51418	2728	160	1408
9.51705	2729	159	1408
9.51791	2730	155	208
9.52088	2731	158	1408
9.52663	2732	160	1408
9.52701	2733	157	208
9.52998	2734	158	1408
9.53574	2735	160	1408
9.53612	2736	157	208
9.53909	2737	160	1408
9.54244	2738	159	1408
9.5457	2739	158	208
9.54867	2740	160	1408
9.55155	2741	159	1408
9.55192	2742	155	208
9.55777	2743	160	1408
9.56065	2744	159	1408
9.56103	2745	156	208
9.564	2746	159	1408
9.56735	2747	158	1408
9.57061	2748	157	208
9.57358	2749	159	1408
9.57646	2750	158	1408
9.57971	2751	157	208
9.58268	2752	160	1408
9.58556	2753	159	1408
9.58642	2754	156	208
9.58939	2755	158	1408
9.59514	2756	160	1408
9.59552	2757	156	208
9.59849	2758	158	1408
9.60425	2759	160	1408
9.60462	2760	156	208
9.6076	2761	159	1408
9.61095	2762	158	1408
9.61133	2763	155	208
9.6143	2764	157	1408
9.62005	2765	159	1408
9.62043	2766	155	208
9.6234	2767	158	1408
9.62916	2768	160	1408
9.62954	2769	156	208
9.63251	2770	158	1408
9.63874	2771	160	1408
9.63912	2772	157	208
9.64209	2773	160	1408
9.64784	2774	161	1408
9.64822	2775	158	208
9.65119	2776	160	1408
9.65454	2777	159	1408
9.65492	2778	155	208
9.66077	2779	160	1408
9.66365	2780	159	1408
9.6669	2781	158	208
9.66988	2782	161	1408
9.67275	2783	160	1408
9.67361	2784	157	208
9.67658	2785	159	1408
9.68233	2786	161	1408
9.68271	2787	157	208
9.68569	2788	160	1408
9.69144	2789	162	1408
9.69182	2790	158	208
9.69479	2791	160	1408
9.69814	2792	160	1408
9.69852	2793	156	208
9.70437	2794	161	1408
9.70724	2795	160	1408
9.7105	2796	159	208
9.71347	2797	162	1408
9.71635	2798	161	1408
9.71721	2799	158	208
9.72018	2800	160	1408
9.72305	2801	159	1408
9.72631	2802	158	208
9.72928	2803	161	1408
9.73216	2804	160	1408
9.73541	2805	159	208
9.73839	2806	161	1408
9.74126	2807	160	1408
9.74212	2808	157	208
9.74509	2809	160	1408
9.74796	2810	158	1408
9.75122	2811	158	208
9.75419	2812	160	1408
9.75994	2813	161	1408
9.76032	2814	158	208
9.7633	2815	160	1408
9.76665	2816	159	1408
9.76703	2817	156	208
9.77	2818	159	1408
9.77575	2819	160	1408
9.77901	2820	160	208
9.78198	2821	161	1408
9.78486	2822	160	1408
9.78571	2823	157	208
9.78868	2824	160	1408
9.79156	2825	159	1408
9.79482	2826	158	208
9.79779	2827	160	1408
9.80066	2828	159	1408
9.80392	2829	158	208
9.80689	2830	161	1408
9.80977	2831	160	1408
9.81063	2832	157	208
9.8136	2833	159	1408
9.81935	2834	161	1408
9.81973	2835	157	208
9.8227	2836	160	1408
9.82845	2837	162	1408
9.82883	2838	158	208
9.83181	2839	160	1408
9.83516	2840	160	1408
9.83841	2841	159	208
9.84138	2842	162	1408
9.84426	2843	161	1408
9.84752	2844	160	208
9.85049	2845	162	1408
9.85336	2846	161	1408
9.85422	2847	158	208
9.85719	2848	161	1408
9.86294	2849	162	1408
9.86333	2850	159	208
9.8663	2851	161	1408
9.87205	2852	163	1408
9.87243	2853	159	208
9.8754	2854	162	1408
9.87875	2855	161	1408
9.88201	2856	161	208
9.88498	2857	162	1408
9.88786	2858	161	1408
9.89111	2859	162	208
9.89408	2860	164	1408
9.89696	2861	162	1408
9.89782	2862	159	208
9.90079	2863	162	1408
9.90366	2864	161	1408
9.90692	2865	160	208
9.90989	2866	162	1408
9.91277	2867	161	1408
9.91603	2868	161	208
9.919	2869	163	1408
9.92187	2870	162	1408
9.92273	2871	159	208
9.9257	2872	161	1408
9.93145	2873	163	1408
9.93183	2874	159	208
9.9348	2875	162	1408
9.94056	2876	164	1408
9.94094	2877	160	208
9.94391	2878	162	1408
9.94726	2879	162	1408
9.95052	2880	161	208
9.95349	2881	164	1408
9.95636	2882	163	1408
9.95962	2883	162	208
9.96259	2884	164	1408
9.96547	2885	163	1408
9.96632	2886	160	208
9.9693	2887	163	1408
9.97217	2888	162	1408
9.97543	2889	161	208
9.9784	2890	163	1408
9.98128	2891	162	1408
9.98453	2892	161	208
9.9875	2893	164	1408
9.99038	2894	163	1408
9.99124	2895	159	208
9.99421	2896	162	1408
9.99996	2897	163	1408
10.0003	2898	160	208
10.0033	2899	162	1408
10.0091	2900	165	1408
10.0094	2901	161	208
10.0129	2902	163	1408
10.0158	2903	162	1408
10.019	2904	162	208
10.022	2905	164	1408
10.0249	2906	163	1408
10.0281	2907	163	208
10.0311	2908	165	1408
10.0345	2909	164	1408
10.0348	2910	160	208
10.0378	2911	163	1408
10.0407	2912	162	1408
10.0439	2913	161	208
10.0469	2914	163	1408
10.0527	2915	165	1408
10.053	2916	162	208
10.056	2917	165	1408
10.0594	2918	164	1408
10.0597	2919	159	208
10.0627	2920	162	1408
10.0685	2921	164	1408
10.0717	2922	163	208
10.0747	2923	165	1408
10.0776	2924	164	1408
10.078	2925	161	208
10.0814	2926	164	1408
10.0843	2927	162	1408
10.0847	2928	159	208
10.0905	2929	164	1408
10.0934	2930	163	1408
10.0966	2931	161	208
10.0996	2932	164	1408
10.103	2933	163	1408
10.1033	2934	159	208
10.1063	2935	162	1408
10.1121	2936	164	1408
10.1124	2937	160	208
10.1154	2938	162	1408
10.1212	2939	165	1408
10.122	2940	162	208
10.125	2941	163	1408
10.1279	2942	162	1408
10.1283	2943	159	208
10.1312	2944	162	1408
10.137	2945	163	1408
10.1402	2946	163	208
10.1432	2947	165	1408
10.1461	2948	164	1408
10.1469	2949	160	208
10.1499	2950	163	1408
10.1528	2951	162	1408
10.1532	2952	159	208
10.159	2953	164	1408
10.1619	2954	162	1408
10.1651	2955	162	208
10.1681	2956	165	1408
10.1715	2957	164	1408
10.1718	2958	159	208
10.1748	2959	162	1408
10.1806	2960	164	1408
10.181	2961	160	208
10.1839	2962	162	1408
10.1868	2963	162	1408
10.1901	2964	162	208
10.193	2965	164	1408
10.1959	2966	162	1408
10.1963	2967	159	208
10.1993	2968	162	1408
10.2055	2969	164	1408
10.2059	2970	160	208
10.2088	2971	162	1408
10.2146	2972	164	1408
10.215	2973	160	208
10.2179	2974	163	1408
10.2208	2975	161	1408
10.2245	2976	162	208
10.2275	2977	164	1408
10.2304	2978	163	1408
10.2308	2979	158	208
10.2337	2980	161	1408
10.2395	2981	163	1408
10.2399	2982	158	208
10.2429	2983	161	1408
10.2457	2984	160	1408
10.2461	2985	157	208
10.2491	2986	159	1408
10.252	2987	158	1408
10.2523	2988	155	208
10.2558	2989	157	1408
10.2615	2990	159	1408
10.2619	2991	155	208
10.2649	2992	158	1408
10.2706	2993	160	1408
10.271	2994	157	208
10.274	2995	158	1408
10.2773	2996	158	1408
10.2806	2997	157	208
10.2836	2998	160	1408
10.2864	2999	159	1408
10.2897	3000	158	208
10.2927	3001	160	1408
10.2956	3002	159	1408
10.2959	3003	155	208
10.2989	3004	158	1408
10.3023	3005	158	1408
10.3055	3006	157	208
10.3085	3007	159	1408
10.3114	3008	158	1408
10.3146	3009	157	208
10.3176	3010	160	1408
10.3205	3011	159	1408
10.3208	3012	155	208
10.3243	3013	158	1408
10.33	3014	160	1408
10.3304	3015	156	208
10.3334	3016	159	1408
10.3391	3017	161	1408
10.3395	3018	157	208
10.3425	3019	159	1408
10.3454	3020	158	1408
10.3491	3021	158	208
10.3521	3022	161	1408
10.355	3023	159	1408
10.3553	3024	156	208
10.3612	3025	161	1408
10.3641	3026	161	1408
10.3644	3027	157	208
10.3674	3028	159	1408
10.3708	3029	158	1408
10.374	3030	158	208
10.377	3031	160	1408
10.3799	3032	159	1408
10.3831	3033	159	208
10.3861	3034	161	1408
10.389	3035	159	1408
10.3894	3036	156	208
10.3923	3037	159	1408
10.3986	3038	161	1408
10.3989	3039	157	208
10.4019	3040	159	1408
10.4048	3041	158	1408
10.408	3042	158	208
10.411	3043	161	1408
10.4139	3044	159	1408
10.4143	3045	156	208
10.4172	3046	158	1408
10.4201	3047	157	1408
10.4205	3048	153	208
10.4235	3049	156	1408
10.4297	3050	158	1408
10.4301	3051	155	208
10.433	3052	157	1408
10.4388	3053	158	1408
10.4392	3054	155	208
10.4421	3055	158	1408
10.445	3056	157	1408
10.4488	3057	156	208
10.4517	3058	158	1408
10.4546	3059	157	1408
10.4579	3060	156	208
10.4608	3061	159	1408
10.4637	3062	159	1408
10.4641	3063	157	208
10.4671	3064	159	1408
10.4699	3065	158	1408
10.4703	3066	156	208
10.4738	3067	158	1408
10.4795	3068	161	1408
10.4799	3069	158	208
10.4829	3070	161	1408
10.4857	3071	161	1408
10.489	3072	161	208
10.492	3073	163	1408
10.4948	3074	163	1408
10.4952	3075	161	208
10.4982	3076	163	1408
10.5044	3077	166	1408
10.5048	3078	163	208
10.5078	3079	165	1408
10.5107	3080	165	1408
10.5139	3081	165	208
10.5169	3082	168	1408
10.5198	3083	168	1408
10.5201	3084	165	208
10.5231	3085	168	1408
10.526	3086	167	1408
10.5297	3087	168	208
10.5327	3088	170	1408
10.5356	3089	170	1408
10.5388	3090	170	208
10.5418	3091	172	1408
10.5447	3092	172	1408
10.5451	3093	170	208
10.548	3094	173	1408
10.5509	3095	170	1408
10.5513	3096	168	208
10.5543	3097	171	1408
10.5605	3098	171	1408
10.5609	3099	168	208
10.5638	3100	171	1408
10.5696	3101	174	1408
10.57	3102	167	208
10.5729	3103	170	1408
10.5758	3104	170	1408
10.5795	3105	168	208
10.5825	3106	171	1408
10.5854	3107	171	1408
10.5858	3108	168	208
10.5916	3109	173	1408
10.5945	3110	173	1408
10.5949	3111	167	208
10.5978	3112	170	1408
10.6007	3113	170	1408
10.6011	3114	168	208
10.6041	3115	168	1408
10.6103	3116	171	1408
10.6107	3117	168	208
10.6137	3118	171	1408
10.6194	3119	171	1408
10.6198	3120	168	208
10.6228	3121	170	1408
10.6256	3122	170	1408
10.626	3123	168	208
10.6323	3124	171	1408
10.6352	3125	171	1408
10.6356	3126	168	208
10.6386	3127	171	1408
10.6443	3128	174	1408
10.6447	3129	171	208
10.6477	3130	173	1408
10.6505	3131	171	1408
10.6509	3132	168	208
10.6539	3133	170	1408
10.6601	3134	172	1408
10.6605	3135	169	208
10.6635	3136	171	1408
10.6664	3137	171	1408
10.6696	3138	171	208
10.6726	3139	171	1408
10.6755	3140	171	1408
10.6758	3141	168	208
10.6788	3142	171	1408
10.685	3143	173	1408
10.6854	3144	167	208
10.6884	3145	170	1408
10.6913	3146	168	1408
10.6945	3147	165	208
10.6975	3148	168	1408
10.7004	3149	165	1408
10.7012	3150	161	208
10.7042	3151	164	1408
10.71	3152	163	1408
10.7132	3153	162	208
10.7162	3154	165	1408
10.7191	3155	162	1408
10.7194	3156	157	208
10.7224	3157	159	1408
10.7286	3158	160	1408
10.729	3159	156	208
10.732	3160	157	1408
10.7377	3161	158	1408
10.7381	3162	154	208
10.7411	3163	157	1408
10.7473	3164	157	1408
10.7477	3165	152	208
10.7507	3166	155	1408
10.7564	3167	155	1408
10.7568	3168	150	208
10.7598	3169	153	1408
10.7627	3170	151	1408
10.7851	3171	85	208
10.788	3172	88	1408
10.7909	3173	86	1408
10.7942	3174	84	208
10.7971	3175	87	1408
10.8	3176	86	1408
10.8038	3177	85	208
10.8067	3178	88	1408
10.8096	3179	87	1408
10.81	3180	83	208
10.813	3181	86	1408
10.8187	3182	88	1408
10.8191	3183	85	208
10.8221	3184	87	1408
10.8254	3185	87	1408
10.8287	3186	86	208
10.8316	3187	88	1408
10.8345	3188	87	1408
10.8378	3189	87	208
10.8407	3190	89	1408
10.8436	3191	88	1408
10.8473	3192	87	208
10.8503	3193	90	1408
10.8532	3194	87	1408
10.8565	3195	87	208
10.8594	3196	87	1408
10.8657	3197	87	1408
10.866	3198	84	208
10.869	3199	87	1408
10.8748	3200	87	1408
10.8751	3201	84	208
10.8781	3202	87	1408
10.8815	3203	84	1408
10.8847	3204	84	208
10.8877	3205	86	1408
10.8906	3206	84	1408
10.8938	3207	81	208
10.8968	3208	84	1408
10.9253	3209	53	1408
10.926	3210	51	208
10.9296	3211	53	1408
10.9358	3212	54	1408
10.9362	3213	52	208
10.9392	3214	54	1408
10.9449	3215	54	1408
10.9453	3216	52	208
10.9483	3217	54	1408
10.9545	3218	54	1408
10.9549	3219	51	208
10.9579	3220	53	1408
10.9636	3221	55	1408
10.964	3222	53	208
10.967	3223	54	1408
10.9699	3224	53	1408
10.9736	3225	54	208
10.9766	3226	56	1408
10.9794	3227	55	1408
10.9798	3228	52	208
10.9857	3229	57	1408
10.9885	3230	56	1408
10.9889	3231	53	208
10.9924	3232	56	1408
10.9981	3233	58	1408
10.9985	3234	55	208
11.0015	3235	57	1408
11.0072	3236	59	1408
11.0076	3237	55	208
11.0106	3238	58	1408
11.0139	3239	57	1408
11.0172	3240	57	208
11.0202	3241	60	1408
11.023	3242	59	1408
11.0263	3243	58	208
11.0293	3244	61	1408
11.0321	3245	60	1408
11.0325	3246	56	208
11.0355	3247	59	1408
11.0417	3248	61	1408
11.045	3249	60	208
11.0479	3250	63	1408
11.0508	3251	62	1408
11.0517	3252	59	208
11.0575	3253	65	1408
11.0604	3254	64	1408
11.0637	3255	63	208
11.0666	3256	66	1408
11.0695	3257	65	1408
11.0732	3258	65	208
11.0762	3259	68	1408
11.0791	3260	67	1408
11.0823	3261	66	208
11.0853	3262	69	1408
11.0882	3263	68	1408
11.0919	3264	67	208
11.0949	3265	70	1408
11.0978	3266	69	1408
11.101	3267	69	208
11.104	3268	71	1408
11.1102	3269	74	1408
11.1106	3270	70	208
11.1136	3271	72	1408
11.1193	3272	75	1408
11.1197	3273	71	208
11.1227	3274	73	1408
11.1289	3275	76	1408
11.1293	3276	73	208
11.1323	3277	75	1408
11.138	3278	78	1408
11.1384	3279	74	208
11.1414	3280	76	1408
11.1476	3281	79	1408
11.148	3282	75	208
11.1509	3283	77	1408
11.1567	3284	80	1408
11.1571	3285	77	208
11.1605	3286	79	1408
11.1663	3287	81	1408
11.1667	3288	78	208
11.1725	3289	83	1408
11.1754	3290	82	1408
11.1791	3291	83	208
11.1821	3292	85	1408
11.185	3293	83	1408
11.1882	3294	84	208
11.1912	3295	86	1408
11.1945	3296	85	1408
11.1978	3297	85	208
11.2008	3298	87	1408
11.2065	3299	89	1408
11.2069	3300	86	208
11.2099	3301	88	1408
11.2161	3302	91	1408
11.2165	3303	87	208
11.2195	3304	90	1408
11.2252	3305	92	1408
11.2256	3306	88	208
11.2286	3307	91	1408
11.2348	3308	93	1408
11.238	3309	93	208
11.241	3310	96	1408
11.2439	3311	94	1408
11.2447	3312	91	208
11.2477	3313	94	1408
11.2535	3314	96	1408
11.2567	3315	95	208
11.2597	3316	98	1408
11.2626	3317	97	1408
11.2663	3318	97	208
11.2693	3319	100	1408
11.275	3320	102	1408
11.2754	3321	98	208
11.2784	3322	101	1408
11.2817	3323	100	1408
11.285	3324	99	208
11.288	3325	102	1408
11.2937	3326	104	1408
11.2941	3327	101	208
11.2971	3328	104	1408
11.3033	3329	106	1408
11.3037	3330	102	208
11.3066	3331	105	1408
11.3124	3332	107	1408
11.3161	3333	107	208
11.3191	3334	109	1408
11.322	3335	108	1408
11.3252	3336	108	208
11.3282	3337	110	1408
11.3316	3338	110	1408
11.3348	3339	109	208
11.3378	3340	111	1408
11.3435	3341	114	1408
11.3439	3342	110	208
11.3469	3343	112	1408
11.3531	3344	116	1408
11.3535	3345	112	208
11.3593	3346	117	1408
11.3622	3347	117	1408
11.366	3348	116	208
11.3689	3349	118	1408
11.3718	3350	118	1408
11.3751	3351	118	208
11.378	3352	120	1408
11.3814	3353	119	1408
11.3846	3354	119	208
11.3876	3355	121	1408
11.3934	3356	123	1408
11.3937	3357	120	208
11.3967	3358	122	1408
11.4029	3359	124	1408
11.4033	3360	122	208
11.4063	3361	124	1408
11.412	3362	126	1408
11.4124	3363	123	208
11.4159	3364	125	1408
11.4216	3365	127	1408
11.4249	3366	127	208
11.4279	3367	129	1408
11.4307	3368	128	1408
11.4345	3369	129	208
11.4374	3370	131	1408
11.4432	3371	133	1408
11.4436	3372	129	208
11.4465	3373	132	1408
11.4528	3374	134	1408
11.4531	3375	131	208
11.4561	3376	134	1408
11.4619	3377	135	1408
11.4627	3378	132	208
11.4657	3379	135	1408
11.4715	3380	137	1408
11.4747	3381	136	208
11.4777	3382	139	1408
11.4806	3383	138	1408
11.4843	3384	138	208
11.4873	3385	141	1408
11.4901	3386	140	1408
11.4934	3387	139	208
11.4964	3388	142	1408
11.5026	3389	144	1408
11.503	3390	140	208
11.5059	3391	143	1408
11.5117	3392	145	1408
11.5126	3393	142	208
11.5155	3394	145	1408
11.5213	3395	147	1408
11.5245	3396	146	208
11.5275	3397	149	1408
11.5309	3398	148	1408
11.5341	3399	148	208
11.5371	3400	151	1408
11.5428	3401	152	1408
11.5432	3402	149	208
11.5462	3403	151	1408
11.5491	3404	151	1408
11.5528	3405	150	208
11.5558	3406	152	1408
11.5586	3407	152	1408
11.559	3408	149	208
11.5649	3409	153	1408
11.5677	3410	153	1408
11.5681	3411	150	208
11.5711	3412	152	1408
11.5745	3413	152	1408
11.5777	3414	151	208
11.5807	3415	153	1408
11.5836	3416	153	1408
11.5868	3417	152	208
11.5898	3418	154	1408
11.5927	3419	153	1408
11.593	3420	151	208
11.5965	3421	153	1408
11.6022	3422	155	1408
11.6026	3423	152	208
11.6056	3424	154	1408
11.6085	3425	153	1408
11.6088	3426	150	208
11.6118	3427	152	1408
11.6147	3428	151	1408
11.6151	3429	149	208
11.618	3430	151	1408
11.6209	3431	149	1408
11.6213	3432	147	208
11.6243	3433	149	1408
11.6272	3434	148	1408
11.6275	3435	145	208
11.6305	3436	147	1408
11.6334	3437	146	1408
11.6338	3438	142	208
11.6367	3439	145	1408
11.6396	3440	144	1408
11.64	3441	140	208
11.643	3442	143	1408
11.6458	3443	142	1408
11.6462	3444	139	208
11.6492	3445	142	1408
11.6521	3446	141	1408
11.6524	3447	137	208
11.6554	3448	140	1408
11.6583	3449	139	1408
11.6587	3450	135	208
11.6616	3451	138	1408
11.6645	3452	137	1408
11.6678	3453	136	208
11.6707	3454	139	1408
11.677	3455	141	1408
11.6774	3456	138	208
11.6803	3457	141	1408
11.6832	3458	140	1408
11.6865	3459	139	208
11.6894	3460	142	1408
11.6957	3461	144	1408
11.696	3462	141	208
11.699	3463	144	1408
11.7019	3464	142	1408
11.7051	3465	142	208
11.7081	3466	145	1408
11.711	3467	143	1408
11.7114	3468	140	208
11.7148	3469	142	1408
11.7206	3470	145	1408
11.721	3471	141	208
11.7239	3472	143	1408
11.7268	3473	143	1408
11.7272	3474	140	208
11.733	3475	145	1408
11.7359	3476	143	1408
11.7363	3477	140	208
11.7393	3478	143	1408
11.7455	3479	145	1408
11.7459	3480	140	208
11.7488	3481	143	1408
11.7517	3482	142	1408
11.755	3483	140	208
11.7579	3484	143	1408
11.7608	3485	142	1408
11.7612	3486	139	208
11.7642	3487	142	1408
11.767	3488	141	1408
11.7674	3489	137	208
11.7704	3490	140	1408
11.7733	3491	139	1408
11.7737	3492	134	208
11.7766	3493	137	1408
11.7795	3494	136	1408
11.7799	3495	132	208
11.7829	3496	135	1408
11.7857	3497	133	1408
11.7861	3498	131	208
11.7891	3499	133	1408
11.792	3500	131	1408
11.7923	3501	129	208
11.7953	3502	131	1408
11.7982	3503	130	1408
11.7986	3504	127	208
11.8015	3505	129	1408
11.8044	3506	128	1408
11.8081	3507	129	208
11.8111	3508	131	1408
11.814	3509	129	1408
11.8172	3510	130	208
11.8202	3511	132	1408
11.8231	3512	131	1408
11.8235	3513	128	208
11.8269	3514	130	1408
11.8327	3515	132	1408
11.8331	3516	129	208
11.836	3517	132	1408
11.8418	3518	133	1408
11.8422	3519	130	208
11.8451	3520	133	1408
11.8514	3521	135	1408
11.8517	3522	131	208
11.8547	3523	134	1408
11.8576	3524	133	1408
11.8608	3525	132	208
11.8638	3526	135	1408
11.8667	3527	134	1408
11.8671	3528	131	208
11.87	3529	134	1408
11.8734	3530	133	1408
11.8767	3531	132	208
11.8796	3532	135	1408
11.8825	3533	134	1408
11.8858	3534	133	208
11.8887	3535	136	1408
11.8916	3536	135	1408
11.8953	3537	135	208
11.8983	3538	138	1408
11.9012	3539	137	1408
11.9044	3540	136	208
11.9074	3541	139	1408
11.9103	3542	138	1408
11.914	3543	138	208
11.917	3544	140	1408
11.9199	3545	139	1408
11.9231	3546	139	208
11.9261	3547	142	1408
11.929	3548	140	1408
11.9294	3549	137	208
11.9323	3550	140	1408
11.9352	3551	139	1408
11.9356	3552	136	208
11.9386	3553	138	1408
11.9414	3554	137	1408
11.9418	3555	134	208
11.9448	3556	136	1408
11.9477	3557	135	1408
11.948	3558	133	208
11.951	3559	135	1408
11.9572	3560	138	1408
11.9576	3561	134	208
11.9606	3562	136	1408
11.9663	3563	139	1408
11.9667	3564	135	208
11.9697	3565	137	1408
11.9759	3566	140	1408
11.9763	3567	137	208
11.9793	3568	139	1408
11.985	3569	142	1408
11.9854	3570	138	208
11.9884	3571	141	1408
11.9946	3572	143	1408
11.995	3573	139	208
11.998	3574	142	1408
12.0037	3575	144	1408
12.0041	3576	141	208
12.0071	3577	144	1408
12.0133	3578	146	1408
12.0137	3579	142	208
12.0166	3580	145	1408
12.0224	3581	147	1408
12.0228	3582	144	208
12.0257	3583	146	1408
12.032	3584	148	1408
12.0324	3585	146	208
12.0353	3586	148	1408
12.0411	3587	150	1408
12.0415	3588	147	208
12.0444	3589	149	1408
12.0478	3590	149	1408
12.051	3591	149	208
12.054	3592	151	1408
12.0598	3593	153	1408
12.0601	3594	150	208
12.0631	3595	152	1408
12.0693	3596	155	1408
12.0697	3597	151	208
12.0727	3598	153	1408
12.0784	3599	156	1408
12.0788	3600	152	208
12.0818	3601	155	1408
12.0851	3602	155	1408
12.0884	3603	154	208
12.0914	3604	157	1408
12.0971	3605	159	1408
12.0975	3606	155	208
12.1005	3607	158	1408
12.1038	3608	157	1408
12.1071	3609	157	208
12.1101	3610	160	1408
12.1129	3611	158	1408
12.1162	3612	159	208
12.1192	3613	161	1408
12.1225	3614	160	1408
12.1258	3615	160	208
12.1287	3616	162	1408
12.1345	3617	164	1408
12.1349	3618	161	208
12.1378	3619	163	1408
12.1412	3620	163	1408
12.1445	3621	163	208
12.1474	3622	165	1408
12.1503	3623	165	1408
12.1536	3624	164	208
12.1565	3625	166	1408
12.1599	3626	166	1408
12.1631	3627	166	208
12.1661	3628	168	1408
12.169	3629	167	1408
12.1722	3630	167	208
12.1752	3631	170	1408
12.1781	3632	169	1408
12.1818	3633	168	208
12.1848	3634	171	1408
12.1877	3635	170	1408
12.1909	3636	169	208
12.1939	3637	172	1408
12.1973	3638	172	1408
12.2005	3639	171	208
12.2035	3640	174	1408
12.2064	3641	173	1408
12.2096	3642	173	208
12.2126	3643	175	1408
12.2159	3644	174	1408
12.2192	3645	175	208
12.2222	3646	177	1408
12.225	3647	176	1408
12.2283	3648	176	208
12.2313	3649	178	1408
12.2341	3650	177	1408
12.2379	3651	177	208
12.2408	3652	179	1408
12.2437	3653	179	1408
12.247	3654	178	208
12.25	3655	180	1408
12.2528	3656	180	1408
12.2566	3657	180	208
12.2595	3658	182	1408
12.2624	3659	180	1408
12.2657	3660	180	208
12.2686	3661	182	1408
12.272	3662	180	1408
12.2752	3663	181	208
12.2782	3664	183	1408
12.284	3665	185	1408
12.2843	3666	180	208
12.2873	3667	183	1408
12.2935	3668	184	1408
12.2939	3669	180	208
12.2969	3670	183	1408
12.3027	3671	183	1408
12.303	3672	181	208
12.3065	3673	183	1408
12.3122	3674	184	1408
12.3155	3675	184	208
12.3185	3676	186	1408
12.3213	3677	186	1408
12.3251	3678	184	208
12.328	3679	187	1408
12.3338	3680	186	1408
12.3342	3681	184	208
12.3371	3682	186	1408
12.3405	3683	186	1408
12.3438	3684	183	208
12.3467	3685	186	1408
12.3525	3686	188	1408
12.3529	3687	183	208
12.3558	3688	186	1408
12.3621	3689	189	1408
12.3624	3690	184	208
12.3683	3691	190	1408
12.3712	3692	187	1408
12.372	3693	185	208
12.3779	3694	189	1408
12.3807	3695	189	1408
12.384	3696	186	208
12.387	3697	189	1408
12.3898	3698	188	1408
12.3936	3699	187	208
12.3965	3700	190	1408
12.4023	3701	192	1408
12.4027	3702	186	208
12.4057	3703	189	1408
12.4119	3704	191	1408
12.4123	3705	187	208
12.4152	3706	190	1408
12.421	3707	191	1408
12.4214	3708	187	208
12.4248	3709	190	1408
12.4306	3710	192	1408
12.4338	3711	189	208
12.4368	3712	192	1408
12.4397	3713	191	1408
12.4434	3714	190	208
12.4464	3715	193	1408
12.4492	3716	192	1408
12.4525	3717	190	208
12.4555	3718	193	1408
12.4584	3719	192	1408
12.4621	3720	190	208
12.4651	3721	193	1408
12.4708	3722	194	1408
12.4712	3723	190	208
12.4742	3724	193	1408
12.4804	3725	195	1408
12.4808	3726	190	208
12.4837	3727	193	1408
12.4895	3728	195	1408
12.4932	3729	193	208
12.4962	3730	196	1408
12.4991	3731	195	1408
12.5023	3732	193	208
12.5053	3733	196	1408
12.5082	3734	195	1408
12.5119	3735	193	208
12.5149	3736	196	1408
12.5178	3737	195	1408
12.521	3738	193	208
12.524	3739	195	1408
12.5302	3740	196	1408
12.5306	3741	193	208
12.5336	3742	195	1408
12.5393	3743	196	1408
12.5402	3744	193	208
12.546	3745	199	1408
12.5489	3746	196	1408
12.5522	3747	196	208
12.5551	3748	199	1408
12.558	3749	196	1408
12.5617	3750	193	208
12.5647	3751	196	1408
12.5705	3752	198	1408
12.5708	3753	192	208
12.5738	3754	195	1408
12.58	3755	197	1408
12.5833	3756	196	208
12.5863	3757	199	1408
12.5891	3758	198	1408
12.5929	3759	196	208
12.5958	3760	199	1408
12.5987	3761	196	1408
12.602	3762	196	208
12.6049	3763	198	1408
12.6083	3764	196	1408
12.6116	3765	193	208
12.6145	3766	196	1408
12.6203	3767	198	1408
12.6211	3768	194	208
12.6241	3769	197	1408
12.6299	3770	198	1408
12.6331	3771	196	208
12.6361	3772	199	1408
12.639	3773	197	1408
12.6427	3774	196	208
12.6457	3775	199	1408
12.6514	3776	199	1408
12.6518	3777	196	208
12.6548	3778	198	1408
12.661	3779	200	1408
12.6614	3780	196	208
12.6644	3781	199	1408
12.6701	3782	199	1408
12.6705	3783	196	208
12.6739	3784	198	1408
12.6797	3785	199	1408
12.6829	3786	196	208
12.6859	3787	199	1408
12.6888	3788	198	1408
12.6925	3789	196	208
12.6955	3790	199	1408
12.7012	3791	201	1408
12.7016	3792	196	208
12.7046	3793	199	1408
12.7108	3794	201	1408
12.7141	3795	199	208
12.7171	3796	202	1408
12.7199	3797	199	1408
12.7208	3798	196	208
12.7238	3799	199	1408
12.7295	3800	199	1408
12.7328	3801	199	208
12.7357	3802	201	1408
12.7391	3803	200	1408
12.7423	3804	196	208
12.7453	3805	199	1408
12.7511	3806	201	1408
12.7519	3807	196	208
12.7549	3808	199	1408
12.7606	3809	201	1408
12.7639	3810	199	208
12.7669	3811	202	1408
12.7698	3812	201	1408
12.7735	3813	199	208
12.7765	3814	202	1408
12.7793	3815	199	1408
12.7826	3816	199	208
12.7856	3817	201	1408
12.7918	3818	202	1408
12.795	3819	199	208
12.798	3820	202	1408
12.8009	3821	200	1408
12.8046	3822	199	208
12.8076	3823	202	1408
12.8105	3824	201	1408
12.8137	3825	199	208
12.8167	3826	202	1408
12.8204	3828	197	208
12.8234	3829	199	1408
12.8292	3830	199	1408
12.83	3831	194	208
12.833	3832	196	1408
12.8387	3833	198	1408
12.842	3834	196	208
12.845	3835	199	1408
12.8478	3836	198	1408
12.8516	3837	196	208
12.8545	3838	199	1408
12.8574	3839	198	1408
12.8607	3840	196	208
12.8636	3841	199	1408
12.8699	3842	199	1408
12.8703	3843	196	208
12.8732	3844	199	1408
12.879	3845	199	1408
12.8827	3846	196	208
12.8857	3847	199	1408
12.8886	3848	198	1408
12.8918	3849	196	208
12.8948	3850	199	1408
12.901	3851	200	1408
12.9014	3852	197	208
12.9044	3853	199	1408
12.9101	3854	199	1408
12.9105	3855	196	208
12.9135	3856	198	1408
12.9197	3857	199	1408
12.9201	3858	196	208
12.9231	3859	199	1408
12.9288	3860	199	1408
12.9325	3861	196	208
12.9355	3862	199	1408
12.9413	3863	201	1408
12.9416	3864	196	208
12.9446	3865	199	1408
12.9508	3866	199	1408
12.9512	3867	197	208
12.9542	3868	199	1408
12.9599	3869	199	1408
12.9637	3870	196	208
12.9666	3871	199	1408
12.9695	3872	198	1408
12.9728	3873	198	208
12.9758	3874	200	1408
12.9786	3875	199	1408
12.9824	3876	197	208
12.9853	3877	200	1408
12.9911	3878	202	1408
12.9915	3879	196	208
12.9944	3880	199	1408
13.0007	3881	199	1408
13.0039	3882	199	208
13.0069	3883	201	1408
13.0098	3884	199	1408
13.0135	3885	197	208
13.0165	3886	200	1408
13.0193	3887	199	1408
13.0226	3888	196	208
13.0256	3889	199	1408
13.0318	3890	201	1408
13.0322	3891	197	208
13.0352	3892	200	1408
13.0409	3893	199	1408
13.0446	3894	196	208
13.0476	3895	199	1408
13.0505	3896	198	1408
13.0537	3897	196	208
13.0567	3898	199	1408
13.0629	3899	201	1408
13.0633	3900	197	208
13.0663	3901	200	1408
13.0721	3902	202	1411
13.0749	3903	201	1408
13.0787	3904	199	208
13.0816	3905	202	1408
13.0845	3906	201	1408
13.0849	3907	196	208
13.0879	3908	199	1408
13.0941	3909	199	1408
13.0945	3910	196	208
13.0974	3911	198	1408
13.1032	3912	199	1408
13.1098	3913	189	208
13.1133	3914	190	1408
13.119	3915	190	1408
13.1223	3916	189	208
13.1252	3917	190	1408
13.1286	3918	189	1408
13.1318	3919	187	208
13.1348	3920	190	1408
13.1406	3921	189	1408
13.1443	3922	189	208
13.1473	3923	191	1408
13.1501	3924	190	1408
13.1534	3925	188	208
13.1564	3926	190	1408
13.1597	3927	189	1408
13.163	3928	187	208
13.166	3929	190	1408
13.1717	3930	191	1408
13.1721	3931	187	208
13.1751	3932	190	1408
13.1813	3933	190	1408
13.1845	3934	189	208
13.1875	3935	191	1408
13.1904	3936	190	1408
13.1941	3937	189	208
13.1971	3938	191	1408
13.2	3939	189	1408
13.2032	3940	188	208
13.2062	3941	190	1408
13.2124	3942	192	1408
13.2157	3943	190	208
13.2187	3944	193	1408
13.2215	3945	191	1408
13.2253	3946	190	208
13.2282	3947	193	1408
13.234	3948	192	1408
13.2344	3949	189	208
13.2373	3950	191	1408
13.2436	3951	193	1408
13.2439	3952	188	208
13.2498	3953	192	1408
13.2527	3954	191	1408
13.2564	3955	190	208
13.2594	3956	193	1408
13.2622	3957	191	1408
13.2655	3958	189	208
13.2685	3959	192	1408
13.2747	3960	193	1408
13.2751	3961	190	208
13.2781	3962	192	1408
13.2838	3963	192	1408
13.2847	3964	189	208
13.2905	3965	193	1408
13.2934	3966	192	1408
13.2966	3967	190	208
13.2996	3968	193	1408
13.3054	3969	192	1408
13.3058	3970	188	208
13.3087	3971	190	1408
13.315	3972	192	1408
13.3182	3973	191	208
13.3212	3974	193	1408
13.3241	3975	192	1408
13.3278	3976	190	208
13.3308	3977	193	1408
13.3365	3978	194	1408
13.3369	3979	189	208
13.3399	3980	192	1408
13.3461	3981	194	1408
13.3465	3982	190	208
13.3523	3983	195	1408
13.3552	3984	192	1408
13.3589	3985	189	208
13.3619	3986	192	1408
13.3677	3987	192	1408
13.368	3988	189	208
13.371	3989	191	1408
13.3772	3990	193	1408
13.3805	3991	190	208
13.3835	3992	193	1408
13.3897	3993	192	1408
13.3901	3994	189	208
13.393	3995	191	1408
13.3988	3996	192	1408
13.3996	3997	188	208
13.4055	3998	193	1408
13.4084	3999	192	1408
13.4116	4000	190	208
13.4146	4001	193	1408
13.4175	4002	191	1408
13.4212	4003	190	208
13.4242	4004	193	1408
13.4299	4005	192	1408
13.4308	4006	189	208
13.4366	4007	194	1408
13.4395	4008	192	1408
13.4428	4009	191	208
13.4457	4010	193	1408
13.4486	4011	192	1408
13.4523	4012	190	208
13.4553	4013	193	1408
13.4611	4014	193	1408
13.4619	4015	189	208
13.4678	4016	194	1408
13.4707	4017	192	1408
13.4739	4018	189	208
13.4769	4019	192	1408
13.4831	4020	194	1408
13.4835	4021	190	208
13.4865	4022	192	1408
13.4922	4023	193	1408
13.4931	4024	190	208
13.4989	4025	194	1408
13.5018	4026	192	1408
13.505	4027	192	208
13.508	4028	194	1408
13.5114	4029	193	1408
13.5146	4030	190	208
13.5176	4031	193	1408
13.5234	4032	194	1408
13.5237	4033	190	208
13.5301	4034	196	1408
13.5329	4035	192	1408
13.5362	4036	192	208
13.5392	4037	194	1408
13.5425	4038	193	1408
13.5458	4039	190	208
13.5487	4040	193	1408
13.5545	4041	194	1408
13.5553	4042	190	208
13.5583	4043	193	1408
13.5641	4044	193	1408
13.5673	4045	192	208
13.5703	4046	194	1408
13.5737	4047	193	1408
13.5769	4048	190	208
13.5799	4049	193	1408
13.5856	4050	194	1408
13.5865	4051	190	208
13.5895	4052	193	1408
13.5952	4053	193	1408
13.5985	4054	192	208
13.6014	4055	194	1408
13.6077	4056	196	1408
13.608	4057	191	208
13.611	4058	194	1408
13.6168	4059	194	1408
13.6176	4060	190	208
13.6235	4061	196	1408
13.6264	4062	193	1408
13.6296	4063	190	208
13.6326	4064	193	1408
13.6388	4065	194	1408
13.6392	4066	191	208
13.6422	4067	193	1408
13.6479	4068	192	1408
13.6516	4069	192	208
13.6546	4070	194	1408
13.6604	4071	196	1408
13.6607	4072	191	208
13.6637	4073	193	1408
13.6699	4074	195	1408
13.6703	4075	190	208
13.6733	4076	193	1408
13.6791	4077	193	1408
13.6828	4078	192	208
13.6858	4079	194	1408
13.6915	4080	196	1408
13.6919	4081	191	208
13.6949	4082	193	1408
13.7011	4083	196	1408
13.7015	4084	190	208
13.7073	4085	196	1408
13.7102	4086	193	1408
13.7139	4087	192	208
13.7169	4088	194	1408
13.7226	4089	196	1408
13.723	4090	190	208
13.726	4091	193	1408
13.7322	4092	194	1408
13.7355	4093	193	208
13.7385	4094	195	1408
13.7413	4095	192	1408
13.7451	4096	192	208
13.748	4097	194	1408
13.7538	4098	195	1408
13.7542	4099	191	208
13.7571	4100	193	1408
13.7634	4101	195	1408
13.7666	4102	193	208
13.7696	4103	196	1408
13.7758	4104	195	1408
13.7762	4105	192	208
13.7792	4106	194	1408
13.7849	4107	195	1408
13.7853	4108	191	208
13.7883	4109	193	1408
13.7945	4110	195	1408
13.7978	4111	193	208
13.8007	4112	196	1408
13.8036	4113	194	1408
13.8073	4114	193	208
13.8103	4115	196	1408
13.8161	4116	196	1408
13.8164	4117	192	208
13.8194	4118	194	1408
13.8256	4119	196	1408
13.8289	4120	193	208
13.8319	4121	196	1408
13.8348	4122	194	1408
13.8385	4123	193	208
13.8415	4124	196	1408
13.8472	4125	196	1408
13.8509	4126	193	208
13.8539	4127	196	1408
13.8568	4128	194	1408
13.86	4129	194	208
13.863	4130	196	1408
13.8664	4131	193	1408
13.8696	4132	192	208
13.8726	4133	194	1408
13.8783	4134	196	1408
13.8821	4135	194	208
13.8851	4136	197	1408
13.8879	4137	194	1408
13.8912	4138	193	208
13.8942	4139	196	1408
13.9004	4140	196	1408
13.9036	4141	193	208
13.9066	4142	196	1408
13.9095	4143	194	1408
13.9132	4144	193	208
13.9162	4145	196	1408
13.9191	4146	194	1408
13.9223	4147	193	208
13.9253	4148	195	1408
13.9315	4149	196	1408
13.9348	4150	193	208
13.9378	4151	196	1408
13.9406	4152	194	1408
13.9444	4153	193	208
13.9473	4154	196	1408
13.9502	4155	193	1408
13.9535	4156	192	208
13.9564	4157	194	1408
13.9627	4158	196	1408
13.9659	4159	193	208
13.9689	4160	196	1408
13.9718	4161	194	1408
13.9755	4162	193	208
13.9785	4163	196	1408
13.9842	4164	196	1408
13.9846	4165	192	208
13.9876	4166	194	1408
13.9938	4167	195	1408
13.9971	4168	194	208
14	4169	197	1408
14.0029	4170	195	1408
14.0033	4171	193	208
14.0067	4172	195	1408
14.0125	4173	197	1408
14.0157	4174	197	208
14.0187	4175	199	1408
14.0216	4176	198	1408
14.0224	4177	196	208
14.0283	4178	201	1408
14.0312	4179	201	1408
14.0344	4180	200	208
14.0374	4181	202	1408
14.0403	4182	202	1408
14.0411	4183	199	208
14.047	4185	200	1408
14.0502	4186	200	208
14.0532	4187	203	1408
14.0561	4188	202	1408
14.0623	4191	200	1408
14.0656	4192	199	208
14.0685	4193	202	1408
14.0714	4194	201	1408
14.0751	4195	201	208
14.0781	4197	200	1408
14.0814	4198	199	208
14.0843	4199	202	1408
14.0872	4200	201	1408
14.0935	4203	199	1408
14.0967	4204	199	208
14.0997	4205	201	1408
14.1026	4206	200	1408
14.1063	4207	201	208
14.1093	4209	200	1408
14.1125	4210	199	208
14.1155	4211	201	1408
14.1188	4212	201	1408
14.1192	4213	198	208
14.1222	4214	200	1408
14.1251	4215	200	1408
14.1283	4216	199	208
14.1313	4217	202	1408
14.135	4219	198	208
14.138	4221	197	1408
14.1413	4222	196	208
14.1442	4223	199	1408
14.1476	4224	198	1408
14.148	4225	194	208
14.1509	4226	197	1408
14.1567	4227	199	1408
14.1571	4228	196	208
14.16	4229	199	1408
14.1663	4230	200	1408
14.1666	4231	197	208
14.1696	4232	199	1408
14.1754	4233	200	1408
14.1791	4234	198	208
14.1821	4235	201	1408
14.1878	4236	200	1408
14.1882	4237	198	208
14.1912	4238	200	1408
14.1974	4239	200	1408
14.1978	4240	197	208
14.2036	4242	197	1408
14.2074	4243	195	208
14.2103	4244	198	1408
14.2161	4245	198	1408
14.2165	4246	195	208
14.2194	4247	197	1408
14.2257	4248	197	1408
14.2289	4249	194	208
14.2319	4250	197	1408
14.2352	4251	197	1408
14.2385	4252	195	208
14.2415	4253	198	1408
14.2472	4254	197	1408
14.2476	4255	194	208
14.2506	4256	197	1408
14.2568	4257	200	1408
14.2601	4258	198	208
14.263	4259	201	1408
14.2664	4260	198	1408
14.2696	4261	198	208
14.2755	4263	197	1408
14.2759	4264	194	208
14.2788	4265	197	1408
14.2851	4266	198	1408
14.2855	4267	195	208
14.2884	4268	198	1408
14.2942	4269	197	1411
14.2975	4270	198	1408
14.3008	4271	198	208
14.3038	4272	200	1408
14.3066	4273	200	1408
14.3133	4274	185	211
14.3162	4275	188	1411
14.3225	4276	189	1411
14.3257	4277	187	208
14.3287	4278	189	1408
14.332	4279	187	211
14.3349	4280	190	1411
14.3412	4281	192	1408
14.3444	4282	190	208
14.3474	4283	192	1408
14.3536	4284	193	1411
14.3565	4285	191	1408
14.3569	4286	186	208
14.3599	4287	189	1408
14.3656	4288	190	1408
14.366	4289	185	208
14.369	4290	187	1408
14.3747	4291	188	1411
14.3776	4292	186	1411
14.3838	4293	187	1408
14.3842	4294	183	208
14.3872	4295	186	1408
14.3929	4296	186	1408
14.3933	4297	182	208
14.3968	4298	184	1408
14.4054	4299	180	1408
14.4062	4300	174	208
14.4092	4301	177	1408
14.415	4302	177	1408
14.4154	4303	174	208
14.4183	4304	177	1408
14.4241	4305	177	1408
14.4303	4306	177	1411
14.4307	4307	174	208
14.4337	4308	176	1408
14.4365	4309	176	1408
14.4398	4310	173	208
14.4428	4311	176	1408
14.4456	4312	175	1408
14.4494	4313	174	208
14.4523	4314	177	1408
14.4552	4315	173	1408
14.4585	4316	173	208
14.4615	4317	175	1408
14.4648	4318	173	1408
14.4681	4319	171	208
14.471	4320	174	1408
14.4739	4321	172	1408
14.4772	4322	171	208
14.4801	4323	174	1408
14.4864	4324	173	1408
14.4867	4325	170	208
14.4926	4326	175	1408
14.4984	4327	173	1411
14.5012	4328	173	1408
14.5021	4329	170	208
14.5051	4330	173	1408
14.5108	4331	174	1408
14.5141	4332	174	208
14.517	4333	177	1408
14.5199	4334	175	1408
14.5236	4335	175	208
14.5266	4336	178	1408
14.5295	4337	176	1408
14.5328	4338	176	208
14.5357	4339	178	1408
14.542	4340	175	1408
14.5452	4341	173	208
14.5482	4342	176	1408
14.5544	4343	177	1408
14.5548	4344	173	208
14.5578	4345	175	1408
14.5635	4346	176	1408
14.5644	4347	173	208
14.5702	4348	178	1408
14.5731	4349	176	1408
14.5763	4350	173	208
14.5793	4351	176	1408
14.5855	4352	177	1408
14.5859	4353	173	208
14.5918	4354	178	1408
14.5947	4355	176	1408
14.5984	4356	176	208
14.6014	4357	178	1408
14.6071	4358	179	1408
14.6075	4359	175	208
14.6105	4360	177	1408
14.6167	4361	178	1408
14.6171	4362	175	208
14.62	4363	177	1408
14.6258	4364	177	1408
14.6295	4365	177	208
14.6325	4366	177	1408
14.6382	4367	179	1408
14.6391	4368	175	208
14.6421	4369	177	1408
14.6478	4370	178	1408
14.6511	4371	177	208
14.6541	4372	180	1408
14.6574	4373	177	1408
14.6607	4374	176	208
14.6636	4375	178	1408
14.6694	4376	180	1408
14.6702	4377	176	208
14.6761	4378	181	1408
14.679	4379	179	1408
14.6822	4380	178	208
14.6852	4381	180	1408
14.6914	4382	182	1408
14.6918	4383	177	208
14.6948	4384	179	1408
14.7005	4385	181	1408
14.7014	4386	177	208
14.7072	4387	182	1408
14.7101	4388	181	1408
14.7134	4389	179	208
14.7163	4390	181	1408
14.7226	4391	183	1408
14.7229	4392	178	208
14.7259	4393	181	1408
14.7317	4394	182	1408
14.7325	4395	178	208
14.7384	4396	184	1408
14.7412	4397	182	1408
14.7445	4398	180	208
14.7475	4399	183	1408
14.7537	4400	184	1408
14.7541	4401	180	208
14.7571	4402	183	1408
14.7628	4403	183	1408
14.7665	4404	182	208
14.7695	4405	185	1408
14.7724	4406	183	1408
14.7761	4407	178	208
14.782	4408	177	1408
14.7877	4409	179	1408
14.7915	4410	178	208
14.7944	4411	181	1408
14.7973	4412	179	1408
14.8006	4413	177	208
14.8035	4414	180	1408
14.8098	4415	181	1408
14.8101	4416	177	208
14.816	4417	180	1408
14.8189	4418	179	1408
14.8226	4419	178	208
14.8256	4420	181	1408
14.8284	4421	179	1408
14.8317	4422	177	208
14.838	4423	181	1408
14.8409	4424	179	1408
14.8442	4425	178	208
14.8471	4426	181	1408
14.8505	4427	179	1408
14.8537	4428	177	208
14.8567	4429	180	1408
14.8625	4430	181	1408
14.8662	4431	180	208
14.8692	4432	181	1408
14.872	4433	180	1408
14.8753	4434	178	208
14.8783	4435	181	1408
14.8845	4436	182	1408
14.8849	4437	177	208
14.8878	4438	180	1408
14.8936	4439	181	1408
14.8973	4440	180	208
14.9003	4441	181	1408
14.9061	4442	183	1408
14.9064	4443	178	208
14.9094	4444	180	1408
14.9156	4445	182	1408
14.916	4446	178	208
14.9219	4447	180	1408
14.9252	4448	180	1408
14.9285	4449	178	208
14.9314	4450	181	1408
14.9372	4451	182	1408
14.9376	4452	177	208
14.9405	4453	180	1408
14.9468	4454	181	1408
14.95	4455	180	208
14.953	4456	181	1408
14.9559	4457	179	1408
14.9596	4458	178	208
14.9626	4459	181	1408
14.9683	4460	182	1408
14.9692	4461	178	208
14.9722	4462	181	1408
14.9779	4463	181	1408
14.9812	4464	180	208
14.9841	4465	181	1408
14.9875	4466	180	1408
14.9907	4467	178	208
14.9937	4468	181	1408
14.9995	4469	182	1408
15.0003	4470	178	208
15.0033	4471	181	1408
15.0091	4472	182	1408
15.0123	4473	180	208
15.0186	4474	181	1408
15.0215	4475	180	1408
15.0248	4476	178	208
15.0277	4477	180	1408
15.034	4478	182	1408
15.0343	4479	178	208
15.0402	4480	181	1408
15.0431	4481	180	1408
15.0468	4482	178	208
15.0498	4483	181	1408
15.0526	4484	179	1408
15.0559	4485	177	208
15.0589	4486	180	1408
15.0651	4487	182	1408
15.0684	4488	180	208
15.0713	4489	181	1408
15.0742	4490	180	1408
15.0779	4491	178	208
15.0809	4492	180	1408
15.0867	4493	182	1408
15.0875	4494	178	208
15.0934	4495	181	1408
15.0962	4496	180	1408
15.0995	4497	178	208
15.1025	4498	180	1408
15.1087	4499	182	1408
15.1091	4500	178	208
15.1149	4501	180	1408
15.1183	4502	180	1408
15.1215	4503	178	208
15.1245	4504	181	1408
15.1303	4505	182	1408
15.1306	4506	177	208
15.137	4507	180	1408
15.1398	4508	179	1408
15.1431	4509	178	208
15.1461	4510	181	1408
15.1494	4511	179	1408
15.1527	4512	177	208
15.1556	4513	180	1408
15.1614	4514	181	1408
15.1623	4515	177	208
15.1681	4516	181	1408
15.171	4517	179	1408
15.1742	4518	178	208
15.1772	4519	181	1408
15.1806	4520	179	1408
15.1838	4521	177	208
15.1868	4522	180	1408
15.1925	4523	181	1408
15.1934	4524	177	208
15.1992	4525	181	1408
15.2021	4526	180	1408
15.2054	4527	178	208
15.2083	4528	180	1408
15.2146	4529	182	1408
15.215	4530	177	208
15.2179	4531	180	1408
15.2237	4532	181	1408
15.2274	4533	180	208
15.2304	4534	181	1408
15.2333	4535	180	1408
15.2365	4536	178	208
15.2395	4537	180	1408
15.2457	4538	182	1408
15.249	4539	180	208
15.2519	4540	180	1408
15.2582	4541	183	1408
15.2586	4542	178	208
15.2644	4543	180	1408
15.2673	4544	179	1408
15.271	4545	178	208
15.274	4546	180	1408
15.2797	4547	181	1408
15.2801	4548	177	208
15.2831	4549	180	1408
15.2893	4550	181	1408
15.2926	4551	179	208
15.2955	4552	180	1408
15.2989	4553	179	1408
15.3021	4554	178	208
15.3051	4555	181	1408
15.3109	4556	181	1408
15.3117	4557	177	208
15.3176	4558	181	1408
15.3205	4559	180	1408
15.3237	4560	178	208
15.3267	4561	180	1408
15.3329	4562	182	1408
15.3333	4563	178	208
15.3391	4564	181	1408
15.342	4565	180	1408
15.3457	4566	178	208
15.3487	4567	180	1408
15.3545	4568	182	1408
15.3553	4569	178	208
15.3612	4570	181	1408
15.364	4571	180	1408
15.3673	4572	178	208
15.3703	4573	181	1408
15.3736	4574	179	1408
15.3769	4575	177	208
15.3799	4576	180	1408
15.3856	4577	181	1408
15.3893	4578	180	208
15.3923	4579	181	1408
15.3981	4580	183	1408
15.3984	4581	178	208
15.4014	4582	180	1408
15.4076	4583	182	1408
15.408	4584	178	208
15.411	4585	180	1408
15.4167	4586	181	1408
15.4205	4587	180	208
15.4235	4588	181	1408
15.4292	4589	183	1408
15.4296	4590	178	208
15.4326	4591	180	1408
15.4388	4592	182	1408
15.442	4593	181	208
15.445	4594	181	1408
15.4484	4595	180	1408
15.4516	4596	178	208
15.4546	4597	181	1408
15.4603	4598	182	1408
15.4612	4599	178	208
15.4642	4600	181	1408
15.4699	4601	181	1408
15.4732	4602	180	208
15.4762	4603	181	1408
15.4824	4604	183	1408
15.4828	4605	178	208
15.4886	4606	180	1408
15.492	4607	179	1408
15.4952	4608	178	208
15.4982	4609	181	1408
15.5039	4610	181	1408
15.5048	4611	177	208
15.5106	4612	181	1408
15.5135	4613	180	1408
15.5168	4614	178	208
15.5197	4615	180	1408
15.526	4616	182	1408
15.5292	4617	181	208
15.5322	4618	184	1408
15.5351	4619	182	1408
15.5388	4620	180	208
15.5418	4621	181	1408
15.5475	4622	183	1408
15.5479	4623	178	208
15.5514	4624	181	1408
15.5571	4625	183	1408
15.5604	4626	181	208
15.5633	4627	180	1408
15.5667	4628	179	1408
15.57	4629	177	208
15.5729	4630	180	1408
15.5787	4631	181	1408
15.5824	4632	180	208
15.5854	4633	181	1408
15.5911	4634	183	1408
15.5915	4635	178	208
15.5945	4636	180	1408
15.6007	4637	182	1408
15.6011	4638	178	208
15.6041	4639	181	1408
15.6098	4640	181	1408
15.6135	4641	180	208
15.6165	4642	181	1408
15.6223	4643	183	1408
15.6227	4644	178	208
15.629	4645	180	1408
15.6319	4646	179	1408
15.6351	4647	178	208
15.6381	4648	181	1408
15.6414	4649	179	1408
15.6447	4650	177	208
15.6477	4651	180	1408
15.6534	4652	181	1408
15.6543	4653	177	208
15.6601	4654	181	1408
15.663	4655	179	1408
15.6662	4656	178	208
15.6692	4657	181	1408
15.6754	4658	182	1408
15.6758	4659	177	208
15.6788	4660	180	1408
15.6846	4661	181	1408
15.6883	4662	180	208
15.6913	4663	181	1408
15.697	4664	183	1408
15.6974	4665	178	208
15.7004	4666	180	1408
15.7066	4667	182	1408
15.7098	4668	180	208
15.7128	4669	180	1408
15.719	4670	183	1408
15.7194	4671	178	208
15.7224	4672	180	1408
15.7281	4673	182	1408
15.729	4674	178	208
15.7349	4675	180	1408
15.7406	4676	182	1408
15.741	4677	177	208
15.744	4678	180	1408
15.7502	4679	182	1408
15.7534	4680	180	208
15.7564	4681	180	1408
15.7598	4682	179	1408
15.763	4683	178	208
15.766	4684	180	1408
15.7717	4685	181	1408
15.7755	4686	180	208
15.7784	4687	181	1408
15.7813	4688	180	1408
15.7846	4689	178	208
15.7876	4690	180	1408
15.7938	4691	182	1408
15.7942	4692	178	208
15.7971	4693	181	1408
15.8029	4694	181	1408
15.8066	4695	180	208
15.8096	4696	181	1408
15.8153	4697	183	1408
15.8157	4698	178	208
15.822	4699	181	1408
15.8249	4700	179	1408
15.8282	4701	178	208
15.8311	4702	181	1408
15.8345	4703	179	1408
15.8378	4704	177	208
15.8407	4705	180	1408
15.8465	4706	181	1408
15.8502	4707	180	208
15.8532	4708	181	1408
15.8561	4709	180	1408
15.8593	4710	178	208
15.8623	4711	181	1408
15.8685	4712	182	1408
15.8689	4713	177	208
15.8719	4714	180	1408
15.8776	4715	181	1408
15.8814	4716	180	208
15.8843	4717	181	1408
15.8901	4718	183	1408
15.8905	4719	178	208
15.8934	4720	180	1408
15.8997	4721	182	1408
15.9029	4722	180	208
15.9059	4723	180	1408
15.9121	4724	183	1408
15.9125	4725	178	208
15.9155	4726	181	1408
15.9212	4727	182	1408
15.9249	4728	180	208
15.9279	4729	180	1408
15.9337	4730	182	1408
15.9341	4731	178	208
15.937	4732	181	1408
15.9433	4733	182	1408
15.9465	4734	180	208
15.9495	4735	180	1408
15.9528	4736	179	1408
15.9561	4737	178	208
15.9591	4738	181	1408
15.9648	4739	181	1408
15.9685	4740	180	208
15.9715	4741	181	1408
15.9744	4742	180	1408
15.9776	4743	178	208
15.9806	4744	180	1408
15.9868	4745	182	1408
15.9872	4746	178	208
15.9902	4747	181	1408
15.996	4748	181	1408
15.9997	4749	180	208
16.0027	4750	181	1408
16.0084	4751	183	1408
16.0088	4752	178	208
16.0122	4753	181	1408
16.018	4754	182	1408
16.0212	4755	181	208
16.0242	4756	181	1408
16.0271	4757	180	1408
16.0308	4758	178	208
16.0338	4759	181	1408
16.0395	4760	182	1408
16.0404	4761	178	208
16.0463	4762	181	1408
16.052	4763	183	1408
16.0524	4764	178	208
16.0554	4765	180	1408
16.0616	4766	182	1408
16.062	4767	177	208
16.0649	4768	180	1408
16.0707	4769	181	1408
16.0744	4770	180	208
16.0774	4771	181	1408
16.0831	4772	183	1408
16.0835	4773	178	208
16.0865	4774	180	1408
16.0927	4775	182	1408
16.096	4776	180	208
16.099	4777	180	1408
16.1052	4778	183	1408
16.1056	4779	178	208
16.1085	4780	181	1408
16.1143	4781	182	1408
16.118	4782	181	208
16.121	4783	180	1408
16.1267	4784	182	1408
16.1271	4785	178	208
16.1301	4786	181	1408
16.1363	4787	182	1408
16.1396	4788	180	208
16.1425	4789	180	1408
16.1459	4790	179	1408
16.1492	4791	178	208
16.1521	4792	181	1408
16.1579	4793	181	1408
16.1616	4794	180	208
16.1646	4795	181	1408
16.1675	4796	180	1408
16.1707	4797	178	208
16.1737	4798	180	1408
16.1799	4799	182	1408
16.1803	4800	178	208
16.1833	4801	181	1408
16.189	4802	182	1408
16.1928	4803	180	208
16.1957	4804	181	1408
16.2015	4805	183	1408
16.2019	4806	178	208
16.2048	4807	180	1408
16.2111	4808	183	1408
16.2143	4809	181	208
16.2173	4810	181	1408
16.2202	4811	180	1408
16.2239	4812	178	208
16.2269	4813	180	1408
16.2326	4814	182	1408
16.2363	4815	181	208
16.2393	4816	181	1408
16.2451	4817	183	1408
16.2455	4818	178	208
16.2484	4819	180	1408
16.2547	4820	182	1408
16.255	4821	178	208
16.258	4822	181	1408
16.2638	4823	181	1408
16.2675	4824	180	208
16.2705	4825	181	1408
16.2762	4826	183	1408
16.2766	4827	178	208
16.2829	4828	180	1408
16.2858	4829	179	1408
16.289	4830	178	208
16.292	4831	181	1408
16.2982	4832	182	1408
16.3015	4833	180	208
16.3045	4834	183	1408
16.3074	4835	181	1408
16.3111	4836	180	208
16.3141	4837	181	1408
16.3198	4838	182	1408
16.3202	4839	178	208
16.3232	4840	181	1408
16.3294	4841	182	1408
16.3326	4842	180	208
16.3356	4843	180	1408
16.339	4844	179	1408
16.3422	4845	178	208
16.3452	4846	181	1408
16.3509	4847	181	1408
16.3547	4848	180	208
16.3577	4849	181	1408
16.3605	4850	180	1408
16.3638	4851	178	208
16.3668	4852	180	1408
16.373	4853	182	1408
16.3734	4854	178	208
16.3763	4855	180	1408
16.3821	4856	182	1408
16.3858	4857	180	208
16.3888	4858	181	1408
16.3945	4859	183	1408
16.3949	4860	178	208
16.3979	4861	180	1408
16.4041	4862	183	1408
16.4074	4863	181	208
16.4104	4864	180	1408
16.4137	4865	179	1408
16.417	4866	177	208
16.4199	4867	180	1408
16.4257	4868	181	1408
16.4294	4869	180	208
16.4324	4870	181	1408
16.4381	4871	183	1408
16.4385	4872	178	208
16.4415	4873	180	1408
16.4477	4874	182	1408
16.4481	4875	178	208
16.4511	4876	181	1408
16.4568	4877	181	1408
16.4606	4878	180	208
16.4635	4879	181	1408
16.4693	4880	183	1408
16.4701	4881	179	208
16.476	4882	180	1408
16.4789	4883	179	1408
16.4821	4884	178	208
16.4851	4885	181	1408
16.4913	4886	182	1408
16.4946	4887	180	208
16.4975	4888	183	1408
16.5004	4889	181	1408
16.5042	4890	180	208
16.5071	4891	181	1408
16.5129	4892	182	1408
16.5133	4893	178	208
16.5162	4894	181	1408
16.5225	4895	182	1408
16.5257	4896	180	208
16.5287	4897	180	1408
16.532	4898	180	1408
16.5353	4899	178	208
16.5383	4900	181	1408
16.544	4901	182	1408
16.5477	4902	180	208
16.5507	4903	181	1408
16.5536	4904	180	1408
16.5569	4905	178	208
16.5598	4906	180	1408
16.5661	4907	183	1408
16.5664	4908	178	208
16.5694	4909	180	1408
16.5752	4910	182	1408
16.5789	4911	180	208
16.5819	4912	180	1408
16.5876	4913	182	1408
16.588	4914	177	208
16.591	4915	180	1408
16.5972	4916	182	1408
16.6004	4917	180	208
16.6034	4918	180	1408
16.6068	4919	179	1408
16.61	4920	178	208
16.613	4921	181	1408
16.6188	4922	181	1408
16.6225	4923	180	208
16.6255	4924	181	1408
16.6312	4925	183	1408
16.6316	4926	178	208
16.6346	4927	180	1408
16.6408	4928	182	1408
16.6412	4929	178	208
16.6441	4930	181	1408
16.6499	4931	181	1408
16.6536	4932	180	208
16.6566	4933	181	1408
16.6623	4934	183	1408
16.6627	4935	178	208
16.6691	4936	181	1408
16.6719	4937	179	1408
16.6752	4938	178	208
16.6782	4939	181	1408
16.6844	4940	182	1408
16.6848	4941	177	208
16.6877	4942	180	1408
16.6935	4943	181	1408
16.6972	4944	180	208
16.7002	4945	181	1408
16.7059	4946	182	1408
16.7063	4947	178	208
16.7093	4948	181	1408
16.7155	4949	182	1408
16.7188	4950	180	208
16.7218	4951	180	1408
16.7251	4952	180	1408
16.7284	4953	178	208
16.7313	4954	181	1408
16.7371	4955	182	1408
16.7379	4956	177	208
16.7438	4957	181	1408
16.7467	4958	180	1408
16.7499	4959	178	208
16.7529	4960	180	1408
16.7591	4961	183	1408
16.7595	4962	178	208
16.7625	4963	180	1408
16.7682	4964	182	1408
16.772	4965	180	208
16.7749	4966	180	1408
16.7807	4967	182	1408
16.7811	4968	178	208
16.784	4969	181	1408
16.7903	4970	182	1408
16.7935	4971	180	208
16.7965	4972	180	1408
16.7998	4973	179	1408
16.8031	4974	178	208
16.8061	4975	181	1408
16.8118	4976	181	1408
16.8156	4977	180	208
16.8185	4978	181	1408
16.8214	4979	180	1408
16.8247	4980	178	208
16.8276	4981	180	1408
16.8339	4982	182	1408
16.8342	4983	178	208
16.8372	4984	181	1408
16.843	4985	181	1408
16.8467	4986	180	208
16.8497	4987	181	1408
16.8554	4988	183	1408
16.8558	4989	178	208
16.8621	4990	181	1408
16.865	4991	179	1408
16.8683	4992	178	208
16.8712	4993	181	1408
16.8775	4994	182	1408
16.8778	4995	177	208
16.8808	4996	180	1408
16.8866	4997	181	1408
16.8903	4998	180	208
16.8933	4999	181	1408
16.899	5000	183	1408
16.8994	5001	178	208
16.9024	5002	180	1408
16.9086	5003	182	1408
16.9118	5004	180	208
16.9148	5005	180	1408
16.921	5006	183	1408
16.9214	5007	178	208
16.9244	5008	181	1408
16.9302	5009	182	1408
16.9339	5010	180	208
16.9369	5011	180	1408
16.9426	5012	182	1408
16.943	5013	177	208
16.946	5014	180	1408
16.9522	5015	182	1408
16.9554	5016	180	208
16.9584	5017	183	1408
16.9613	5018	181	1408
16.965	5019	180	208
16.968	5020	180	1408
16.9737	5021	182	1408
16.9775	5022	181	208
16.9805	5023	184	1408
16.9833	5024	182	1408
16.9866	5025	180	208
16.9896	5026	180	1408
16.9958	5027	182	1408
16.9962	5028	178	208
16.9991	5029	181	1408
17.0049	5030	181	1408
17.0086	5031	180	208
17.0116	5032	181	1408
17.0173	5033	183	1408
17.0182	5034	179	208
17.024	5035	184	1408
17.0269	5036	182	1408
17.0302	5037	182	208
17.0332	5038	185	1408
17.036	5039	184	1408
17.0398	5040	183	208
17.0427	5041	186	1408
17.0456	5042	185	1408
17.0489	5043	184	208
17.0518	5044	187	1408
17.0552	5045	187	1408
17.0584	5046	186	208
17.0614	5047	189	1408
17.0672	5048	191	1408
17.0675	5049	188	208
17.0705	5050	190	1408
17.0739	5051	189	1408
17.0771	5052	190	208
17.0801	5053	192	1408
17.0859	5054	193	1408
17.0862	5055	191	208
17.0892	5056	193	1408
17.0954	5057	196	1408
17.0958	5058	192	208
17.0988	5059	194	1408
17.1045	5060	197	1408
17.1049	5061	193	208
17.1084	5062	196	1408
17.1141	5063	199	1408
17.1174	5064	198	208
17.1203	5065	201	1408
17.1232	5066	200	1408
17.127	5067	199	208
17.1328	5069	201	1408
17.1332	5070	198	208
17.1362	5071	201	1408
17.1395	5072	200	1408
17.1428	5073	199	208
17.1457	5074	202	1408
17.1486	5075	201	1408
17.1495	5076	198	208
17.1553	5078	200	1408
17.1557	5079	197	208
17.1591	5080	200	1408
17.162	5081	199	1408
17.1653	5082	199	208
17.1682	5083	201	1408
17.1716	5084	200	1408
17.172	5085	197	208
17.1749	5086	199	1408
17.1782	5088	196	208
17.1817	5089	198	1408
17.1874	5090	201	1408
17.1878	5091	195	208
17.1908	5092	198	1408
17.197	5093	200	1408
17.2002	5094	198	208
17.2032	5095	201	1408
17.2061	5096	198	1408
17.2098	5097	198	208
17.2128	5098	200	1408
17.2157	5099	197	1408
17.2189	5100	195	208
17.2219	5101	198	1408
17.2281	5102	198	1408
17.2285	5103	195	208
17.2315	5104	197	1408
17.2372	5105	198	1408
17.2376	5106	192	208
17.2406	5107	195	1408
17.2468	5108	197	1408
17.2472	5109	193	208
17.2502	5110	196	1408
17.2559	5111	194	1408
17.2568	5112	189	208
17.2597	5113	192	1408
17.2655	5114	191	1408
17.2687	5115	191	208
17.2717	5116	193	1408
17.2746	5117	191	1408
17.2755	5118	188	208
17.2813	5119	193	1408
17.2842	5120	191	1408
17.2874	5121	189	208
17.2904	5122	191	1408
17.2938	5123	189	1408
17.297	5124	189	208
17.3	5125	190	1408
17.3029	5126	188	1408
17.3061	5127	187	208
17.3091	5128	189	1408
17.3153	5129	190	1408
17.3157	5130	185	208
17.3187	5131	188	1408
17.3244	5132	189	1408
17.3248	5133	184	208
17.3278	5134	186	1408
17.3306	5135	184	1408
17.331	5136	180	208
17.334	5137	183	1408
17.3431	5138	187	1408
17.3435	5139	182	208
17.3465	5140	184	1408
17.3522	5141	185	1408
17.3555	5142	183	208
17.3584	5143	186	1408
17.3642	5144	187	1408
17.3646	5145	182	208
17.3829	5146	170	1411
17.3887	5147	170	1411
17.3915	5148	169	1408
17.3978	5149	170	1408
17.4007	5150	169	1411
17.4039	5151	167	208
17.4069	5152	169	1408
17.4131	5153	172	1408
17.4164	5154	170	208
17.4193	5155	172	1408
17.4222	5156	171	1408
17.4259	5157	169	208
17.4289	5158	172	1408
17.4347	5159	173	1408
17.435	5160	169	208
17.438	5161	172	1408
17.4442	5162	173	1408
17.4475	5163	171	208
17.4505	5164	174	1408
17.4538	5165	172	1408
17.4571	5166	172	208
17.4601	5167	174	1408
17.4658	5168	174	1408
17.4662	5169	171	208
17.4692	5170	173	1408
17.4754	5171	175	1408
17.4758	5172	170	208
17.4787	5173	172	1408
17.4845	5174	174	1408
17.4849	5175	169	208
17.4878	5176	172	1408
17.4941	5177	174	1408
17.4973	5178	173	208
17.5003	5179	175	1408
17.5032	5180	174	1408
17.5069	5181	172	208
17.5099	5182	175	1408
17.5128	5183	173	1408
17.5131	5184	170	208
17.5161	5185	172	1408
17.5219	5186	172	1408
17.5227	5187	169	208
17.5286	5188	174	1408
17.5314	5189	173	1408
17.5347	5190	171	208
17.5377	5191	174	1408
17.5439	5192	175	1408
17.5443	5193	172	208
17.5472	5194	174	1408
17.553	5195	176	1408
17.5539	5196	171	208
17.5597	5197	176	1408
17.5626	5198	175	1408
17.5658	5199	173	208
17.5688	5200	176	1408
17.5722	5201	175	1408
17.5754	5202	174	208
17.5784	5203	176	1408
17.5841	5204	178	1408
17.585	5205	173	208
17.588	5206	176	1408
17.5937	5207	177	1408
17.597	5208	176	208
17.5999	5209	178	1408
17.6033	5210	178	1408
17.6094	5211	176	208
17.6124	5212	179	1408
17.6153	5213	177	1408
17.619	5214	177	208
17.622	5215	178	1408
17.6249	5216	177	1408
17.6281	5217	176	208
17.6311	5218	179	1408
17.6373	5219	180	1408
17.6406	5220	177	208
17.6435	5221	180	1408
17.6469	5222	177	1408
17.6502	5223	177	208
17.6531	5224	179	1408
17.6589	5225	179	1408
17.6626	5226	178	208
17.6656	5227	181	1408
17.6685	5228	179	1408
17.6717	5229	177	208
17.6747	5230	180	1408
17.6809	5231	180	1408
17.6842	5232	180	208
17.6871	5233	182	1408
17.69	5234	180	1408
17.6937	5235	178	208
17.6967	5236	181	1408
17.7025	5237	182	1408
17.7029	5238	177	208
17.7058	5239	180	1408
17.7121	5240	182	1408
17.7153	5241	181	208
17.7183	5242	183	1408
17.7216	5243	182	1408
17.7249	5244	180	208
17.7279	5245	183	1408
17.7336	5246	183	1408
17.7345	5247	180	208
17.7403	5248	185	1408
17.7432	5249	184	1408
17.7464	5250	182	208
17.7494	5251	185	1408
17.7528	5252	183	1408
17.756	5253	183	208
17.759	5254	185	1408
17.7648	5255	186	1408
17.7651	5256	182	208
17.7681	5257	185	1408
17.7743	5258	186	1408
17.7776	5259	184	208
17.7806	5260	187	1408
17.7834	5261	185	1408
17.7872	5262	184	208
17.7901	5263	187	1408
17.7959	5264	186	1408
17.7963	5265	183	208
17.7992	5266	185	1408
17.8055	5267	187	1408
17.8087	5268	185	208
17.8117	5269	188	1408
17.8146	5270	186	1408
17.8183	5271	184	208
17.8213	5272	187	1408
17.827	5273	188	1408
17.8274	5274	184	208
17.8309	5275	186	1408
17.8366	5276	186	1408
17.8399	5277	185	208
17.8428	5278	187	1408
17.8491	5279	187	1408
17.8523	5280	186	208
17.8553	5281	188	1408
17.8582	5282	186	1408
17.8619	5283	185	208
17.8649	5284	187	1408
17.8678	5285	186	1408
17.871	5286	184	208
17.874	5287	186	1408
17.8802	5288	187	1408
17.8835	5289	186	208
17.8864	5290	188	1408
17.8893	5291	186	1408
17.893	5292	185	208
17.896	5293	188	1408
17.9018	5294	186	1408
17.9055	5295	186	208
17.9085	5296	188	1408
17.9113	5297	187	1408
17.9146	5298	183	208
17.9176	5299	186	1408
17.9238	5300	186	1408
17.9242	5301	183	208
17.93	5302	188	1408
17.9329	5303	186	1408
17.9366	5304	184	208
17.9396	5305	187	1408
17.9454	5306	188	1408
17.9457	5307	183	208
17.9487	5308	186	1408
17.9549	5309	186	1408
17.9553	5310	183	208
17.9612	5311	188	1408
17.964	5312	187	1408
17.9678	5313	184	208
17.9708	5314	187	1408
17.9765	5315	186	1408
17.9769	5316	182	208
17.9799	5317	184	1408
17.9861	5318	187	1408
17.9893	5319	185	208
17.9923	5320	188	1408
17.9952	5321	186	1408
17.9989	5322	184	208
18.0019	5323	187	1408
18.0048	5324	185	1408
18.008	5325	184	208
18.011	5326	186	1408
18.0172	5327	187	1408
18.0176	5328	183	208
18.0235	5329	188	1408
18.0263	5330	186	1408
18.0301	5331	185	208
18.033	5332	188	1408
18.0359	5333	185	1408
18.0392	5334	184	208
18.0421	5335	187	1408
18.0484	5336	187	1408
18.0516	5337	186	208
18.0546	5338	188	1408
18.0575	5339	186	1408
18.0612	5340	184	208
18.0642	5341	187	1408
18.0699	5342	187	1408
18.0703	5343	184	208
18.0766	5344	189	1408
18.0795	5345	187	1408
18.0828	5346	183	208
18.0857	5347	186	1408
18.092	5348	186	1408
18.0923	5349	183	208
18.0982	5350	188	1408
18.1011	5351	187	1408
18.1048	5352	185	208
18.1078	5353	188	1408
18.1106	5354	186	1408
18.1139	5355	183	208
18.1169	5356	186	1408
18.1231	5357	187	1408
18.1264	5358	186	208
18.1293	5359	188	1408
18.1322	5360	186	1408
18.1359	5361	184	208
18.1389	5362	187	1408
18.1447	5363	186	1408
18.1484	5364	186	208
18.1514	5365	188	1408
18.1542	5366	187	1408
18.1575	5367	184	208
18.1605	5368	187	1408
18.1667	5369	186	1408
18.1671	5370	183	208
18.1729	5371	187	1408
18.1758	5372	186	1408
18.1795	5373	184	208
18.1825	5374	187	1408
18.1883	5375	188	1408
18.1886	5376	183	208
18.1916	5377	186	1408
18.1978	5378	186	1408
18.1982	5379	183	208
18.2012	5380	185	1408
18.2069	5381	186	1408
18.2107	5382	184	208
18.2136	5383	187	1408
18.2194	5384	188	1408
18.2198	5385	183	208
18.2227	5386	186	1408
18.229	5387	186	1408
18.2294	5388	183	208
18.2323	5389	185	1408
18.2381	5390	187	1408
18.2418	5391	185	208
18.2448	5392	188	1408
18.2477	5393	186	1408
18.2509	5394	183	208
18.2539	5395	186	1408
18.2601	5396	187	1408
18.2634	5397	186	208
18.2663	5398	188	1408
18.2692	5399	186	1408
18.273	5400	185	208
18.2759	5401	187	1408
18.2788	5402	186	1408
18.2821	5403	184	208
18.285	5404	187	1408
18.2913	5405	187	1408
18.2945	5406	186	208
18.2975	5407	188	1408
18.3004	5408	186	1408
18.3041	5409	184	208
18.3071	5410	187	1408
18.3128	5411	186	1408
18.3165	5412	186	208
18.3195	5413	188	1408
18.3224	5414	187	1408
18.3257	5415	183	208
18.3286	5416	186	1408
18.3349	5417	186	1408
18.3352	5418	183	208
18.3411	5419	188	1408
18.344	5420	186	1408
18.3477	5421	185	208
18.3507	5422	188	1408
18.3564	5423	189	1408
18.3568	5424	183	208
18.3598	5425	186	1408
18.366	5426	186	1408
18.3692	5427	186	208
18.3722	5428	188	1408
18.3751	5429	186	1408
18.3788	5430	184	208
18.3818	5431	187	1408
18.3876	5432	186	1408
18.3913	5433	186	208
18.3943	5434	188	1408
18.3971	5435	187	1408
18.4004	5436	184	208
18.4034	5437	187	1408
18.4096	5438	186	1408
18.41	5439	182	208
18.4158	5440	187	1408
18.4187	5441	186	1408
18.4224	5442	184	208
18.4254	5443	187	1408
18.4283	5444	185	1408
18.4315	5445	184	208
18.4345	5446	186	1408
18.4379	5447	185	1408
18.4411	5448	184	208
18.4441	5449	187	1408
18.4498	5450	186	1408
18.4536	5451	184	208
18.4565	5452	187	1408
18.4623	5453	188	1408
18.4627	5454	183	208
18.4656	5455	186	1408
18.4719	5456	187	1408
18.4722	5457	184	208
18.4752	5458	186	1408
18.481	5459	186	1408
18.4847	5460	186	208
18.4877	5461	188	1408
18.4906	5462	187	1408
18.4938	5463	183	208
18.4968	5464	186	1408
18.503	5465	187	1408
18.5063	5466	186	208
18.5092	5467	188	1408
18.5121	5468	186	1408
18.5158	5469	185	208
18.5188	5470	187	1408
18.5217	5471	186	1408
18.5249	5472	183	208
18.5279	5473	186	1408
18.5341	5474	187	1408
18.5374	5475	186	208
18.5404	5476	188	1408
18.5433	5477	186	1408
18.547	5478	184	208
18.55	5479	187	1408
18.5557	5480	186	1408
18.5594	5481	186	208
18.5624	5482	188	1408
18.5653	5483	187	1408
18.5685	5484	184	208
18.5715	5485	187	1408
18.5777	5486	186	1408
18.5781	5487	183	208
18.584	5488	187	1408
18.5868	5489	186	1408
18.5906	5490	184	208
18.5936	5491	187	1408
18.5993	5492	188	1408
18.5997	5493	183	208
18.6027	5494	186	1408
18.6089	5495	186	1408
18.6121	5496	186	208
18.6151	5497	188	1408
18.618	5498	186	1408
18.6217	5499	184	208
18.6247	5500	187	1408
18.6304	5501	186	1408
18.6308	5502	182	208
18.6338	5503	184	1408
18.64	5504	187	1408
18.6433	5505	184	208
18.6463	5506	187	1408
18.6525	5507	187	1408
18.6529	5508	183	208
18.6558	5509	185	1408
18.6616	5510	186	1408
18.6653	5511	186	208
18.6683	5512	188	1408
18.6712	5513	187	1408
18.6744	5514	185	208
18.6774	5515	188	1408
18.6803	5516	186	1408
18.684	5517	185	208
18.687	5518	187	1408
18.6927	5519	186	1408
18.6965	5520	184	208
18.6994	5521	187	1408
18.7023	5522	185	1408
18.7056	5523	184	208
18.7085	5524	186	1408
18.7148	5525	188	1408
18.7151	5526	184	208
18.7181	5527	187	1408
18.7239	5528	186	1408
18.7276	5529	186	208
18.7306	5530	188	1408
18.7334	5531	187	1408
18.7367	5532	183	208
18.7397	5533	186	1408
18.7459	5534	186	1408
18.7463	5535	183	208
18.7521	5536	188	1408
18.755	5537	187	1408
18.7587	5538	185	208
18.7617	5539	188	1408
18.7646	5540	186	1408
18.7678	5541	183	208
18.7708	5542	186	1408
18.777	5543	187	1408
18.7803	5544	186	208
18.7833	5545	188	1408
18.7861	5546	186	1408
18.7899	5547	184	208
18.7928	5548	187	1408
18.7986	5549	186	1408
18.8023	5550	186	208
18.8053	5551	188	1408
18.8082	5552	187	1408
18.8114	5553	184	208
18.8144	5554	187	1408
18.8206	5555	186	1408
18.8239	5556	185	208
18.8269	5557	187	1408
18.8297	5558	186	1408
18.8335	5559	184	208
18.8364	5560	187	1408
18.8422	5561	188	1408
18.8426	5562	184	208
18.8455	5563	186	1408
18.8518	5564	186	1408
18.855	5565	186	208
18.858	5566	188	1408
18.8609	5567	186	1408
18.8646	5568	184	208
18.8676	5569	187	1408
18.8733	5570	188	1408
18.8737	5571	183	208
18.8767	5572	186	1408
18.8829	5573	186	1408
18.8862	5574	184	208
18.8891	5575	187	1408
18.8925	5576	185	1408
18.8958	5577	184	208
18.8987	5578	186	1408
18.9045	5579	186	1408
18.9053	5580	183	208
18.9112	5581	188	1408
18.9141	5582	187	1408
18.9173	5583	185	208
18.9203	5584	188	1408
18.9232	5585	186	1408
18.9269	5586	184	208
18.9299	5587	187	1408
18.9356	5588	186	1408
18.9393	5589	186	208
18.9423	5590	188	1408
18.9452	5591	187	1408
18.9485	5592	184	208
18.9514	5593	187	1408
18.9577	5594	188	1408
18.958	5595	185	208
18.961	5596	187	1408
18.9668	5597	186	1408
18.9705	5598	186	208
18.9735	5599	188	1408
18.9763	5600	187	1408
18.9796	5601	183	208
18.9826	5602	186	1408
18.9888	5603	186	1408
18.9892	5604	183	208
18.995	5605	188	1408
18.9979	5606	186	1408
19.0016	5607	185	208
19.0046	5608	188	1408
19.0104	5609	189	1408
19.0107	5610	183	208
19.0137	5611	186	1408
19.0199	5612	186	1408
19.0232	5613	186	208
19.0262	5614	188	1408
19.029	5615	187	1408
19.0328	5616	184	208
19.0357	5617	187	1408
19.0415	5618	186	1408
19.0452	5619	186	208
19.0482	5620	188	1408
19.0511	5621	187	1408
19.0543	5622	184	208
19.0573	5623	187	1408
19.0635	5624	187	1408
19.0639	5625	183	208
19.0698	5626	188	1408
19.0726	5627	186	1408
19.0764	5628	184	208
19.0793	5629	187	1408
19.0822	5630	185	1408
19.0855	5631	184	208
19.0884	5632	186	1408
19.0947	5633	186	1408
19.0979	5634	185	208
19.1009	5635	187	1408
19.1038	5636	186	1408
19.1075	5637	184	208
19.1105	5638	187	1408
19.1162	5639	188	1408
19.1166	5640	183	208
19.1196	5641	186	1408
19.1258	5642	186	1408
19.1262	5643	183	208
19.132	5644	188	1408
19.1349	5645	186	1408
19.1386	5646	184	208
19.1416	5647	187	1408
19.1474	5648	186	1408
19.1482	5649	183	208
19.1541	5650	188	1408
19.1569	5651	186	1408
19.1602	5652	185	208
19.1632	5653	188	1408
19.1694	5654	189	1408
19.1698	5655	184	208
19.1728	5656	187	1408
19.1785	5657	186	1408
19.1822	5658	186	208
19.1852	5659	188	1408
19.1881	5660	187	1408
19.1913	5661	184	208
19.1943	5662	187	1408
19.2005	5663	188	1408
19.2009	5664	184	208
19.2039	5665	186	1408
19.2096	5666	186	1408
19.2134	5667	186	208
19.2164	5668	188	1408
19.2192	5669	187	1408
19.2225	5670	184	208
19.2255	5671	187	1408
19.2317	5672	186	1408
19.2349	5673	185	208
19.2379	5674	187	1408
19.2408	5675	186	1408
19.2445	5676	184	208
19.2475	5677	187	1408
19.2532	5678	188	1408
19.2536	5679	183	208
19.2566	5680	186	1408
19.2628	5681	186	1408
19.2661	5682	186	208
19.2691	5683	188	1408
19.2719	5684	186	1408
19.2757	5685	184	208
19.2786	5686	187	1408
19.2844	5687	186	1408
19.2852	5688	183	208
19.2911	5689	188	1408
19.294	5690	186	1408
19.2972	5691	184	208
19.3002	5692	187	1408
19.3064	5693	187	1408
19.3068	5694	183	208
19.3126	5695	188	1408
19.3155	5696	186	1408
19.3193	5697	186	208
19.3222	5698	188	1408
19.3251	5699	187	1408
19.3284	5700	184	208
19.3313	5701	187	1408
19.3376	5702	187	1408
19.3379	5703	183	208
19.3438	5704	188	1408
19.3467	5705	186	1408
19.3504	5706	184	208
19.3534	5707	187	1408
19.3591	5708	188	1408
19.3595	5709	184	208
19.3625	5710	186	1408
19.3687	5711	186	1408
19.372	5712	185	208
19.3749	5713	187	1408
19.3778	5714	186	1408
19.3815	5715	184	208
19.3845	5716	187	1408
19.3903	5717	186	1408
19.3911	5718	183	208
19.397	5719	187	1408
19.3998	5720	186	1408
19.4031	5721	184	208
19.4061	5722	187	1408
19.4123	5723	188	1408
19.4127	5724	184	208
19.4156	5725	186	1408
19.4214	5726	186	1408
19.4223	5727	183	208
19.4281	5728	188	1408
19.431	5729	186	1408
19.4342	5730	184	208
19.4372	5731	187	1408
19.4434	5732	188	1408
19.4438	5733	184	208
19.4468	5734	186	1408
19.4525	5735	186	1408
19.4563	5736	186	208
19.4592	5737	188	1408
19.4621	5738	187	1408
19.4654	5739	184	208
19.4683	5740	187	1408
19.4746	5741	186	1408
19.4778	5742	185	208
19.4808	5743	187	1408
19.4837	5744	186	1408
19.4874	5745	184	208
19.4904	5746	187	1408
19.4961	5747	188	1408
19.4965	5748	184	208
19.5	5749	186	1408
19.5057	5750	186	1408
19.509	5751	185	208
19.5119	5752	187	1408
19.5148	5753	186	1408
19.5186	5754	184	208
19.5215	5755	187	1408
19.5273	5756	186	1408
19.5281	5757	183	208
19.534	5758	187	1408
19.5369	5759	186	1408
19.5401	5760	184	208
19.5431	5761	187	1408
19.5493	5762	187	1408
19.5497	5763	183	208
19.5555	5764	188	1408
19.5584	5765	186	1408
19.5621	5766	186	208
19.5651	5767	188	1408
19.568	5768	186	1408
19.5713	5769	184	208
19.5742	5770	187	1408
19.5805	5771	187	1408
19.5808	5772	183	208
19.5867	5773	188	1408
19.5896	5774	186	1408
19.5933	5775	184	208
19.5963	5776	187	1408
19.602	5777	188	1408
19.6024	5778	184	208
19.6058	5779	186	1408
19.6116	5780	186	1408
19.6148	5781	185	208
19.6178	5782	187	1408
19.6207	5783	186	1408
19.6244	5784	184	208
19.6274	5785	187	1408
19.6332	5786	186	1408
19.6369	5787	185	208
19.6399	5788	187	1408
19.6427	5789	186	1408
19.646	5790	183	208
19.649	5791	186	1408
19.6552	5792	188	1408
19.6556	5793	184	208
19.6585	5794	186	1408
19.6643	5795	186	1408
19.6651	5796	183	208
19.671	5797	187	1408
19.6739	5798	186	1408
19.6771	5799	184	208
19.6801	5800	187	1408
19.6863	5801	188	1408
19.6867	5802	184	208
19.6897	5803	186	1408
19.6954	5804	186	1408
19.6992	5805	186	208
19.7021	5806	188	1408
19.705	5807	187	1408
19.7083	5808	184	208
19.7112	5809	187	1408
19.7175	5810	187	1408
19.7178	5811	183	208
19.7237	5812	188	1408
19.7266	5813	186	1408
19.7303	5814	184	208
19.7333	5815	187	1408
19.739	5816	188	1408
19.7394	5817	184	208
19.7429	5818	186	1408
19.7486	5819	186	1408
19.7519	5820	185	208
19.7548	5821	187	1408
19.7577	5822	186	1408
19.7614	5823	184	208
19.7644	5824	187	1408
19.7702	5825	186	1408
19.7739	5826	185	208
19.7769	5827	187	1408
19.7797	5828	186	1408
19.783	5829	184	208
19.786	5830	186	1408
19.7922	5831	187	1408
19.7926	5832	183	208
19.7984	5833	188	1408
19.8013	5834	186	1408
19.805	5835	186	208
19.808	5836	188	1408
19.8109	5837	186	1408
19.8141	5838	184	208
19.8171	5839	187	1408
19.8233	5840	187	1408
19.8266	5841	186	208
19.8296	5842	188	1408
19.8324	5843	186	1408
19.8362	5844	184	208
19.8392	5845	187	1408
19.8449	5846	187	1408
19.8486	5847	187	208
19.8516	5848	189	1408
19.8545	5849	187	1408
19.8577	5850	186	208
19.8607	5851	188	1408
19.8669	5852	189	1408
19.8702	5853	187	208
19.8732	5854	190	1408
19.8765	5855	187	1408
19.8798	5856	186	208
19.8827	5857	188	1408
19.8885	5858	189	1408
19.8922	5859	187	208
19.8952	5860	190	1408
19.8981	5861	188	1408
19.9013	5862	187	208
19.9043	5863	189	1408
19.9105	5864	189	1408
19.9138	5865	188	208
19.9168	5866	190	1408
19.9196	5867	189	1408
19.9234	5868	187	208
19.9263	5869	190	1408
19.9321	5870	191	1408
19.9325	5871	187	208
19.9359	5872	189	1408
19.9417	5873	189	1408
19.9449	5874	188	208
19.9479	5875	190	1408
19.9508	5876	189	1408
19.9545	5877	187	208
19.9575	5878	190	1408
19.9632	5879	190	1408
19.967	5880	189	208
19.9699	5881	191	1408
19.9728	5882	189	1408
19.9761	5883	187	208
19.979	5884	190	1408
19.9853	5885	191	1408
19.9885	5886	190	208
19.9915	5887	192	1408
19.9949	5888	190	1408
19.9981	5889	190	208
