0.0937014	1	84	1404
0.0965736	2	87	1406
0.0969496	3	87	206
0.0999176	4	90	1406
0.10279	5	93	1406
0.103166	6	94	206
0.106134	7	97	1406
0.109006	8	100	1406
0.109382	9	100	206
0.11235	10	103	1406
0.115222	11	106	1406
0.115598	12	103	206
0.118566	13	106	1406
0.121438	14	105	1406
0.214406	15	61	206
0.220246	16	65	1406
0.232678	17	64	1406
0.245486	18	66	206
0.251326	19	71	1406
0.257542	20	71	1406
0.264134	21	73	206
0.267102	22	75	1406
0.279062	23	81	1406
0.282782	24	79	206
0.288622	25	84	1406
0.29771	26	87	1406
0.301434	27	86	206
0.304402	28	88	1406
0.31637	29	94	1406
0.322968	30	94	206
0.325936	31	97	1406
0.33503	32	101	1406
0.338754	33	98	206
0.344596	34	103	1406
0.350816	35	104	1406
0.360288	36	108	206
0.363256	37	110	1406
0.37235	38	114	1406
0.38517	39	121	206
0.391486	40	126	1406
0.403454	41	133	1406
0.410052	42	134	206
0.41302	43	136	1406
0.422114	44	140	1406
0.428712	45	141	206
0.43168	46	144	1406
0.440774	47	148	1406
0.453594	48	156	206
0.456562	49	159	1406
0.462782	50	160	1406
0.472254	51	161	206
0.475222	52	164	1406
0.487664	53	171	1406
0.494262	54	173	206
0.49723	55	176	1406
0.502976	56	176	1406
0.512922	57	181	206
0.51589	58	184	1406
0.527858	59	191	1406
0.534456	60	193	206
0.537424	61	195	1406
0.546518	62	198	1406
0.559338	63	202	206
0.562306	64	205	1406
0.577622	65	213	1406
0.590444	66	214	207
0.593414	67	217	1407
0.608732	68	222	1407
0.615332	69	220	207
0.618302	70	223	1407
0.630746	71	226	1407
0.637346	72	227	207
0.640316	73	230	1407
0.652286	74	229	1407
0.658886	75	226	207
0.661856	76	229	1407
0.677174	77	226	1407
0.683774	78	220	207
0.686744	79	223	1407
0.699188	80	226	1407
0.70244	81	226	207
0.70541	82	229	1407
0.711632	83	229	1407
0.71201	84	227	207
0.71498	85	229	1407
0.724076	86	233	1407
0.727328	87	233	207
0.730298	88	236	1407
0.73652	89	236	1407
0.739772	90	236	207
0.742742	91	239	1407
0.752312	92	236	1407
0.75269	93	233	207
0.75566	94	236	1407
0.761408	95	238	1407
0.765134	96	239	207
0.768104	97	241	1407
0.774326	98	239	1407
0.774704	99	236	207
0.777674	100	239	1407
0.78677	101	239	1407
0.787148	102	237	207
0.790118	103	240	1407
0.79634	104	239	1407
0.796718	105	236	207
0.799688	106	239	1407
0.803414	108	236	207
0.806384	109	239	1407
0.81548	110	240	1407
0.816332	111	238	207
0.819302	112	241	1407
0.825524	113	238	1407
0.834998	114	237	207
0.837968	115	240	1407
0.847064	116	241	1407
0.857016	117	235	207
0.859986	118	237	1407
0.875316	119	238	1407
0.885274	120	232	207
0.888244	121	235	1407
0.903574	122	235	1407
0.91018	123	232	207
0.91315	124	235	1407
0.925128	125	235	1407
0.931734	126	231	207
0.934704	127	234	1407
0.947158	128	235	1407
0.953764	129	232	207
0.956734	130	235	1407
0.965836	131	228	1407
0.972442	132	226	207
0.975412	133	229	1407
0.984514	134	225	1407
0.987768	135	222	207
0.990738	136	225	1407
1.00272	137	231	1407
1.0031	138	228	207
1.00607	139	231	1407
1.0123	140	228	1407
1.01843	141	228	207
1.0214	142	231	1407
1.02763	143	231	1407
1.03376	144	231	207
1.03673	145	234	1407
1.04296	146	230	1407
1.0491	147	234	207
1.05207	148	237	1407
1.05494	149	233	1407
1.06155	150	233	207
1.06452	151	236	1407
1.07362	152	239	1407
1.074	153	237	207
1.07697	154	239	1407
1.08273	155	242	1407
1.08311	156	240	207
1.08608	157	242	1407
1.08895	158	241	1407
1.0898	159	239	207
1.09277	160	242	1407
1.09565	161	242	1407
1.09603	162	240	207
1.099	163	242	1407
1.10187	164	242	1407
1.10225	165	240	207
1.10569	167	239	1407
1.10857	168	240	1407
1.10895	169	233	207
1.11192	170	236	1407
1.11479	171	236	1407
1.11804	172	237	207
1.12101	173	240	1407
1.12389	174	238	1407
1.12427	175	237	207
1.12724	176	239	1407
1.13346	177	235	1407
1.13672	178	229	207
1.13969	179	232	1407
1.14591	180	225	1407
1.14917	181	214	207
1.15214	182	217	1407
1.15836	183	210	1407
1.15874	184	208	207
1.16171	185	210	1407
1.16794	186	204	1407
1.17119	187	198	207
1.17416	188	201	1407
1.17991	189	194	1407
1.18364	190	189	207
1.18661	191	192	1407
1.19236	192	185	1407
1.19609	193	180	207
1.19906	194	183	1407
1.20481	195	179	1407
1.20519	196	178	207
1.20816	197	180	1407
1.21438	198	179	1407
1.21476	199	170	207
1.21773	200	173	1407
1.22348	201	173	1407
1.22721	202	165	207
1.23018	203	168	1407
1.23306	204	167	1407
1.23631	205	164	207
1.23928	206	167	1407
1.24263	207	161	1407
1.24588	208	158	207
1.24885	209	161	1407
1.2546	210	158	1407
1.25498	211	151	207
1.25795	212	154	1407
1.26418	213	152	1407
1.26456	214	149	207
1.26753	215	152	1407
1.27328	216	149	1407
1.27654	217	143	207
1.27951	218	146	1407
1.28239	219	145	1407
1.28565	220	143	207
1.28862	221	146	1407
1.29149	222	145	1407
1.29187	223	142	207
1.29484	224	145	1407
1.30059	225	148	1407
1.30097	226	145	207
1.30394	227	148	1407
1.30682	228	149	1407
1.30719	229	147	207
1.31016	230	150	1407
1.31352	231	150	1407
1.31928	232	153	1409
1.31966	233	151	207
1.32263	234	154	1407
1.3255	235	154	1407
1.32588	236	152	207
1.32885	237	154	1407
1.33172	238	155	1407
1.33498	239	155	207
1.33795	240	158	1407
1.34083	241	159	1407
1.34121	242	157	207
1.34418	243	160	1407
1.34993	244	162	1407
1.35319	245	164	207
1.35616	246	167	1407
1.35904	247	167	1407
1.35941	248	165	207
1.36238	249	168	1407
1.36813	250	171	1407
1.36851	251	169	207
1.37148	252	172	1407
1.37771	253	175	1407
1.37809	254	172	207
1.38106	255	175	1407
1.38681	256	174	1408
1.39054	257	172	208
1.39351	258	175	1408
1.39926	259	178	1408
1.39964	260	176	208
1.40262	261	179	1408
1.40884	262	180	1408
1.40922	263	179	208
1.4122	264	182	1408
1.41795	265	183	1408
1.42168	266	181	208
1.42465	267	184	1408
1.4304	268	184	1408
1.43126	269	179	208
1.43423	270	182	1408
1.44286	271	183	1408
1.44659	272	182	208
1.44956	273	185	1408
1.45244	274	186	1408
1.4557	275	187	208
1.45867	276	190	1408
1.46154	277	190	1408
1.46528	278	191	208
1.46825	279	194	1408
1.474	280	197	1408
1.47438	281	195	208
1.47735	282	198	1408
1.48358	283	200	1408
1.48684	284	196	208
1.48981	285	199	1408
1.49604	286	203	1408
1.49977	287	200	208
1.50274	288	203	1408
1.50849	289	206	1408
1.51175	290	203	208
1.51472	291	206	1408
1.52382	292	209	1408
1.5242	293	206	208
1.52718	294	209	1408
1.53628	295	212	1408
1.53666	296	209	208
1.53963	297	212	1408
1.54874	298	215	1408
1.55247	299	213	208
1.55544	300	216	1408
1.55832	301	216	1408
1.56492	302	216	208
1.5679	303	219	1408
1.57365	304	222	1408
1.57403	305	220	208
1.577	306	223	1408
1.58323	307	223	1408
1.58648	308	222	208
1.58946	309	225	1408
1.59568	310	229	1408
1.59894	311	228	208
1.60191	312	231	1408
1.60479	313	231	1408
1.60852	314	229	208
1.61149	315	232	1408
1.61724	316	235	1408
1.62098	317	235	208
1.62395	318	238	1408
1.6272	320	236	208
1.63018	321	239	1408
1.6364	322	238	1408
1.63966	323	239	208
1.64636	326	236	208
1.64934	327	239	1408
1.65556	328	239	1408
1.65594	329	237	208
1.65892	330	240	1408
1.66179	331	241	1408
1.66265	332	240	208
1.66562	334	241	1408
1.666	335	238	208
1.66897	336	240	1408
1.67232	337	242	1408
1.6727	338	240	208
1.67568	340	241	1408
1.67606	341	239	208
1.67903	343	240	1408
1.68526	346	242	1408
1.69101	349	243	1408
1.69139	350	238	208
1.69436	351	241	1408
1.69724	352	242	1408
1.69762	353	238	208
1.70059	354	241	1408
1.70144	356	239	208
1.70442	358	240	1408
1.7048	359	236	208
1.70777	360	239	1408
1.70815	362	236	208
1.71112	363	239	1408
1.714	364	240	1408
1.71485	365	236	208
1.71782	366	239	1408
1.7182	368	234	208
1.72118	369	237	1408
1.72693	370	241	1408
1.72731	371	237	208
1.73028	372	240	1408
1.73114	374	237	208
1.73411	375	240	1408
1.73698	376	241	1408
1.74024	377	238	208
1.74321	378	241	1408
1.74694	380	237	208
1.74992	381	240	1408
1.75279	382	242	1408
1.75317	383	241	208
1.75365	386	235	208
1.75662	387	238	1408
1.76035	389	239	208
1.7637	392	235	208
1.76668	393	238	1408
1.7729	394	238	1408
1.77328	395	236	208
1.77626	396	239	1408
1.78248	397	239	1408
1.78286	398	233	208
1.78584	399	236	1408
1.79494	400	238	1408
1.79532	401	233	208
1.79829	402	236	1408
1.8074	403	239	1408
1.81065	404	236	208
1.81362	405	239	1408
1.81985	406	236	1408
1.82311	407	236	208
1.82608	408	239	1408
1.83231	409	236	1408
1.83269	410	233	208
1.83566	411	236	1408
1.84476	412	236	1408
1.84802	413	233	208
1.85099	414	235	1408
1.85387	415	235	1408
1.8576	416	230	208
1.86057	417	233	1408
1.86632	418	233	1408
1.87006	419	233	208
1.87303	420	236	1408
1.87878	421	235	1408
1.88251	422	233	208
1.88548	423	236	1408
1.89124	424	236	1408
1.89497	425	232	208
1.89794	426	235	1408
1.90369	427	239	1408
1.90742	428	236	208
1.9104	429	239	1408
1.91615	430	239	1408
1.91941	431	235	208
1.92238	432	238	1408
1.92574	433	238	1411
1.9315	434	241	1408
1.93476	435	238	208
1.9435	437	237	1411
1.94926	438	242	1411
1.95587	440	240	208
1.95884	442	239	1408
1.96509	445	240	1411
1.96835	447	239	208
1.97132	448	242	1408
1.9742	449	242	1408
1.97708	450	242	1411
1.97746	451	241	208
1.9837	455	238	211
1.98668	456	241	1411
1.98706	457	241	208
1.99042	459	239	211
1.9934	460	242	1411
1.99378	462	239	208
1.99675	463	242	1408
1.99963	464	242	1408
2.00587	468	241	1411
2.00625	470	239	208
2.00922	471	242	1408
2.01209	473	241	1408
2.01247	474	238	208
2.01545	475	241	1408
2.01918	478	238	208
2.02589	481	235	208
2.02886	482	238	1408
2.03461	484	240	1408
2.03499	485	237	208
2.04084	487	237	1408
2.04372	488	236	1411
2.04745	489	237	208
2.05043	490	240	1408
2.0533	491	241	1408
2.05618	493	241	1411
2.05656	494	240	208
2.05954	496	239	1411
2.0629	498	239	1411
2.06616	500	240	208
2.07248	502	239	1408
2.07909	503	234	208
2.08206	504	235	1408
2.08781	505	227	1408
2.08819	506	216	208
2.09116	507	217	1408
2.09404	508	207	1408
2.09442	509	195	208
2.09739	510	196	1408
2.10027	511	186	1408
2.104	512	178	208
2.10985	513	181	1408
2.11895	514	177	1408
2.12268	515	169	208
2.12853	516	173	1408
2.13764	517	169	1408
2.14137	518	161	208
2.14722	519	165	1408
2.15632	520	161	1408
2.16544	521	158	1411
2.17167	522	151	1411
2.18078	523	148	1411
2.18981	524	144	211
2.19278	525	145	1411
2.20142	526	142	1411
2.21053	527	138	1411
2.21965	528	134	1411
2.22829	529	131	1411
2.2374	530	127	1411
2.24363	531	121	1411
2.24737	532	119	211
2.25323	533	124	1411
2.25611	534	123	1411
2.26187	535	123	1411
2.26522	536	123	1411
2.27098	537	124	1411
2.27674	538	125	1411
2.2801	539	125	1411
2.28586	540	125	1411
2.29161	541	127	1411
2.29497	542	126	1411
2.30073	543	127	1411
2.30649	544	129	1411
2.30937	545	128	1411
2.3156	546	129	1411
2.32136	547	131	1411
2.32222	548	127	208
2.32807	549	133	1408
2.33094	550	130	1408
2.3342	551	130	208
2.33717	552	132	1408
2.3434	553	134	1408
2.34378	554	130	208
2.34675	555	132	1408
2.3525	556	134	1408
2.35623	557	133	208
2.35921	558	136	1408
2.36496	559	136	1408
2.36534	560	133	208
2.36879	561	135	1408
2.37454	562	137	1408
2.37779	563	136	208
2.38077	564	138	1408
2.38412	565	138	1408
2.38737	566	136	208
2.39035	567	139	1408
2.3961	568	140	1408
2.39695	569	136	208
2.4028	570	141	1408
2.40568	571	140	1408
2.40893	572	139	208
2.41191	573	141	1408
2.41813	574	144	1408
2.42139	575	142	208
2.42436	576	145	1408
2.42724	577	143	1408
2.43097	578	142	208
2.43394	579	144	1408
2.43969	580	146	1408
2.44007	581	143	208
2.44352	582	145	1408
2.44927	583	147	1408
2.45253	584	145	208
2.4555	585	147	1408
2.46173	586	149	1408
2.46211	587	145	208
2.46508	588	147	1408
2.47083	589	148	1408
2.47457	590	147	208
2.47754	591	149	1408
2.48329	592	151	1408
2.48415	593	147	208
2.48999	594	151	1408
2.49287	595	149	1408
2.49613	596	149	208
2.4991	597	151	1408
2.50533	598	152	1408
2.50571	599	148	208
2.50868	600	150	1408
2.51443	601	151	1408
2.51816	602	151	208
2.52113	603	153	1408
2.52689	604	153	1408
2.52774	605	149	208
2.53071	606	152	1408
2.53647	607	153	1408
2.53972	608	151	208
2.54269	609	154	1408
2.54892	610	155	1408
2.55218	611	154	208
2.55515	612	157	1408
2.5585	613	155	1408
2.56176	614	153	208
2.56473	615	155	1408
2.57048	616	157	1408
2.57421	617	156	208
2.57719	618	158	1408
2.58294	619	159	1408
2.58332	620	155	208
2.58677	621	157	1408
2.59252	622	159	1408
2.59577	623	157	208
2.59875	624	159	1408
2.60497	625	161	1408
2.60535	626	157	208
2.60833	627	159	1408
2.61408	628	160	1408
2.61781	629	159	208
2.62078	630	161	1408
2.62653	631	162	1408
2.62739	632	159	208
2.63036	633	161	1408
2.63611	634	162	1408
2.63937	635	161	208
2.64234	636	163	1408
2.64857	637	164	1408
2.65183	638	162	208
2.6548	639	165	1408
2.65767	640	163	1408
2.66141	641	162	208
2.66438	642	165	1408
2.67013	643	166	1408
2.67386	644	164	208
2.67683	645	167	1408
2.68259	646	168	1408
2.68297	647	163	208
2.68594	648	165	1408
2.69217	649	168	1408
2.69542	650	166	208
2.69839	651	168	1408
2.70175	652	167	1408
2.705	653	166	208
2.70797	654	167	1408
2.71373	655	169	1408
2.71746	656	168	208
2.72043	657	170	1408
2.72618	658	171	1408
2.72656	659	167	208
2.72953	660	169	1408
2.73576	661	170	1408
2.73902	662	170	208
2.74199	663	171	1408
2.74822	664	173	1408
2.7486	665	169	208
2.75157	666	171	1408
2.75732	667	172	1408
2.76105	668	171	208
2.76403	669	174	1408
2.76978	670	174	1408
2.77351	671	173	208
2.77648	672	176	1408
2.77936	673	174	1408
2.78261	674	172	208
2.78559	675	175	1408
2.79181	676	176	1408
2.79507	677	175	208
2.79804	678	177	1408
2.80139	679	176	1408
2.80465	680	174	208
2.80762	681	176	1408
2.81337	682	178	1408
2.81711	683	177	208
2.82008	684	179	1408
2.82295	685	177	1408
2.82621	686	176	208
2.82966	687	178	1408
2.83541	688	179	1408
2.83867	689	178	208
2.84164	690	180	1408
2.84787	691	181	1408
2.84825	692	178	208
2.85122	693	180	1408
2.85697	694	180	1408
2.8607	695	180	208
2.86367	696	182	1408
2.86943	697	183	1408
2.87028	698	180	208
2.87325	699	182	1408
2.87901	700	183	1408
2.88226	701	181	208
2.88523	702	184	1408
2.89146	703	185	1408
2.89472	704	183	208
2.89769	705	186	1408
2.90057	706	184	1408
2.9043	707	183	208
2.90727	708	186	1408
2.91302	709	187	1408
2.91388	710	182	208
2.91973	711	187	1408
2.9226	712	186	1408
2.92586	713	184	208
2.92883	714	186	1408
2.93506	715	189	1408
2.93831	716	187	208
2.94129	717	189	1408
2.94416	718	188	1408
2.94789	719	186	208
2.95087	720	188	1408
2.95662	721	189	1408
2.96035	722	189	208
2.96332	723	191	1408
2.96907	724	192	1408
2.96945	725	188	208
2.97243	726	190	1408
2.97865	727	191	1408
2.98191	728	190	208
2.98488	729	192	1408
2.99111	730	194	1408
2.99149	731	189	208
2.99446	732	192	1408
3.00021	733	193	1408
3.00395	734	191	208
3.00692	735	194	1408
3.01267	736	195	1408
3.01353	737	191	208
3.0165	738	194	1408
3.02225	739	195	1408
3.02551	740	193	208
3.02848	741	195	1408
3.03471	742	197	1408
3.03796	743	195	208
3.04093	744	197	1408
3.04381	745	196	1408
3.04754	746	195	208
3.05051	747	197	1408
3.05627	748	199	1408
3.06	749	197	208
3.06297	750	199	1408
3.06872	751	200	1408
3.0691	752	197	208
3.07207	753	199	1408
3.0783	754	200	1408
3.08156	755	199	208
3.08453	756	201	1408
3.09076	757	202	1408
3.09114	758	199	208
3.09411	759	201	1408
3.09986	760	201	1408
3.10359	761	200	208
3.10657	762	203	1408
3.11232	763	204	1408
3.1127	764	199	208
3.11567	765	202	1408
3.1219	766	203	1408
3.12515	767	202	208
3.12813	768	205	1408
3.13435	769	206	1408
3.13761	770	204	208
3.14058	771	207	1408
3.14346	772	205	1408
3.14719	773	204	208
3.15016	774	206	1408
3.15591	775	207	1408
3.15965	776	206	208
3.16262	777	208	1408
3.16549	778	207	1408
3.16875	779	205	208
3.17172	780	207	1408
3.17795	781	209	1408
3.18121	782	208	208
3.18418	783	210	1408
3.19041	784	211	1408
3.19079	785	207	208
3.19376	786	209	1408
3.19951	787	210	1408
3.20324	788	210	208
3.20621	789	212	1408
3.21197	790	212	1408
3.21235	791	209	208
3.21532	792	211	1408
3.22155	793	212	1408
3.2248	794	210	208
3.22777	795	213	1408
3.234	796	215	1408
3.23438	797	210	208
3.23735	798	213	1408
3.24311	799	214	1408
3.24684	800	212	208
3.24981	801	215	1408
3.25556	802	216	1408
3.25594	803	211	208
3.26227	804	217	1408
3.26514	805	216	1408
3.2684	806	214	208
3.27137	807	216	1408
3.2776	808	218	1408
3.27798	809	213	208
3.28383	810	218	1408
3.2867	811	217	1408
3.29043	812	216	208
3.29341	813	218	1408
3.29916	814	219	1408
3.30001	815	216	208
3.30586	816	220	1408
3.30874	817	218	1408
3.31199	818	217	208
3.31497	819	219	1408
3.32119	820	221	1408
3.32445	821	220	208
3.32742	822	222	1408
3.33077	823	220	1408
3.33403	824	219	208
3.337	825	222	1408
3.34275	826	222	1408
3.34649	827	221	208
3.34946	828	224	1408
3.35521	829	225	1408
3.35559	830	220	208
3.35856	831	223	1408
3.36479	832	224	1408
3.36805	833	223	208
3.37102	834	225	1408
3.37725	835	227	1408
3.37763	836	222	208
3.38347	837	227	1408
3.38635	838	226	1408
3.39008	839	225	208
3.39305	840	227	1408
3.39881	841	228	1408
3.40254	842	227	208
3.40551	843	229	1408
3.40839	844	228	1408
3.41164	845	226	208
3.41461	846	228	1408
3.42084	847	229	1408
3.4241	848	229	208
3.42707	849	231	1408
3.42995	850	228	1408
3.43368	851	228	208
3.43665	852	230	1408
3.4424	853	231	1408
3.44278	854	227	208
3.44575	855	229	1408
3.45198	856	230	1408
3.45524	857	229	208
3.45821	858	232	1408
3.46444	859	233	1408
3.46482	860	228	208
3.46779	861	231	1408
3.47354	862	232	1408
3.47727	863	231	208
3.48025	864	234	1408
3.486	865	234	1408
3.48638	866	230	208
3.48935	867	232	1408
3.49558	868	234	1408
3.49596	869	229	208
3.50181	870	234	1408
3.50468	871	233	1408
3.50841	872	232	208
3.51139	873	234	1408
3.51714	874	236	1408
3.51752	875	231	208
3.52049	876	233	1408
3.52672	877	234	1408
3.52997	878	233	208
3.53295	879	235	1408
3.53917	880	237	1408
3.53955	881	233	208
3.54253	882	235	1408
3.54828	883	236	1408
3.54866	884	232	208
3.55498	885	237	1408
3.55786	886	235	1408
3.56111	887	234	208
3.56409	888	237	1408
3.57031	889	238	1408
3.57069	890	233	208
3.57367	891	236	1408
3.57942	892	237	1408
3.58315	893	236	208
3.58612	894	239	1408
3.589	895	236	1408
3.59225	896	235	208
3.59523	897	237	1408
3.60145	898	239	1408
3.60471	899	237	208
3.60768	900	239	1408
3.61056	901	238	1408
3.61141	902	234	208
3.61439	903	236	1408
3.62014	904	238	1408
3.62052	905	233	208
3.62349	906	235	1408
3.62972	907	236	1408
3.63297	908	235	208
3.63595	909	237	1408
3.64217	910	239	1408
3.64255	911	235	208
3.64553	912	237	1408
3.65128	913	238	1408
3.65501	914	238	208
3.65798	915	239	1408
3.66373	916	240	1408
3.66411	917	236	208
3.66709	918	239	1408
3.67331	919	240	1408
3.67657	920	238	208
3.67954	921	241	1408
3.68242	922	239	1408
3.68327	923	235	208
3.68625	924	238	1408
3.68912	925	236	1408
3.69238	926	234	208
3.69535	927	237	1408
3.70158	928	238	1408
3.70196	929	233	208
3.70781	930	238	1408
3.71068	931	237	1408
3.71441	932	236	208
3.71739	933	238	1408
3.72314	934	240	1408
3.72352	935	235	208
3.72649	936	237	1408
3.73272	937	239	1408
3.73597	938	237	208
3.73895	939	239	1408
3.74517	940	241	1408
3.74555	941	237	208
3.74853	942	239	1408
3.75428	943	240	1408
3.75466	944	236	208
3.76098	946	236	1408
3.76424	947	236	208
3.76721	948	238	1408
3.77344	949	239	1408
3.77382	950	234	208
3.77679	951	237	1408
3.78254	952	238	1408
3.78292	953	233	208
3.78589	954	236	1408
3.79212	955	238	1408
3.79538	956	236	208
3.79835	957	239	1408
3.80123	958	237	1408
3.80496	959	235	208
3.80793	960	237	1408
3.81368	961	239	1408
3.81406	962	235	208
3.81703	963	237	1408
3.82326	964	239	1408
3.82652	965	237	208
3.82949	966	239	1408
3.83237	967	238	1408
3.8361	968	237	208
3.83907	969	239	1408
3.84482	970	239	1408
3.8452	971	236	208
3.84817	972	238	1408
3.8544	973	239	1408
3.85766	974	238	208
3.86063	975	240	1408
3.86436	977	235	208
3.86733	978	237	1408
3.87021	979	235	1408
3.87347	980	233	208
3.87644	981	236	1408
3.8822	982	237	1408
3.88305	983	233	208
3.88602	984	236	1408
3.89178	985	236	1408
3.89503	986	235	208
3.898	987	238	1408
3.90423	988	239	1408
3.90749	989	237	208
3.91046	990	239	1408
3.91334	991	238	1408
3.91707	992	237	208
3.92004	993	239	1408
3.92579	994	240	1408
3.92952	995	239	208
3.9325	996	241	1408
3.93537	997	240	1408
3.93575	998	235	208
3.93872	999	237	1408
3.9416	1000	236	1408
3.94198	1001	231	208
3.94495	1002	233	1408
3.95071	1003	234	1408
3.95444	1004	234	208
3.95741	1005	236	1408
3.96317	1006	237	1408
3.96355	1007	233	208
3.96699	1008	235	1408
3.97275	1009	236	1408
3.976	1010	236	208
3.97897	1011	237	1408
3.9852	1012	239	1408
3.98558	1013	234	208
3.98855	1014	237	1408
3.99431	1015	238	1408
3.99804	1016	237	208
4.00101	1017	240	1408
4.00762	1019	236	208
4.01059	1020	239	1408
4.01634	1021	240	1408
4.02007	1022	239	208
4.02305	1023	241	1408
4.02592	1024	239	1408
4.02678	1025	235	208
4.03263	1026	240	1408
4.03598	1027	239	1408
4.03923	1028	238	208
4.04221	1029	240	1408
4.04929	1031	238	208
4.05801	1033	241	1408
4.06462	1035	238	208
4.06759	1036	240	1408
4.0742	1038	238	208
4.0834	1040	242	1408
4.09251	1043	240	1408
4.09911	1044	241	208
4.10256	1045	241	1408
4.10917	1047	239	208
4.11502	1048	242	1408
4.11789	1049	240	1408
4.12163	1050	239	208
4.1246	1051	241	1408
4.12795	1052	239	1408
4.12833	1053	236	208
4.13178	1054	238	1408
4.13753	1055	239	1408
4.14126	1056	238	208
4.14423	1057	240	1408
4.14711	1058	239	1408
4.14749	1059	234	208
4.15046	1060	236	1408
4.15669	1061	237	1408
4.15995	1062	236	208
4.16292	1063	238	1411
4.16915	1064	240	1408
4.17203	1065	238	1408
4.17528	1066	236	208
4.17826	1067	239	1408
4.18448	1068	240	1408
4.18486	1069	235	208
4.19071	1071	236	1408
4.19109	1072	232	208
4.19406	1073	234	1408
4.19694	1074	231	1408
4.2002	1075	231	208
4.20317	1076	233	1408
4.21228	1077	237	1408
4.21266	1078	232	208
4.21563	1079	235	1408
4.22186	1080	236	1408
4.22511	1081	235	208
4.22809	1082	237	1408
4.23431	1083	238	1408
4.23469	1084	234	208
4.23767	1085	236	1408
4.24342	1086	237	1408
4.24715	1087	236	208
4.25012	1088	239	1408
4.253	1089	236	1408
4.25625	1090	235	208
4.25923	1091	237	1408
4.26545	1092	238	1408
4.26871	1093	237	208
4.27168	1094	239	1408
4.27791	1095	240	1408
4.28117	1096	239	208
4.28702	1098	240	1408
4.2874	1099	235	208
4.29037	1100	237	1408
4.29325	1101	236	1408
4.29363	1102	231	208
4.2966	1103	233	1408
4.29948	1104	231	1411
4.30236	1105	229	1408
4.30274	1106	225	208
4.30571	1107	227	1408
4.31147	1108	228	1408
4.31473	1109	226	208
4.3177	1110	229	1408
4.32393	1111	230	1408
4.32719	1112	229	208
4.33016	1113	231	1408
4.33639	1114	233	1408
4.33964	1115	231	208
4.34261	1116	233	1408
4.34885	1117	234	1411
4.35461	1118	235	1411
4.35748	1119	234	1408
4.36372	1120	235	1411
4.36698	1121	233	208
4.36996	1122	235	1411
4.37283	1123	233	1408
4.3786	1124	235	1411
4.38147	1125	233	1408
4.38474	1126	231	211
4.3906	1127	236	1411
4.39098	1128	232	208
4.39683	1129	237	1408
4.39971	1130	235	1408
4.40547	1131	236	1411
4.40873	1132	233	208
4.4117	1133	236	1408
4.41793	1134	237	1408
4.42119	1135	236	208
4.42416	1136	239	1408
4.43039	1137	240	1408
4.43364	1138	238	208
4.43661	1139	240	1408
4.43949	1140	239	1408
4.44322	1141	238	208
4.44619	1142	240	1408
4.4528	1144	237	208
4.45577	1145	239	1408
4.46153	1146	240	1408
4.46191	1147	236	208
4.46488	1148	238	1408
4.46823	1149	237	1408
4.47149	1150	235	208
4.47446	1151	238	1408
4.48069	1152	239	1408
4.48394	1153	237	208
4.48691	1154	240	1408
4.4898	1155	238	1411
4.49602	1156	240	1408
4.49928	1157	238	208
4.50225	1158	241	1408
4.50513	1159	239	1408
4.50598	1160	234	208
4.50896	1161	237	1408
4.51471	1162	238	1408
4.51509	1163	234	208
4.52141	1164	239	1408
4.52429	1165	238	1408
4.52754	1166	236	208
4.53052	1167	238	1408
4.53674	1168	239	1408
4.53712	1169	236	208
4.54297	1170	240	1408
4.54632	1171	239	1408
4.54958	1172	238	208
4.55255	1173	240	1408
4.55543	1174	238	1408
4.55581	1175	233	208
4.55878	1176	236	1408
4.56166	1177	234	1408
4.56491	1178	232	208
4.56788	1179	234	1408
4.57411	1180	236	1408
4.58035	1181	233	1411
4.5836	1182	232	208
4.58657	1183	234	1408
4.59233	1184	235	1408
4.59606	1185	235	208
4.59903	1186	237	1408
4.60478	1187	237	1408
4.60564	1188	233	208
4.60861	1189	236	1408
4.61436	1190	237	1408
4.61762	1191	235	208
4.62059	1192	238	1408
4.62682	1193	239	1408
4.6272	1194	235	208
4.63017	1195	237	1408
4.63592	1196	238	1408
4.6363	1197	234	208
4.63927	1198	236	1408
4.6455	1199	237	1408
4.64876	1200	236	208
4.65173	1201	238	1408
4.65796	1202	239	1408
4.65834	1203	236	208
4.66419	1205	236	1408
4.66792	1206	234	208
4.67089	1207	237	1408
4.67664	1208	238	1408
4.68037	1209	237	208
4.68335	1210	240	1408
4.6891	1211	241	1408
4.68948	1212	236	208
4.70826	1214	218	1408
4.70864	1215	218	208
4.71161	1216	221	1408
4.71737	1217	224	1408
4.72062	1218	223	208
4.7236	1219	225	1408
4.72647	1220	224	1408
4.7302	1221	224	208
4.73318	1222	226	1408
4.73893	1223	227	1408
4.74516	1224	229	1411
4.74554	1225	225	208
4.75139	1226	230	1408
4.75427	1227	229	1408
4.75465	1228	225	208
4.75762	1229	227	1408
4.76338	1230	229	1408
4.76711	1231	228	208
4.77008	1232	231	1408
4.77583	1233	231	1408
4.77621	1234	228	208
4.77966	1235	230	1408
4.78541	1236	232	1408
4.78867	1237	231	208
4.79164	1238	233	1408
4.79787	1239	235	1408
4.79825	1240	231	208
4.80122	1241	234	1408
4.80697	1242	234	1408
4.80735	1243	231	208
4.81032	1244	233	1408
4.8132	1245	232	1408
4.81358	1246	228	208
4.81655	1247	230	1408
4.81943	1248	229	1408
4.81981	1249	224	208
4.82278	1250	227	1408
4.82566	1251	225	1408
4.82939	1252	225	208
4.83236	1253	227	1408
4.83524	1254	226	1408
4.83849	1255	224	208
4.84146	1256	227	1408
4.84769	1257	228	1408
4.85095	1258	227	208
4.85392	1259	229	1408
4.8568	1260	228	1408
4.86053	1261	228	208
4.8635	1262	230	1408
4.86638	1263	229	1408
4.86963	1264	227	208
4.8726	1265	230	1408
4.87883	1266	231	1408
4.87921	1267	227	208
4.88218	1268	230	1408
4.88794	1269	228	1408
4.89167	1270	227	208
4.89464	1271	230	1408
4.90039	1272	231	1408
4.90077	1273	226	208
4.90374	1274	229	1408
4.90997	1275	229	1408
4.91323	1276	227	208
4.9162	1277	230	1408
4.92243	1278	231	1408
4.92281	1279	226	208
4.92578	1280	229	1408
4.93153	1281	230	1408
4.93526	1282	230	208
4.93824	1283	232	1408
4.94399	1284	232	1408
4.94772	1285	229	208
4.95069	1286	232	1408
4.95645	1287	232	1411
4.95933	1288	231	1408
4.96306	1289	231	208
4.96603	1290	233	1408
4.97178	1291	234	1408
4.97264	1292	229	208
4.97561	1293	232	1408
4.98136	1294	232	1408
4.99335	1295	225	1411
4.9942	1296	223	208
5.00005	1297	228	1408
5.00293	1298	227	1408
5.00331	1299	225	208
5.00916	1300	230	1408
5.01203	1301	229	1408
5.01576	1302	229	208
5.01874	1303	231	1408
5.02449	1304	231	1408
5.02534	1305	226	208
5.02832	1306	229	1408
5.03407	1307	229	1408
5.03732	1308	226	208
5.0403	1309	229	1408
5.04652	1310	231	1408
5.0469	1311	228	208
5.05275	1312	233	1408
5.05563	1313	232	1408
5.05936	1314	229	208
5.06233	1315	232	1408
5.06808	1316	233	1408
5.06846	1317	229	208
5.07144	1318	232	1408
5.07431	1319	229	1408
5.07804	1320	227	208
5.08102	1321	230	1408
5.08389	1322	226	1408
5.08715	1323	226	208
5.09012	1324	229	1408
5.093	1325	225	1408
5.09338	1326	223	208
5.09635	1327	225	1408
5.09922	1328	225	1408
5.0996	1329	222	208
5.10258	1330	224	1408
5.10545	1331	224	1408
5.10583	1332	220	208
5.1088	1333	223	1408
5.11168	1334	222	1408
5.11206	1335	220	208
5.11503	1336	222	1408
5.11791	1337	221	1408
5.11829	1338	217	208
5.12126	1339	220	1408
5.12414	1340	217	1408
5.12787	1341	213	208
5.13084	1342	216	1408
5.13659	1343	218	1408
5.13697	1344	213	208
5.13994	1345	216	1408
5.14617	1346	219	1408
5.14655	1347	214	208
5.14952	1348	217	1408
5.15528	1349	217	1408
5.15901	1350	217	208
5.16198	1351	219	1408
5.16486	1352	216	1408
5.16811	1353	214	208
5.17108	1354	217	1408
5.17731	1355	217	1408
5.18057	1356	217	208
5.18354	1357	219	1408
5.18977	1358	219	1408
5.19302	1359	217	208
5.196	1360	219	1408
5.19887	1361	216	1408
5.2026	1362	217	208
5.20558	1363	219	1408
5.21133	1364	220	1408
5.21171	1365	213	208
5.21468	1366	216	1408
5.22091	1367	216	1408
5.22416	1368	214	208
5.22714	1369	217	1408
5.23336	1370	217	1408
5.23662	1371	217	208
5.23959	1372	219	1408
5.24294	1373	216	1408
5.2462	1374	215	208
5.24917	1375	218	1408
5.25492	1376	219	1408
5.25866	1377	217	208
5.26163	1378	220	1408
5.27073	1379	217	1408
5.27399	1380	213	208
5.27696	1381	216	1408
5.27984	1382	213	1408
5.28357	1383	211	208
5.28654	1384	213	1408
5.29277	1385	213	1408
5.29602	1386	212	208
5.299	1387	213	1408
5.30475	1388	213	1408
5.30513	1389	208	208
5.31145	1390	213	1408
5.31433	1391	210	1408
5.31758	1392	208	208
5.32056	1393	210	1408
5.32343	1394	207	1408
5.32381	1395	201	208
5.32678	1396	203	1408
5.32966	1397	200	1408
5.33004	1398	196	208
5.33301	1399	198	1408
5.33589	1400	194	1408
5.33627	1401	189	208
5.34259	1402	194	1408
5.34547	1403	191	1408
5.34872	1404	189	208
5.3517	1405	191	1408
5.35792	1406	191	1408
5.3583	1407	186	208
5.36415	1408	191	1408
5.3675	1409	188	1408
5.37076	1410	187	208
5.37373	1411	189	1408
5.37948	1412	190	1408
5.37986	1413	186	208
5.38619	1414	192	1408
5.38906	1415	190	1408
5.39232	1416	188	208
5.39529	1417	191	1408
5.40152	1418	192	1408
5.4019	1419	187	208
5.40487	1420	190	1408
5.41062	1421	191	1408
5.41436	1422	190	208
5.41733	1423	192	1408
5.4202	1424	191	1408
5.42346	1425	189	208
5.42643	1426	191	1408
5.43266	1427	192	1408
5.43304	1428	189	208
5.43601	1429	191	1408
5.44176	1430	191	1408
5.4455	1431	191	208
5.44847	1432	193	1408
5.45422	1433	194	1408
5.4546	1434	189	208
5.45757	1435	192	1408
5.4638	1436	193	1408
5.46706	1437	192	208
5.47003	1438	194	1408
5.47626	1439	196	1408
5.47664	1440	191	208
5.47961	1441	193	1408
5.48536	1442	195	1408
5.48909	1443	194	208
5.49206	1444	196	1408
5.49782	1445	196	1408
5.4982	1446	193	208
5.50117	1447	195	1408
5.5074	1448	196	1408
5.51065	1449	195	208
5.51362	1450	197	1408
5.51985	1451	198	1408
5.52023	1452	194	208
5.5232	1453	197	1408
5.52896	1454	197	1408
5.53269	1455	196	208
5.53566	1456	198	1408
5.54141	1457	200	1408
5.54179	1458	195	208
5.54476	1459	197	1408
5.54764	1460	196	1408
5.54802	1461	192	208
5.55099	1462	193	1408
5.55722	1463	195	1408
5.5576	1464	191	208
5.56057	1465	193	1408
5.56632	1466	194	1408
5.57006	1467	193	208
5.57303	1468	196	1408
5.57878	1469	196	1408
5.57916	1470	192	208
5.58213	1471	195	1408
5.58836	1472	196	1408
5.58874	1473	191	208
5.59459	1474	196	1408
5.59746	1475	195	1408
5.6012	1476	194	208
5.60417	1477	196	1408
5.60992	1478	197	1408
5.6103	1479	193	208
5.61327	1480	195	1408
5.6195	1481	196	1408
5.61988	1482	192	208
5.62573	1483	197	1408
5.6286	1484	195	1408
5.63234	1485	194	208
5.63531	1486	197	1408
5.64106	1487	198	1408
5.64144	1488	193	208
5.64441	1489	196	1408
5.65064	1490	197	1408
5.65102	1491	193	208
5.65687	1492	197	1408
5.65974	1493	196	1408
5.66348	1494	195	208
5.66645	1495	197	1408
5.6722	1496	199	1408
5.67258	1497	194	208
5.67555	1498	196	1408
5.68178	1499	197	1408
5.68216	1500	194	208
5.68801	1501	199	1408
5.69088	1502	196	1408
5.69462	1503	195	208
5.69759	1504	198	1408
5.70334	1505	199	1408
5.7042	1506	195	208
5.70717	1507	198	1408
5.71292	1508	198	1408
5.71618	1509	197	208
5.71915	1510	199	1408
5.72538	1511	201	1408
5.72576	1512	196	208
5.72873	1513	198	1408
5.73448	1514	199	1408
5.73821	1515	199	208
5.74118	1516	201	1408
5.74406	1517	199	1408
5.74732	1518	198	208
5.75029	1519	200	1408
5.75652	1520	201	1408
5.75977	1521	199	208
5.76274	1522	202	1408
5.76562	1523	200	1408
5.766	1524	196	208
5.76897	1525	198	1408
5.7752	1526	200	1408
5.77558	1527	195	208
5.77855	1528	197	1408
5.7843	1529	199	1408
5.78516	1530	195	208
5.79101	1531	200	1408
5.79676	1532	200	1408
5.79714	1533	197	208
5.80011	1534	199	1408
5.80634	1535	200	1408
5.80672	1536	196	208
5.80969	1537	198	1408
5.81544	1538	199	1408
5.81918	1539	198	208
5.82215	1540	201	1408
5.82502	1541	199	1408
5.82828	1542	197	208
5.83125	1543	200	1408
5.83413	1544	198	1408
5.83786	1545	196	208
5.84083	1546	198	1408
5.84658	1547	200	1408
5.84696	1548	195	208
5.85329	1549	201	1408
5.85616	1550	199	1408
5.85942	1551	198	208
5.86239	1552	200	1408
5.86527	1553	198	1408
5.869	1554	198	208
5.87197	1555	199	1408
5.87772	1556	200	1408
5.8781	1557	196	208
5.88108	1558	199	1408
5.8873	1559	200	1408
5.89056	1560	198	208
5.89353	1561	200	1408
5.89641	1562	199	1408
5.90014	1563	198	208
5.90311	1564	200	1408
5.90886	1565	201	1408
5.90924	1566	197	208
5.91222	1567	199	1408
5.91844	1568	200	1408
5.9217	1569	199	208
5.92467	1570	201	1408
5.92755	1571	199	1408
5.93128	1572	199	208
5.93425	1573	201	1408
5.94	1574	202	1408
5.94038	1575	197	208
5.94336	1576	200	1408
5.94958	1577	201	1408
5.95284	1578	199	208
5.95581	1579	201	1408
5.95916	1580	201	1408
5.96242	1581	199	208
5.96539	1582	201	1408
5.97114	1583	203	1408
5.97152	1584	198	208
5.97497	1585	200	1408
5.98072	1586	201	1408
5.98398	1587	200	208
5.98695	1588	202	1408
5.98983	1589	200	1408
5.99356	1590	199	208
5.99653	1591	202	1408
5.99941	1592	200	1408
6.00266	1593	198	208
6.00564	1594	201	1408
6.01186	1595	202	1408
6.01224	1596	198	208
6.01522	1597	200	1408
6.02097	1598	201	1408
6.0247	1599	200	208
6.02767	1600	202	1408
6.03055	1601	201	1408
6.0338	1602	199	208
6.03678	1603	201	1408
6.043	1604	203	1408
6.04338	1605	199	208
6.04636	1606	201	1408
6.05211	1607	202	1408
6.05249	1608	198	208
6.05546	1609	200	1408
6.06169	1610	201	1408
6.06494	1611	199	208
6.06792	1612	202	1408
6.07127	1613	201	1408
6.07452	1614	199	208
6.0775	1615	202	1408
6.08325	1616	203	1408
6.08363	1617	198	208
6.0866	1618	200	1408
6.09283	1619	202	1408
6.09321	1620	198	208
6.09906	1621	203	1408
6.10193	1622	201	1408
6.10566	1623	200	208
6.10864	1624	202	1408
6.11151	1625	200	1408
6.11477	1626	199	208
6.11774	1627	201	1408
6.12397	1628	202	1408
6.12435	1629	199	208
6.1302	1630	204	1408
6.13307	1631	202	1408
6.1368	1632	200	208
6.13978	1633	203	1408
6.14265	1634	201	1408
6.14591	1635	199	208
6.14888	1636	202	1408
6.15511	1637	204	1408
6.15549	1638	199	208
6.15846	1639	202	1408
6.16421	1640	203	1408
6.16459	1641	198	208
6.17092	1642	203	1408
6.17379	1643	202	1408
6.17705	1644	201	208
6.18002	1645	203	1408
6.1829	1646	201	1408
6.18663	1647	200	208
6.1896	1648	202	1408
6.19535	1649	203	1408
6.19573	1650	199	208
6.1987	1651	201	1408
6.20493	1652	202	1408
6.20819	1653	202	208
6.21116	1654	204	1408
6.21404	1655	202	1408
6.21777	1656	200	208
6.22074	1657	203	1408
6.22362	1658	201	1408
6.22687	1659	199	208
6.22984	1660	202	1408
6.23607	1661	204	1408
6.23645	1662	199	208
6.23942	1663	201	1408
6.24518	1664	203	1408
6.24891	1665	201	208
6.25188	1666	203	1408
6.25476	1667	202	1408
6.25801	1668	201	208
6.26098	1669	202	1408
6.26721	1670	204	1408
6.26759	1671	200	208
6.27056	1672	202	1408
6.27632	1673	203	1408
6.2767	1674	199	208
6.27967	1675	201	1408
6.2859	1676	202	1408
6.28915	1677	202	208
6.29212	1678	204	1408
6.295	1679	202	1408
6.29873	1680	201	208
6.3017	1681	203	1408
6.30746	1682	204	1408
6.30784	1683	200	208
6.31081	1684	202	1408
6.31704	1685	204	1408
6.32029	1686	202	208
6.32326	1687	205	1408
6.32614	1688	203	1408
6.32987	1689	201	208
6.33284	1690	204	1408
6.33572	1691	202	1408
6.33898	1692	200	208
6.34195	1693	203	1408
6.34818	1694	205	1408
6.35143	1695	203	208
6.3544	1696	206	1408
6.35728	1697	204	1408
6.36101	1698	203	208
6.36398	1699	205	1408
6.36686	1700	203	1408
6.37012	1701	202	208
6.37309	1702	204	1408
6.37932	1703	206	1408
6.3797	1704	201	208
6.38267	1705	203	1408
6.38842	1706	205	1408
6.39215	1707	204	208
6.39512	1708	206	1408
6.398	1709	205	1408
6.40126	1710	203	208
6.40423	1711	205	1408
6.4071	1712	204	1408
6.41084	1713	202	208
6.41381	1714	204	1408
6.41956	1715	206	1408
6.41994	1716	201	208
6.42291	1717	203	1408
6.42914	1718	205	1408
6.42952	1719	201	208
6.43249	1720	203	1408
6.43824	1721	204	1408
6.44198	1722	203	208
6.44495	1723	205	1408
6.44782	1724	203	1408
6.45108	1725	203	208
6.45405	1726	205	1408
6.46028	1727	206	1408
6.46066	1728	202	208
6.46363	1729	204	1408
6.46938	1730	205	1408
6.46976	1731	201	208
6.47321	1732	204	1408
6.47896	1733	204	1408
6.48222	1734	203	208
6.48519	1735	206	1408
6.49142	1736	207	1408
6.4918	1737	202	208
6.49477	1738	205	1408
6.50052	1739	206	1408
6.5009	1740	201	208
6.50388	1741	204	1408
6.5101	1742	206	1408
6.51048	1743	201	208
6.51346	1744	204	1408
6.51921	1745	205	1408
6.52294	1746	203	208
6.52591	1747	206	1408
6.52879	1748	204	1408
6.53204	1749	203	208
6.53502	1750	205	1408
6.54124	1751	207	1408
6.54162	1752	202	208
6.5446	1753	204	1408
6.55035	1754	206	1408
6.55073	1755	201	208
6.55705	1756	207	1408
6.55993	1757	205	1408
6.56318	1758	204	208
6.56616	1759	206	1408
6.56903	1760	205	1408
6.57276	1761	203	208
6.57574	1762	205	1408
6.58149	1763	207	1408
6.58187	1764	202	208
6.58484	1765	204	1408
6.59107	1766	206	1408
6.59145	1767	202	208
6.5973	1768	207	1408
6.60017	1769	205	1408
6.6039	1770	204	208
6.60688	1771	206	1408
6.60975	1772	204	1408
6.61301	1773	204	208
6.61598	1774	205	1408
6.62221	1775	207	1408
6.62259	1776	203	208
6.62556	1777	205	1408
6.63131	1778	206	1408
6.63169	1779	202	208
6.63466	1780	204	1408
6.64089	1781	205	1408
6.64415	1782	204	208
6.64712	1783	207	1408
6.65	1784	204	1408
6.65373	1785	203	208
6.6567	1786	206	1408
6.65958	1787	204	1408
6.66283	1788	202	208
6.6658	1789	205	1408
6.67203	1790	207	1408
6.67241	1791	202	208
6.67538	1792	205	1408
6.68114	1793	206	1408
6.68487	1794	204	208
6.68784	1795	206	1408
6.69072	1796	205	1408
6.69397	1797	203	208
6.69694	1798	205	1408
6.69982	1799	204	1408
6.70355	1800	203	208
6.70652	1801	205	1408
6.71228	1802	207	1408
6.71601	1803	206	208
6.71898	1804	207	1408
6.72186	1805	206	1408
6.72511	1806	205	208
6.72808	1807	207	1408
6.73096	1808	205	1408
6.73469	1809	204	208
6.73766	1810	206	1408
6.74054	1811	204	1408
6.7438	1812	203	208
6.74677	1813	205	1408
6.753	1814	206	1408
6.75338	1815	203	208
6.75635	1816	205	1408
6.7621	1817	206	1408
6.76583	1818	205	208
6.7688	1819	207	1408
6.77168	1820	205	1408
6.77494	1821	204	208
6.77791	1822	206	1408
6.78414	1823	208	1408
6.78452	1824	204	208
6.78749	1825	206	1408
6.79324	1826	207	1408
6.79362	1827	203	208
6.79659	1828	205	1408
6.80282	1829	206	1408
6.80608	1830	206	208
6.80905	1831	208	1408
6.81192	1832	206	1408
6.81566	1833	205	208
6.81863	1834	207	1408
6.82438	1835	209	1408
6.82476	1836	204	208
6.82773	1837	206	1408
6.83396	1838	208	1408
6.83434	1839	204	208
6.83731	1840	206	1408
6.84306	1841	208	1408
6.8468	1842	206	208
6.84977	1843	208	1408
6.85552	1844	210	1408
6.85925	1845	209	208
6.86222	1846	211	1408
6.8651	1847	210	1408
6.86836	1848	208	208
6.87133	1849	210	1408
6.87756	1850	212	1408
6.88081	1851	210	208
6.88378	1852	212	1408
6.88714	1853	212	1408
6.89039	1854	210	208
6.89336	1855	212	1408
6.89912	1856	214	1408
6.90285	1857	212	208
6.90582	1858	214	1408
6.9087	1859	213	1408
6.91195	1860	211	208
6.91492	1861	213	1408
6.92115	1862	216	1408
6.92153	1863	211	208
6.9245	1864	213	1408
6.93026	1865	215	1408
6.93111	1866	211	208
6.93408	1867	213	1408
6.93984	1868	214	1408
6.94309	1869	213	208
6.94606	1870	216	1408
6.94942	1871	214	1408
6.95267	1872	212	208
6.95564	1873	215	1408
6.9614	1874	216	1408
6.96178	1875	211	208
6.96475	1876	214	1408
6.97098	1877	215	1408
6.97136	1878	211	208
6.97433	1879	214	1408
6.98008	1880	215	1408
6.98381	1881	213	208
6.98678	1882	216	1408
6.98966	1883	214	1408
6.99292	1884	212	208
6.99589	1885	215	1408
6.99924	1886	214	1408
7.0025	1887	212	208
7.00547	1888	215	1408
7.01122	1889	216	1408
7.01208	1890	212	208
7.01505	1891	215	1408
7.0208	1892	215	1408
7.02406	1893	214	208
7.02703	1894	217	1408
7.0299	1895	214	1408
7.03364	1896	213	208
7.03661	1897	216	1408
7.03948	1898	214	1408
7.04274	1899	212	208
7.04571	1900	215	1408
7.04906	1901	214	1408
7.05232	1902	212	208
7.05529	1903	215	1408
7.06104	1904	216	1408
7.0619	1905	211	208
7.06487	1906	214	1408
7.07062	1907	215	1408
7.071	1908	212	208
7.07685	1909	216	1408
7.0802	1910	215	1408
7.08346	1911	214	208
7.08643	1912	216	1408
7.09218	1913	217	1408
7.09592	1914	216	208
7.09889	1915	218	1408
7.10176	1916	216	1408
7.10502	1917	216	208
7.10799	1918	217	1408
7.11422	1919	219	1408
7.1146	1920	215	208
7.11757	1921	217	1408
7.1238	1922	218	1408
7.12418	1923	215	208
7.13003	1924	220	1408
7.1329	1925	217	1408
7.13616	1926	217	208
7.13913	1927	219	1408
7.14536	1928	220	1408
7.14574	1929	216	208
7.14871	1930	218	1408
7.15494	1931	219	1408
7.1582	1932	219	208
7.16117	1933	221	1408
7.16404	1934	219	1408
7.1673	1935	218	208
7.17027	1936	220	1408
7.17362	1937	218	1408
7.17688	1938	217	208
7.17985	1939	219	1408
7.1856	1940	220	1408
7.18646	1941	217	208
7.18943	1942	219	1408
7.19518	1943	220	1408
7.19844	1944	217	208
7.20141	1945	220	1408
7.20476	1946	218	1408
7.20802	1947	218	208
7.21099	1948	219	1408
7.21387	1949	217	1408
7.21712	1950	217	208
7.22057	1951	219	1408
7.22632	1952	220	1408
7.2267	1953	216	208
7.22968	1954	218	1408
7.2359	1955	219	1408
7.23628	1956	215	208
7.23926	1957	218	1408
7.24501	1958	219	1408
7.24826	1959	217	208
7.25124	1960	220	1408
7.25459	1961	218	1408
7.25784	1962	217	208
7.26082	1963	219	1408
7.26657	1964	220	1408
7.26742	1965	217	208
7.2704	1966	219	1408
7.27615	1967	220	1408
7.27653	1968	216	208
7.2795	1969	218	1408
7.28573	1970	219	1408
7.28611	1971	215	208
7.28908	1972	218	1408
7.29483	1973	218	1408
7.29809	1974	218	208
7.30106	1975	220	1408
7.30441	1976	217	1408
7.30767	1977	216	208
7.31064	1978	218	1408
7.31639	1979	220	1408
7.31725	1980	216	208
7.32022	1981	218	1408
7.32597	1982	219	1408
7.32923	1983	218	208
7.3322	1984	220	1408
7.33508	1985	219	1408
7.33881	1986	217	208
7.34178	1987	219	1408
7.34753	1988	221	1408
7.34791	1989	216	208
7.35088	1990	218	1408
7.35711	1991	221	1408
7.35749	1992	216	208
7.36046	1993	218	1408
7.36622	1994	220	1408
7.36995	1995	217	208
7.37292	1996	220	1408
7.3758	1997	217	1408
7.37905	1998	217	208
7.38202	1999	219	1408
7.38538	2000	217	1408
7.38863	2001	214	208
7.3916	2002	217	1408
7.39736	2003	218	1408
7.39774	2004	214	208
7.40118	2005	217	1408
7.40981	2006	219	1408
7.41019	2007	216	208
7.41316	2008	218	1408
7.41939	2009	220	1408
7.42265	2010	217	208
7.42562	2011	220	1408
7.42897	2012	218	1408
7.43223	2013	217	208
7.4352	2014	220	1408
7.44095	2015	219	1408
7.44181	2016	216	208
7.44478	2017	218	1408
7.45053	2018	220	1408
7.45091	2019	215	208
7.45388	2020	217	1408
7.45964	2021	219	1408
7.46337	2022	218	208
7.46634	2023	220	1408
7.46922	2024	219	1408
7.47247	2025	217	208
7.47544	2026	219	1408
7.4788	2027	217	1408
7.48205	2028	217	208
7.48502	2029	219	1408
7.49078	2030	219	1408
7.49163	2031	216	208
7.4946	2032	218	1408
7.50036	2033	220	1408
7.50361	2034	217	208
7.50658	2035	220	1408
7.50994	2036	218	1408
7.51319	2037	217	208
7.51616	2038	220	1408
7.51904	2039	218	1408
7.5223	2040	217	208
7.52527	2041	219	1408
7.52862	2042	217	1408
7.53188	2043	216	208
7.53485	2044	218	1408
7.5406	2045	219	1408
7.54146	2046	215	208
7.54443	2047	218	1408
7.55018	2048	219	1408
7.55344	2049	217	208
7.55641	2050	220	1408
7.55928	2051	218	1408
7.55966	2052	214	208
7.56264	2053	216	1408
7.56599	2054	214	1408
7.56924	2055	214	208
7.57222	2056	216	1408
7.57797	2057	216	1408
7.57835	2058	213	208
7.58132	2059	215	1408
7.58755	2060	216	1408
7.5908	2061	214	208
7.59378	2062	217	1408
7.59665	2063	215	1408
7.59751	2064	211	208
7.60048	2065	214	1408
7.60911	2066	217	1408
7.60949	2067	213	208
7.61246	2068	215	1408
7.61581	2069	214	1408
7.61907	2070	212	208
7.62204	2071	215	1408
7.62779	2072	215	1408
7.62865	2073	211	208
7.63162	2074	214	1408
7.63737	2075	215	1408
7.64063	2076	214	208
7.6436	2077	216	1408
7.64695	2078	213	1408
7.65021	2079	213	208
7.65606	2080	218	1408
7.65893	2081	216	1408
7.66266	2082	215	208
7.66564	2083	217	1408
7.67139	2084	219	1408
7.67177	2085	214	208
7.67522	2086	217	1408
7.68097	2087	218	1408
7.68422	2088	215	208
7.6872	2089	218	1408
7.69007	2090	216	1408
7.69093	2091	211	208
7.6939	2092	214	1408
7.70253	2093	217	1408
7.70291	2094	213	208
7.70588	2095	215	1408
7.70923	2096	214	1408
7.71249	2097	211	208
7.71546	2098	214	1408
7.72121	2099	215	1408
7.72207	2100	212	208
7.72504	2101	214	1408
7.73079	2102	214	1408
7.73405	2103	214	208
7.73702	2104	216	1408
7.74037	2105	214	1408
7.74363	2106	213	208
7.7466	2107	215	1408
7.75235	2108	216	1408
7.75273	2109	212	208
7.7557	2110	214	1408
7.76193	2111	215	1408
7.76231	2112	212	208
7.76816	2113	217	1408
7.77104	2114	215	1408
7.77189	2115	211	208
7.77774	2116	216	1408
7.78062	2117	214	1408
7.78387	2118	213	208
7.78684	2119	215	1408
7.7902	2120	214	1408
7.79058	2121	210	208
7.79355	2122	212	1408
7.7993	2123	213	1408
7.80256	2124	212	208
7.80553	2125	214	1408
7.80888	2126	212	1408
7.80926	2127	209	208
7.81223	2128	211	1408
7.81798	2129	211	1408
7.82124	2130	211	208
7.82421	2131	213	1408
7.82756	2132	211	1408
7.83082	2133	210	208
7.83379	2134	212	1408
7.83954	2135	213	1408
7.8404	2136	210	208
7.84337	2137	212	1408
7.84912	2138	214	1408
7.85238	2139	212	208
7.85535	2140	214	1408
7.8587	2141	213	1408
7.86196	2142	211	208
7.86493	2143	213	1408
7.87068	2144	215	1408
7.87154	2145	211	208
7.87451	2146	213	1408
7.88026	2147	215	1408
7.88352	2148	213	208
7.88649	2149	215	1408
7.88984	2150	214	1408
7.8931	2151	213	208
7.89607	2152	215	1408
7.90182	2153	216	1408
7.90268	2154	212	208
7.90565	2155	214	1408
7.9114	2156	216	1408
7.91466	2157	214	208
7.91763	2158	216	1408
7.92098	2159	215	1408
7.92136	2160	211	208
7.92721	2161	216	1408
7.93009	2162	214	1408
7.93334	2163	213	208
7.93632	2164	215	1408
7.93967	2165	214	1408
7.94292	2166	211	208
7.9459	2167	214	1408
7.95165	2168	215	1408
7.9525	2169	211	208
7.95548	2170	214	1408
7.96123	2171	214	1408
7.96448	2172	213	208
7.96746	2173	215	1408
7.97081	2174	214	1408
7.97406	2175	212	208
7.97704	2176	215	1408
7.98279	2177	215	1408
7.98364	2178	212	208
7.98662	2179	214	1408
7.99237	2180	215	1408
7.99562	2181	214	208
7.9986	2182	216	1408
8.00147	2183	214	1408
8.0052	2184	214	208
8.00818	2185	216	1408
8.01393	2186	216	1408
8.01431	2187	213	208
8.01728	2188	215	1408
8.02351	2189	216	1408
8.02389	2190	211	208
8.02686	2191	214	1408
8.03261	2192	215	1408
8.03299	2193	210	208
8.03596	2194	213	1408
8.04219	2195	214	1408
8.04257	2196	210	208
8.04554	2197	212	1408
8.0513	2198	214	1408
8.05168	2199	211	208
8.05512	2200	214	1408
8.06088	2201	214	1408
8.06126	2202	211	208
8.06423	2203	214	1408
8.06998	2204	215	1408
8.07084	2205	211	208
8.07381	2206	214	1408
8.07956	2207	214	1408
8.08282	2208	214	208
8.08579	2209	216	1408
8.08914	2210	217	1408
8.0924	2211	214	208
8.09537	2212	217	1408
8.10112	2213	217	1408
8.1015	2214	214	208
8.10495	2215	216	1408
8.1107	2216	217	1408
8.11396	2217	214	208
8.11693	2218	217	1408
8.12028	2219	217	1408
8.12354	2220	214	208
8.12651	2221	217	1408
8.13226	2222	217	1408
8.13264	2223	214	208
8.13609	2224	217	1408
8.14184	2225	216	1408
8.1451	2226	215	208
8.14807	2227	218	1408
8.15142	2228	217	1408
8.15468	2229	214	208
8.15765	2230	217	1408
8.1634	2231	217	1408
8.16378	2232	214	208
8.16675	2233	216	1408
8.1701	2234	214	1408
8.17336	2235	212	208
8.17633	2236	215	1408
8.18208	2237	217	1408
8.18294	2238	211	208
8.18591	2239	214	1408
8.19166	2240	214	1408
8.19492	2241	213	208
8.19789	2242	216	1408
8.20124	2243	214	1408
8.2045	2244	214	208
8.20747	2245	216	1408
8.21322	2246	217	1408
8.2136	2247	214	208
8.21705	2248	217	1408
8.2228	2249	217	1408
8.22606	2250	215	208
8.22903	2251	218	1408
8.23238	2252	217	1408
8.23276	2253	211	208
8.23574	2254	214	1408
8.24436	2255	217	1408
8.24474	2256	214	208
8.24772	2257	216	1408
8.25107	2258	214	1408
8.2572	2259	215	208
8.26017	2260	218	1408
8.26305	2261	217	1408
8.2639	2262	211	208
8.26688	2263	214	1408
8.27263	2264	214	1408
8.27588	2265	214	208
8.27886	2266	216	1408
8.28173	2267	213	1408
8.28259	2268	208	208
8.28556	2269	211	1408
8.29131	2270	213	1408
8.29169	2271	208	208
8.29466	2272	211	1408
8.30042	2273	213	1408
8.3008	2274	208	208
8.30377	2275	211	1408
8.30664	2276	210	1408
8.31038	2277	208	208
8.31335	2278	211	1408
8.32533	2279	201	1408
8.32906	2280	199	208
8.33203	2281	201	1408
8.33778	2282	200	1408
8.34152	2283	198	208
8.34449	2284	200	1408
8.35024	2285	200	1408
8.35062	2286	194	208
8.35359	2287	196	1408
8.35982	2288	196	1408
8.36308	2289	194	208
8.36605	2290	196	1408
8.37228	2291	195	1408
8.37553	2292	192	208
8.3785	2293	194	1408
8.38138	2294	191	1408
8.38511	2295	189	208
8.38808	2296	191	1408
8.39384	2297	190	1408
8.39757	2298	188	208
8.40054	2299	190	1408
8.40629	2300	190	1408
8.40667	2301	183	208
8.40964	2302	186	1408
8.41587	2303	185	1408
8.41913	2304	185	208
8.4221	2305	187	1408
8.42833	2306	188	1408
8.42871	2307	184	208
8.43168	2308	186	1408
8.43743	2309	187	1408
8.43781	2310	183	208
8.44078	2311	185	1408
8.44701	2312	188	1408
8.44739	2313	183	208
8.45324	2314	188	1408
8.45612	2315	187	1408
8.45985	2316	185	208
8.46282	2317	187	1408
8.4657	2318	186	1408
8.46895	2319	184	208
8.47192	2320	186	1408
8.4748	2321	185	1408
8.47853	2322	184	208
8.48438	2323	189	1408
8.48726	2324	188	1408
8.48764	2325	183	208
8.49061	2326	185	1408
8.49684	2327	187	1408
8.49722	2328	183	208
8.50019	2329	185	1408
8.50594	2330	186	1408
8.50632	2331	182	208
8.50929	2332	185	1408
8.51217	2333	183	1408
8.5159	2334	181	208
8.51887	2335	184	1408
8.52462	2336	185	1408
8.52836	2337	184	208
8.53133	2338	187	1408
8.53708	2339	188	1408
8.53746	2340	183	208
8.54091	2341	186	1408
8.54666	2342	187	1408
8.54992	2343	185	208
8.55289	2344	188	1408
8.55912	2345	190	1408
8.56237	2346	188	208
8.56534	2347	191	1408
8.57157	2348	192	1408
8.57195	2349	187	208
8.57492	2350	190	1408
8.58068	2351	191	1408
8.58441	2352	191	208
8.58738	2353	193	1408
8.59313	2354	194	1408
8.59351	2355	190	208
8.59696	2356	192	1408
8.60271	2357	193	1408
8.60597	2358	192	208
8.60894	2359	194	1408
8.61517	2360	196	1408
8.61842	2361	195	208
8.6214	2362	197	1408
8.62762	2363	198	1408
8.628	2364	195	208
8.63385	2365	199	1408
8.63673	2366	197	1408
8.64046	2367	197	208
8.64343	2368	199	1408
8.64918	2369	200	1408
8.64956	2370	196	208
8.65589	2371	201	1408
8.65876	2372	200	1408
8.65914	2373	196	208
8.66499	2374	200	1408
8.66787	2375	199	1408
8.6716	2376	198	208
8.67457	2377	200	1408
8.67745	2378	199	1408
8.6807	2379	197	208
8.68368	2380	199	1408
8.68655	2381	198	1408
8.69028	2382	197	208
8.69326	2383	199	1408
8.69901	2384	201	1408
8.69986	2385	196	208
8.70571	2386	201	1408
8.70859	2387	200	1408
8.70897	2388	195	208
8.71482	2389	200	1408
8.71769	2390	199	1408
8.72142	2391	198	208
8.7244	2392	201	1408
8.72727	2393	199	1408
8.72765	2394	194	208
8.73062	2395	197	1408
8.73638	2396	198	1408
8.74011	2397	197	208
8.74308	2398	200	1408
8.74883	2399	200	1408
8.74921	2400	196	208
8.75218	2401	199	1408
8.75841	2402	200	1408
8.75879	2403	195	208
8.76176	2404	198	1408
8.76752	2405	199	1408
8.77125	2406	198	208
8.77422	2407	201	1408
8.77997	2408	201	1408
8.7837	2409	200	208
8.78668	2410	203	1408
8.78955	2411	201	1408
8.79281	2412	200	208
8.79578	2413	202	1408
8.80201	2414	204	1408
8.80239	2415	200	208
8.80536	2416	202	1408
8.81111	2417	203	1408
8.81484	2418	202	208
8.81782	2419	204	1408
8.82069	2420	202	1408
8.82395	2421	201	208
8.82692	2422	203	1408
8.83315	2423	205	1408
8.83353	2424	201	208
8.83938	2425	206	1408
8.84225	2426	204	1408
8.84598	2427	203	208
8.84896	2428	205	1408
8.85471	2429	206	1408
8.85844	2430	206	208
8.86141	2431	208	1408
8.86429	2432	207	1408
8.86754	2433	205	208
8.87052	2434	207	1408
8.87674	2435	209	1408
8.87712	2436	205	208
8.8801	2437	207	1408
8.88585	2438	208	1408
8.88958	2439	207	208
8.89255	2440	209	1408
8.89543	2441	208	1408
8.89868	2442	205	208
8.90166	2443	208	1408
8.90453	2444	206	1408
8.90826	2445	205	208
8.91124	2446	208	1408
8.91411	2447	205	1408
8.91737	2448	202	208
8.92034	2449	205	1408
8.92657	2450	206	1408
8.92982	2451	204	208
8.9328	2452	207	1408
8.93567	2453	205	1408
8.9394	2454	205	208
8.94238	2455	207	1408
8.94525	2456	205	1408
8.94851	2457	204	208
8.95148	2458	206	1408
8.95436	2459	204	1408
8.95809	2460	204	208
8.96106	2461	206	1408
8.96681	2462	206	1408
8.96719	2463	202	208
8.97016	2464	205	1408
8.97639	2465	206	1408
8.97677	2466	202	208
8.98262	2467	207	1408
8.9855	2468	205	1408
8.98588	2469	201	208
8.9922	2470	207	1408
8.99508	2471	205	1408
8.99833	2472	204	208
9.0013	2473	206	1408
9.00753	2474	207	1408
9.01079	2475	206	208
9.01376	2476	208	1408
9.01664	2477	206	1408
9.02037	2478	206	208
9.02334	2479	208	1408
9.02909	2480	209	1408
9.02947	2481	205	208
9.03244	2482	207	1408
9.03867	2483	208	1408
9.03905	2484	205	208
9.0449	2485	209	1408
9.04778	2486	207	1408
9.05151	2487	205	208
9.05448	2488	208	1408
9.06023	2489	209	1408
9.06061	2490	205	208
9.06694	2491	210	1408
9.06981	2492	207	1408
9.07307	2493	207	208
9.07604	2494	209	1408
9.07892	2495	207	1408
9.08265	2496	205	208
9.08562	2497	208	1408
9.09137	2498	209	1408
9.09175	2499	204	208
9.09472	2500	207	1408
9.10095	2501	207	1408
9.10421	2502	205	208
9.10718	2503	208	1408
9.11341	2504	209	1408
9.11379	2505	204	208
9.11676	2506	207	1408
9.12251	2507	208	1408
9.12624	2508	205	208
9.12922	2509	208	1408
9.13209	2510	206	1408
9.13535	2511	205	208
9.13832	2512	207	1408
9.1412	2513	205	1408
9.14493	2514	204	208
9.1479	2515	206	1408
9.15365	2516	207	1408
9.15738	2517	205	208
9.16036	2518	208	1408
9.16323	2519	206	1408
9.16649	2520	205	208
9.16946	2521	207	1408
9.17234	2522	205	1408
9.17607	2523	205	208
9.17904	2524	207	1408
9.18192	2525	204	1408
9.18517	2526	204	208
9.18814	2527	206	1408
9.19437	2528	207	1408
9.19475	2529	202	208
9.19772	2530	205	1408
9.20348	2531	206	1408
9.20721	2532	205	208
9.21018	2533	208	1408
9.21306	2534	206	1408
9.21631	2535	205	208
9.21928	2536	207	1408
9.22216	2537	205	1408
9.22589	2538	204	208
9.22886	2539	206	1408
9.23462	2540	207	1408
9.23547	2541	204	208
9.24132	2542	209	1408
9.2442	2543	207	1408
9.24745	2544	205	208
9.25042	2545	208	1408
9.25665	2546	209	1408
9.25703	2547	205	208
9.26	2548	208	1408
9.26576	2549	208	1408
9.26614	2550	205	208
9.27246	2551	210	1408
9.27534	2552	208	1408
9.27859	2553	205	208
9.28156	2554	208	1408
9.28779	2555	209	1408
9.28817	2556	205	208
9.29114	2557	208	1408
9.2969	2558	207	1408
9.30063	2559	207	208
9.3036	2560	209	1408
9.30648	2561	208	1408
9.30973	2562	204	208
9.3127	2563	207	1408
9.31893	2564	208	1408
9.31931	2565	205	208
9.32228	2566	207	1408
9.32804	2567	208	1408
9.33177	2568	204	208
9.33474	2569	207	1408
9.34049	2570	208	1408
9.34087	2571	204	208
9.34384	2572	206	1408
9.35007	2573	208	1408
9.35333	2574	207	208
9.3563	2575	209	1408
9.35918	2576	207	1408
9.36291	2577	206	208
9.36588	2578	208	1408
9.36876	2579	206	1408
9.37201	2580	205	208
9.37498	2581	207	1408
9.38121	2582	208	1408
9.38447	2583	207	208
9.38744	2584	209	1408
9.39032	2585	208	1408
9.39405	2586	205	208
9.39702	2587	208	1408
9.3999	2588	205	1408
9.40315	2589	205	208
9.40612	2590	207	1408
9.409	2591	205	1408
9.41273	2592	204	208
9.4157	2593	206	1408
9.42146	2594	207	1408
9.42184	2595	201	208
9.42481	2596	204	1408
9.43104	2597	206	1408
9.43429	2598	205	208
9.43726	2599	207	1408
9.44014	2600	205	1408
9.44387	2601	204	208
9.44684	2602	206	1408
9.44972	2603	204	1408
9.45298	2604	203	208
9.45595	2605	205	1408
9.46218	2606	207	1408
9.46543	2607	206	208
9.4684	2608	208	1408
9.47128	2609	206	1408
9.47501	2610	205	208
9.47798	2611	207	1408
9.48374	2612	208	1408
9.48412	2613	205	208
9.48709	2614	207	1408
9.49332	2615	208	1408
9.49657	2616	207	208
9.49954	2617	209	1408
9.50242	2618	207	1408
9.50615	2619	205	208
9.50912	2620	208	1408
9.51488	2621	208	1408
9.51526	2622	205	208
9.51823	2623	207	1408
9.52446	2624	208	1408
9.52484	2625	204	208
9.53068	2626	209	1408
9.53356	2627	207	1408
9.53729	2628	205	208
9.54026	2629	208	1408
9.54602	2630	209	1408
9.5464	2631	205	208
9.54937	2632	207	1408
9.5556	2633	208	1408
9.55598	2634	204	208
9.56182	2635	209	1408
9.56518	2636	208	1408
9.56843	2637	205	208
9.5714	2638	208	1408
9.57716	2639	209	1408
9.57754	2640	205	208
9.58386	2641	210	1408
9.58674	2642	207	1408
9.58999	2643	206	208
9.59296	2644	208	1408
9.59584	2645	207	1408
9.59957	2646	205	208
9.60254	2647	208	1408
9.6083	2648	208	1408
9.61203	2649	208	208
9.615	2650	210	1408
9.61788	2651	207	1408
9.62113	2652	205	208
9.6241	2653	208	1408
9.62698	2654	205	1408
9.63071	2655	205	208
9.63368	2656	207	1408
9.63656	2657	205	1408
9.63982	2658	204	208
9.64279	2659	206	1408
9.64902	2660	208	1408
9.6494	2661	202	208
9.65237	2662	205	1408
9.65812	2663	206	1408
9.66185	2664	204	208
9.66482	2665	207	1408
9.6677	2666	205	1408
9.67096	2667	204	208
9.67393	2668	206	1408
9.6768	2669	204	1408
9.68054	2670	204	208
9.68351	2671	206	1408
9.68926	2672	207	1408
9.69299	2673	206	208
9.69596	2674	208	1408
9.69884	2675	206	1408
9.7021	2676	205	208
9.70507	2677	208	1408
9.7113	2678	209	1408
9.71168	2679	205	208
9.71465	2680	207	1408
9.7204	2681	208	1408
9.72078	2682	204	208
9.7271	2683	210	1408
9.72998	2684	207	1408
9.73324	2685	205	208
9.73621	2686	208	1408
9.74244	2687	209	1408
9.74282	2688	204	208
9.74579	2689	207	1408
9.75154	2690	208	1408
9.75192	2691	204	208
9.75824	2692	210	1408
9.76112	2693	208	1408
9.76438	2694	205	208
9.76735	2695	208	1408
9.77358	2696	209	1408
9.77396	2697	204	208
9.77693	2698	207	1408
9.78268	2699	208	1408
9.78306	2700	205	208
9.78938	2701	210	1408
9.79226	2702	208	1408
9.79552	2703	205	208
9.79849	2704	208	1408
9.80472	2705	209	1408
9.8051	2706	205	208
9.80807	2707	208	1408
9.81382	2708	207	1408
9.81468	2709	204	208
9.82052	2710	209	1408
9.8234	2711	208	1408
9.82666	2712	205	208
9.82963	2713	208	1408
9.8325	2714	206	1408
9.83624	2715	205	208
9.83921	2716	208	1408
9.84496	2717	207	1408
9.84869	2718	205	208
9.85166	2719	208	1408
9.85454	2720	206	1408
9.8578	2721	204	208
9.86077	2722	207	1408
9.86364	2723	205	1408
9.86738	2724	205	208
9.87035	2725	207	1408
9.8761	2726	208	1408
9.87648	2727	201	208
9.87945	2728	204	1408
9.88568	2729	205	1408
9.88606	2730	202	208
9.89191	2731	206	1408
9.89478	2732	204	1408
9.89516	2733	201	208
9.89814	2734	203	1408
9.90101	2735	201	1408
9.90139	2736	197	208
9.90436	2737	199	1408
9.90724	2738	197	1408
9.90762	2739	193	208
9.91059	2740	195	1408
9.91347	2741	193	1408
9.91385	2742	189	208
9.91682	2743	191	1408
9.92305	2744	193	1408
9.92343	2745	189	208
9.9264	2746	191	1408
9.93215	2747	192	1408
9.93301	2748	189	208
9.93886	2749	193	1408
9.94173	2750	192	1408
9.94499	2751	188	208
9.94796	2752	191	1408
9.95419	2753	193	1408
9.95457	2754	189	208
9.95754	2755	191	1408
9.96329	2756	192	1408
9.96415	2757	189	208
9.97	2758	193	1408
9.97287	2759	191	1408
9.97613	2760	189	208
9.9791	2761	192	1408
9.98245	2762	190	1408
9.98571	2763	189	208
9.98868	2764	191	1408
9.99443	2765	192	1408
9.99529	2766	189	208
10.0011	2767	194	1408
10.004	2768	192	1408
10.0073	2769	189	208
10.0102	2770	192	1408
10.0136	2771	190	1408
10.0168	2772	189	208
10.0198	2773	191	1408
10.0256	2774	192	1408
10.026	2775	188	208
10.0294	2776	191	1408
10.0352	2777	192	1408
10.0384	2778	189	208
10.0414	2779	192	1408
10.0443	2780	190	1408
10.048	2781	189	208
10.051	2782	191	1408
10.0567	2783	192	1408
10.0571	2784	189	208
10.0601	2785	191	1408
10.0663	2786	192	1408
10.0695	2787	189	208
10.0725	2788	192	1408
10.0754	2789	190	1408
10.0791	2790	190	208
10.0821	2791	192	1408
10.0879	2792	192	1408
10.0882	2793	189	208
10.0912	2794	191	1408
10.0974	2795	192	1408
10.1007	2796	189	208
10.1037	2797	192	1408
10.1065	2798	190	1408
10.1069	2799	186	208
10.1099	2800	188	1408
10.1128	2801	186	1408
10.1131	2802	183	208
10.1161	2803	185	1408
10.119	2804	182	1408
10.1198	2805	179	208
10.1257	2806	184	1408
10.1286	2807	182	1408
10.1318	2808	179	208
10.1348	2809	182	1408
10.141	2810	184	1408
10.1414	2811	180	208
10.1444	2812	182	1408
10.1501	2813	183	1408
10.151	2814	179	208
10.1568	2815	184	1408
10.1597	2816	182	1408
10.163	2817	181	208
10.1659	2818	183	1408
10.1693	2819	182	1408
10.1725	2820	181	208
10.1755	2821	183	1408
10.1813	2822	184	1408
10.1817	2823	180	208
10.1846	2824	182	1408
10.1909	2825	183	1408
10.1912	2826	180	208
10.1942	2827	182	1408
10.2	2828	182	1408
10.2037	2829	182	208
10.2067	2830	184	1408
10.2095	2831	183	1408
10.2128	2832	181	208
10.2158	2833	183	1408
10.2186	2834	182	1408
10.2224	2835	181	208
10.2253	2836	183	1408
10.2311	2837	185	1408
10.2315	2838	180	208
10.2349	2839	182	1408
10.2407	2840	184	1408
10.2439	2841	182	208
10.2469	2842	184	1408
10.2498	2843	183	1408
10.2535	2844	182	208
10.2565	2845	184	1408
10.2622	2846	186	1408
10.2626	2847	181	208
10.2656	2848	183	1408
10.2718	2849	185	1408
10.2751	2850	184	208
10.278	2851	187	1408
10.2809	2852	184	1408
10.2847	2853	183	208
10.2876	2854	186	1408
10.2934	2855	187	1408
10.2938	2856	182	208
10.2967	2857	185	1408
10.303	2858	186	1408
10.3033	2859	182	208
10.3063	2860	185	1408
10.3121	2861	186	1408
10.3124	2862	181	208
10.3154	2863	184	1408
10.3183	2864	182	1408
10.3187	2865	177	208
10.3216	2866	180	1408
10.3279	2867	181	1408
10.3282	2868	177	208
10.3312	2869	180	1408
10.337	2870	180	1408
10.3407	2871	180	208
10.3437	2872	182	1408
10.3466	2873	180	1408
10.3498	2874	179	208
10.3528	2875	181	1408
10.359	2876	183	1408
10.3594	2877	179	208
10.3624	2878	181	1408
10.3681	2879	182	1408
10.3685	2880	178	208
10.3715	2881	180	1408
10.3777	2882	181	1408
10.3809	2883	180	208
10.3839	2884	182	1408
10.3868	2885	180	1408
10.3905	2886	180	208
10.3935	2887	182	1408
10.3964	2888	180	1408
10.3996	2889	179	208
10.4026	2890	181	1408
10.406	2891	180	1408
10.4092	2892	179	208
10.4122	2893	181	1408
10.4179	2894	182	1408
10.4183	2895	178	208
10.4213	2896	180	1408
10.4275	2897	182	1408
10.4308	2898	180	208
10.4337	2899	182	1408
10.4366	2900	181	1408
10.4404	2901	180	208
10.4433	2902	182	1408
10.4491	2903	184	1408
10.4495	2904	179	208
10.4524	2905	181	1408
10.4587	2906	183	1408
10.459	2907	179	208
10.4649	2908	183	1408
10.4678	2909	182	1408
10.4715	2910	181	208
10.4745	2911	184	1408
10.4773	2912	182	1408
10.4806	2913	180	208
10.4836	2914	183	1408
10.4869	2915	181	1408
10.4902	2916	180	208
10.4931	2917	183	1408
10.4989	2918	183	1408
10.4998	2919	179	208
10.5027	2920	182	1408
10.5085	2921	183	1408
10.5117	2922	181	208
10.5147	2923	184	1408
10.5176	2924	182	1408
10.518	2925	177	208
10.5209	2926	180	1408
10.5243	2927	179	1408
10.5275	2928	177	208
10.5305	2929	180	1408
10.5363	2930	181	1408
10.5366	2931	177	208
10.5401	2932	180	1408
10.5458	2933	180	1408
10.5462	2934	177	208
10.5521	2935	182	1408
10.555	2936	179	1408
10.5587	2937	179	208
10.5617	2938	181	1408
10.5674	2939	182	1408
10.5678	2940	178	208
10.5708	2941	180	1408
10.5736	2942	179	1408
10.5774	2943	178	208
10.5803	2944	180	1408
10.5861	2945	182	1408
10.5865	2946	177	208
10.5899	2947	179	1408
10.5957	2948	181	1408
10.5961	2949	177	208
10.599	2950	180	1408
10.6048	2951	180	1408
10.6052	2952	177	208
10.6086	2953	179	1408
10.6144	2954	180	1408
10.6176	2955	179	208
10.6206	2956	181	1408
10.6235	2957	179	1408
10.6272	2958	179	208
10.6302	2959	181	1408
10.6359	2960	182	1408
10.6363	2961	178	208
10.6393	2962	180	1408
10.6455	2963	182	1408
10.6459	2964	177	208
10.6488	2965	180	1408
10.6546	2966	181	1408
10.6583	2967	180	208
10.6613	2968	183	1408
10.6671	2969	184	1408
10.6674	2970	180	208
10.6704	2971	182	1408
10.6766	2972	183	1408
10.677	2973	180	208
10.68	2974	181	1408
10.6857	2975	183	1408
10.6861	2976	179	208
10.6891	2977	181	1408
10.6953	2978	183	1408
10.6986	2979	181	208
10.7015	2980	184	1408
10.7044	2981	182	1408
10.7082	2982	182	208
10.7111	2983	184	1408
10.714	2984	182	1408
10.7173	2985	181	208
10.7202	2986	183	1408
10.7231	2987	182	1408
10.7235	2988	177	208
10.7265	2989	179	1408
10.7327	2990	181	1408
10.7359	2991	179	208
10.7389	2992	182	1408
10.7418	2993	180	1408
10.7455	2994	179	208
10.7485	2995	182	1408
10.7542	2996	183	1408
10.7546	2997	179	208
10.7576	2998	181	1408
10.7638	2999	182	1408
10.7642	3000	179	208
10.7672	3001	181	1408
10.7729	3002	182	1408
10.7733	3003	178	208
10.7763	3004	180	1408
10.7825	3005	182	1408
10.7829	3006	177	208
10.7859	3007	180	1408
10.7916	3008	181	1408
10.7953	3009	180	208
10.7983	3010	183	1408
10.8012	3011	181	1408
10.8045	3012	180	208
10.8074	3013	182	1408
10.8103	3014	180	1408
10.814	3015	180	208
10.817	3016	182	1408
10.8228	3017	183	1408
10.8231	3018	179	208
10.8261	3019	181	1408
10.8323	3020	183	1408
10.8327	3021	178	208
10.8357	3022	181	1408
10.8414	3023	182	1408
10.8423	3024	179	208
10.8481	3025	184	1408
10.851	3026	182	1408
10.8543	3027	181	208
10.8572	3028	183	1408
10.8606	3029	182	1408
10.8639	3030	180	208
10.8668	3031	182	1408
10.8726	3032	184	1408
10.873	3033	179	208
10.8759	3034	182	1408
10.8822	3035	184	1408
10.8854	3036	182	208
10.8884	3037	185	1408
10.8913	3038	183	1408
10.8921	3039	180	208
10.898	3040	184	1408
10.9008	3041	182	1408
10.9041	3042	182	208
10.9071	3043	184	1408
10.9099	3044	182	1408
10.9137	3045	181	208
10.9167	3046	183	1408
10.9224	3047	185	1408
10.9228	3048	180	208
10.9258	3049	183	1408
10.9286	3050	181	1408
10.9324	3051	180	208
10.9353	3052	183	1408
10.9382	3053	181	1408
10.9415	3054	180	208
10.9444	3055	182	1408
10.9507	3056	183	1408
10.951	3057	180	208
10.954	3058	182	1408
10.9598	3059	183	1408
10.9606	3060	179	208
10.9665	3061	184	1408
10.9694	3062	183	1408
10.9726	3063	181	208
10.9756	3064	184	1408
10.9785	3065	182	1408
10.9793	3066	179	208
10.9852	3067	184	1408
10.988	3068	182	1408
10.9913	3069	181	208
10.9943	3070	183	1408
10.9976	3071	182	1408
11.0009	3072	180	208
11.0038	3073	183	1408
11.0096	3074	184	1408
11.01	3075	180	208
11.0129	3076	182	1408
11.0192	3077	184	1408
11.0196	3078	180	208
11.0225	3079	182	1408
11.0283	3080	185	1408
11.0287	3081	181	208
11.0316	3082	184	1408
11.0379	3083	186	1408
11.0382	3084	183	208
11.0412	3085	186	1408
11.047	3086	187	1408
11.0473	3087	185	208
11.0503	3088	187	1408
11.0532	3089	186	1408
11.0536	3090	183	208
11.0565	3091	185	1408
11.0599	3092	185	1408
11.0632	3093	185	208
11.0661	3094	188	1408
11.069	3095	187	1408
11.0723	3096	186	208
11.0752	3097	189	1408
11.0786	3098	188	1408
11.0818	3099	188	208
11.0848	3100	190	1408
11.0877	3101	189	1408
11.0909	3102	189	208
11.0939	3103	191	1408
11.0973	3104	192	1408
11.1005	3105	191	208
11.1035	3106	193	1408
11.1064	3107	193	1408
11.1096	3108	192	208
11.1126	3109	195	1408
11.1155	3110	194	1408
11.1192	3111	194	208
11.1222	3112	197	1408
11.1251	3113	196	1408
11.1254	3114	193	208
11.1284	3115	195	1408
11.1342	3116	198	1408
11.1379	3117	195	208
11.1409	3118	198	1408
11.1437	3119	195	1408
11.1441	3120	193	208
11.15	3121	197	1408
11.1528	3122	194	1408
11.1537	3123	192	208
11.1595	3124	197	1408
11.1624	3125	195	1408
11.1657	3126	195	208
11.1686	3127	197	1408
11.1715	3128	195	1408
11.1753	3129	193	208
11.1782	3130	196	1408
11.184	3131	197	1408
11.1844	3132	195	208
11.1873	3133	197	1408
11.1936	3134	198	1408
11.1939	3135	195	208
11.1969	3136	197	1408
11.2027	3137	198	1408
11.203	3138	193	208
11.206	3139	196	1408
11.2122	3140	198	1408
11.2126	3141	193	208
11.2156	3142	196	1408
11.2213	3143	195	1408
11.2251	3144	196	208
11.2281	3145	198	1408
11.2309	3146	195	1408
11.2342	3147	196	208
11.2372	3148	198	1408
11.24	3149	195	1408
11.2438	3150	195	208
11.2467	3151	197	1408
11.2496	3152	195	1408
11.2529	3153	195	208
11.2558	3154	197	1408
11.2587	3155	195	1408
11.2624	3156	193	208
11.2654	3157	196	1408
11.2683	3158	195	1408
11.2687	3159	189	208
11.2716	3160	192	1408
11.2774	3161	194	1408
11.2778	3162	188	208
11.2808	3163	190	1408
11.287	3164	190	1408
11.2902	3165	188	208
11.2932	3166	190	1408
11.2961	3167	188	1408
11.2998	3168	185	208
11.3028	3169	187	1408
11.3085	3170	187	1408
11.3089	3171	181	208
11.3119	3172	183	1408
11.3181	3173	184	1408
11.3214	3174	181	208
11.3243	3175	183	1408
11.3272	3176	180	1408
11.3281	3177	176	208
11.3339	3178	180	1408
11.3368	3179	177	1408
11.3401	3180	175	208
11.343	3181	177	1408
11.3493	3182	177	1408
11.3525	3183	174	208
11.3555	3184	177	1408
11.3584	3185	174	1408
11.3621	3186	172	208
11.3651	3187	174	1408
11.3708	3188	173	1408
11.4057	3189	108	208
11.4087	3190	111	1408
11.4115	3191	111	1408
11.4148	3192	108	208
11.4178	3193	111	1408
11.4206	3194	110	1408
11.4244	3195	109	208
11.4273	3196	112	1408
11.4331	3197	113	1408
11.4335	3198	108	208
11.4365	3199	111	1408
11.4427	3200	113	1408
11.4431	3201	109	208
11.446	3202	112	1408
11.4518	3203	112	1408
11.4555	3204	112	208
11.4585	3205	114	1408
11.4614	3206	113	1408
11.4646	3207	111	208
11.4676	3208	114	1408
11.4705	3209	113	1408
11.4771	3210	109	208
11.48	3211	112	1408
11.4829	3212	110	1408
11.4867	3213	108	208
11.4896	3214	111	1408
11.4954	3215	111	1408
11.4991	3216	105	208
11.5021	3217	108	1408
11.5078	3218	109	1408
11.5082	3219	105	208
11.5112	3220	108	1408
11.5174	3221	108	1408
11.5207	3222	105	208
11.5236	3223	108	1408
11.527	3224	107	1408
11.5303	3225	105	208
11.5332	3226	108	1408
11.539	3227	108	1408
11.5705	3228	68	208
11.5735	3229	71	1408
11.5763	3230	70	1408
11.5801	3231	69	208
11.583	3232	72	1408
11.5859	3233	69	1408
11.5892	3234	69	208
11.5922	3235	72	1408
11.5984	3236	73	1408
11.5988	3237	69	208
11.6017	3238	71	1408
11.6075	3239	73	1408
11.6079	3240	69	208
11.6113	3241	72	1408
11.6171	3242	74	1408
11.6203	3243	73	208
11.6233	3244	75	1408
11.6262	3245	74	1408
11.6299	3246	73	208
11.6329	3247	75	1408
11.6357	3248	74	1408
11.639	3249	73	208
11.642	3250	75	1408
11.6482	3251	78	1408
11.6486	3252	73	208
11.6516	3253	76	1408
11.6573	3254	77	1408
11.661	3255	77	208
11.664	3256	80	1408
11.6669	3257	77	1408
11.6701	3258	77	208
11.6731	3259	79	1408
11.676	3260	77	1408
11.6797	3261	77	208
11.6827	3262	79	1408
11.6884	3263	81	1408
11.6888	3264	77	208
11.6918	3265	79	1408
11.698	3266	82	1408
11.6984	3267	78	208
11.7043	3268	83	1408
11.7071	3269	82	1408
11.7109	3270	80	208
11.7138	3271	83	1408
11.7196	3272	84	1408
11.72	3273	80	208
11.7229	3274	83	1408
11.7292	3275	85	1408
11.7295	3276	81	208
11.7325	3277	83	1408
11.7383	3278	85	1408
11.742	3279	85	208
11.745	3280	86	1408
11.7479	3281	85	1408
11.7511	3282	85	208
11.7541	3283	87	1408
11.7603	3284	89	1408
11.7607	3285	85	208
11.7665	3286	90	1408
11.7694	3287	89	1408
11.7731	3288	88	208
11.7761	3289	91	1408
11.7819	3290	92	1408
11.7856	3291	91	208
11.7886	3292	94	1408
11.7943	3293	95	1408
11.7947	3294	91	208
11.7977	3295	94	1408
11.8039	3296	95	1408
11.8072	3297	95	208
11.8101	3298	97	1408
11.8164	3299	99	1408
11.8196	3300	98	208
11.8226	3301	100	1408
11.8255	3302	99	1408
11.8292	3303	99	208
11.8322	3304	101	1408
11.8379	3305	102	1408
11.8417	3306	102	208
11.8446	3307	104	1408
11.8504	3308	106	1408
11.8541	3309	105	208
11.8571	3310	108	1408
11.86	3311	106	1408
11.8632	3312	105	208
11.8662	3313	108	1408
11.8724	3314	109	1408
11.8757	3315	108	208
11.8786	3316	110	1408
11.8849	3317	112	1408
11.8852	3318	109	208
11.8882	3319	111	1408
11.894	3320	112	1408
11.8977	3321	112	208
11.9007	3322	114	1408
11.9064	3323	116	1408
11.9068	3324	112	208
11.9098	3325	114	1408
11.916	3326	117	1408
11.9193	3327	116	208
11.9222	3328	118	1408
11.9285	3329	120	1408
11.9317	3330	118	208
11.9347	3331	121	1408
11.9409	3332	122	1408
11.9413	3333	119	208
11.9443	3334	122	1408
11.95	3335	123	1408
11.9538	3336	122	208
11.9567	3337	124	1408
11.9625	3338	126	1408
11.9629	3339	122	208
11.9663	3340	125	1408
11.9721	3341	127	1408
11.9753	3342	126	208
11.9783	3343	128	1408
11.9845	3344	130	1408
11.9878	3345	129	208
11.9907	3346	131	1408
11.9941	3347	131	1408
11.9974	3348	129	208
12.0003	3349	132	1408
12.0061	3350	134	1408
12.0098	3351	132	208
12.0128	3352	135	1408
12.0185	3353	136	1408
12.0189	3354	132	208
12.0224	3355	136	1408
12.0281	3356	137	1408
12.0314	3357	136	208
12.0343	3358	138	1408
12.0406	3359	140	1408
12.0438	3360	139	208
12.0468	3361	141	1408
12.053	3362	144	1408
12.0534	3363	140	208
12.0593	3364	145	1408
12.0621	3365	144	1408
12.0659	3366	143	208
12.0688	3367	145	1408
12.0746	3368	147	1408
12.0783	3369	146	208
12.0813	3370	149	1408
12.087	3371	151	1408
12.0874	3372	146	208
12.0904	3373	149	1408
12.0966	3374	150	1408
12.0999	3375	149	208
12.1028	3376	151	1408
12.1091	3377	154	1408
12.1123	3378	153	208
12.1153	3379	155	1408
12.1215	3380	157	1408
12.1219	3381	153	208
12.1278	3382	158	1408
12.1306	3383	157	1408
12.1344	3384	157	208
12.1373	3385	159	1408
12.1431	3386	161	1408
12.1468	3387	159	208
12.1498	3388	162	1408
12.1555	3389	164	1408
12.1593	3390	163	208
12.1623	3391	166	1408
12.1651	3392	164	1408
12.1684	3393	163	208
12.1714	3394	166	1408
12.1776	3395	167	1408
12.1808	3396	166	208
12.1838	3397	168	1408
12.19	3398	171	1408
12.1933	3399	170	208
12.1963	3400	172	1408
12.1996	3401	171	1408
12.2029	3402	170	208
12.2058	3403	172	1408
12.2087	3404	171	1408
12.212	3405	170	208
12.215	3406	172	1408
12.2212	3407	175	1408
12.2216	3408	170	208
12.2245	3409	173	1408
12.2274	3410	172	1408
12.2307	3411	170	208
12.2336	3412	173	1408
12.2399	3413	174	1408
12.2402	3414	171	208
12.2432	3415	174	1408
12.249	3416	174	1408
12.2493	3417	171	208
12.2523	3418	173	1408
12.2585	3419	175	1408
12.2589	3420	171	208
12.2619	3421	173	1408
12.2677	3422	175	1408
12.268	3423	172	208
12.271	3424	174	1408
12.2772	3425	176	1408
12.2776	3426	172	208
12.2806	3427	174	1408
12.2835	3428	173	1408
12.2838	3429	168	208
12.2868	3430	171	1408
12.2897	3431	169	1408
12.2901	3432	166	208
12.293	3433	169	1408
12.2959	3434	166	1408
12.2963	3435	163	208
12.2993	3436	165	1408
12.3021	3437	164	1408
12.3025	3438	160	208
12.3055	3439	162	1408
12.3084	3440	161	1408
12.3088	3441	157	208
12.3117	3442	159	1408
12.3146	3443	158	1408
12.315	3444	154	208
12.318	3445	156	1408
12.3208	3446	155	1408
12.3212	3447	151	208
12.3242	3448	154	1408
12.3271	3449	153	1408
12.3274	3450	148	208
12.3304	3451	151	1408
12.3333	3452	149	1408
12.3337	3453	145	208
12.3366	3454	148	1408
12.3395	3455	146	1408
12.3428	3456	145	208
12.3457	3457	147	1408
12.352	3458	149	1408
12.3523	3459	146	208
12.3582	3460	151	1408
12.3611	3461	150	1408
12.3648	3462	149	208
12.3678	3463	151	1408
12.3707	3464	150	1408
12.3739	3465	149	208
12.3769	3466	151	1408
12.3798	3467	150	1408
12.3835	3468	149	208
12.3865	3469	152	1408
12.3922	3470	154	1408
12.3926	3471	149	208
12.3956	3472	152	1408
12.3984	3473	150	1408
12.4022	3474	150	208
12.4051	3475	152	1408
12.4109	3476	153	1408
12.4113	3477	150	208
12.4142	3478	152	1408
12.4205	3479	154	1408
12.4209	3480	150	208
12.4238	3481	152	1408
12.4267	3482	151	1408
12.43	3483	150	208
12.4329	3484	152	1408
12.4358	3485	151	1408
12.4395	3486	151	208
12.4425	3487	153	1408
12.4454	3488	152	1408
12.4486	3489	150	208
12.4516	3490	153	1408
12.4545	3491	151	1408
12.4549	3492	147	208
12.4578	3493	150	1408
12.4607	3494	148	1408
12.4611	3495	145	208
12.4641	3496	147	1408
12.4669	3497	145	1408
12.4673	3498	142	208
12.4703	3499	144	1408
12.4732	3500	143	1408
12.4736	3501	139	208
12.4765	3502	141	1408
12.4794	3503	140	1408
12.4798	3504	136	208
12.4828	3505	138	1408
12.4856	3506	137	1408
12.486	3507	133	208
12.489	3508	135	1408
12.4919	3509	134	1408
12.4922	3510	130	208
12.4952	3511	133	1408
12.5014	3512	134	1408
12.5047	3513	133	208
12.5077	3514	136	1408
12.511	3515	135	1408
12.5143	3516	134	208
12.5172	3517	136	1408
12.523	3518	138	1408
12.5234	3519	134	208
12.5264	3520	136	1408
12.5326	3521	138	1408
12.533	3522	134	208
12.5359	3523	136	1408
12.5417	3524	138	1408
12.5421	3525	135	208
12.545	3526	137	1408
12.5513	3527	139	1408
12.5516	3528	135	208
12.5575	3529	140	1408
12.5604	3530	139	1408
12.5641	3531	139	208
12.5671	3532	141	1408
12.5728	3533	142	1408
12.5732	3534	139	208
12.5762	3535	141	1408
12.5824	3536	143	1408
12.5828	3537	139	208
12.5886	3538	144	1408
12.5915	3539	143	1408
12.5952	3540	143	208
12.5982	3541	145	1408
12.604	3542	146	1408
12.6043	3543	143	208
12.6078	3544	145	1408
12.6135	3545	147	1408
12.6168	3546	146	208
12.6198	3547	148	1408
12.6226	3548	147	1408
12.6264	3549	147	208
12.6294	3550	149	1408
12.6351	3551	151	1408
12.6355	3552	147	208
12.6389	3553	149	1408
12.6447	3554	151	1408
12.6479	3555	150	208
12.6509	3556	152	1408
12.6543	3557	152	1408
12.6575	3558	151	208
12.6605	3559	153	1408
12.6634	3560	152	1408
12.6637	3561	148	208
12.6667	3562	150	1408
12.6725	3563	152	1408
12.6729	3564	148	208
12.6763	3565	151	1408
12.6821	3566	153	1408
12.6853	3567	152	208
12.6883	3568	155	1408
12.6916	3569	153	1408
12.6949	3570	152	208
12.6979	3571	155	1408
12.7036	3572	156	1408
12.7045	3573	153	208
12.7074	3574	156	1408
12.7132	3575	157	1408
12.7164	3576	156	208
12.7194	3577	159	1408
12.7256	3578	160	1408
12.726	3579	157	208
12.729	3580	160	1408
12.7348	3581	160	1408
12.7356	3582	157	208
12.7386	3583	160	1408
12.7443	3584	161	1408
12.7476	3585	160	208
12.7506	3586	163	1408
12.7568	3587	164	1408
12.7572	3588	161	208
12.7601	3589	164	1408
12.7659	3590	164	1408
12.7667	3591	161	208
12.7697	3592	164	1408
12.7755	3593	165	1408
12.7787	3594	164	208
12.7817	3595	167	1408
12.7879	3596	168	1408
12.7883	3597	165	208
12.7913	3598	168	1408
12.797	3599	170	1408
12.7979	3600	165	208
12.8009	3601	168	1408
12.8066	3602	170	1408
12.8099	3603	168	208
12.8128	3604	171	1408
12.8191	3605	174	1408
12.8194	3606	169	208
12.8224	3607	172	1408
12.8282	3608	174	1408
12.8319	3609	172	208
12.8349	3610	175	1408
12.8378	3611	174	1408
12.841	3612	173	208
12.844	3613	175	1408
12.8502	3614	178	1408
12.8506	3615	174	208
12.8536	3616	176	1408
12.8593	3617	178	1408
12.863	3618	178	208
12.866	3619	180	1408
12.8689	3620	178	1408
12.8721	3621	178	208
12.8751	3622	180	1408
12.8785	3623	179	1408
12.8817	3624	178	208
12.8847	3625	180	1408
12.8905	3626	182	1408
12.8913	3627	179	208
12.8972	3628	184	1408
12.9	3629	183	1408
12.9033	3630	182	208
12.9063	3631	184	1408
12.9125	3632	186	1408
12.9129	3633	182	208
12.9158	3634	184	1408
12.9216	3635	186	1408
12.9253	3636	186	208
12.9283	3637	188	1408
12.9312	3638	187	1408
12.9344	3639	186	208
12.9374	3640	188	1408
12.9436	3641	190	1408
12.944	3642	187	208
12.9499	3643	191	1408
12.9527	3644	190	1408
12.9565	3645	190	208
12.9594	3646	192	1408
12.9623	3647	191	1408
12.9656	3648	190	208
12.9685	3649	192	1408
12.9748	3650	194	1408
12.9751	3651	191	208
12.9781	3652	194	1408
12.9839	3653	194	1408
12.9876	3654	194	208
12.9906	3655	197	1408
12.9963	3656	198	1408
12.9967	3657	194	208
12.9997	3658	197	1408
13.0059	3659	198	1408
13.0063	3660	195	208
13.0093	3661	198	1408
13.015	3662	200	1408
13.0187	3663	198	208
13.0217	3664	201	1408
13.0246	3665	200	1408
13.0278	3666	198	208
13.0308	3667	201	1408
13.037	3668	204	1408
13.0374	3669	199	208
13.0404	3670	202	1408
13.0462	3671	204	1408
13.0499	3672	203	208
13.0529	3673	205	1408
13.0557	3674	204	1408
13.059	3675	203	208
13.062	3676	205	1408
13.0682	3677	208	1408
13.0686	3678	204	208
13.0744	3679	209	1408
13.0773	3680	208	1408
13.081	3681	208	208
13.084	3682	209	1408
13.0869	3683	208	1408
13.0901	3684	208	208
13.0931	3685	210	1408
13.0993	3686	212	1408
13.0997	3687	208	208
13.1027	3688	210	1408
13.1084	3689	212	1408
13.1122	3690	212	208
13.1151	3691	214	1408
13.118	3692	213	1408
13.1213	3693	212	208
13.1242	3694	214	1408
13.1305	3695	216	1408
13.1308	3696	212	208
13.1367	3697	217	1408
13.1396	3698	216	1408
13.1433	3699	216	208
13.1463	3700	218	1408
13.1492	3701	217	1408
13.1524	3702	216	208
13.1554	3703	218	1408
13.1616	3704	220	1408
13.162	3705	216	208
13.165	3706	219	1408
13.1707	3707	220	1408
13.1744	3708	220	208
13.1774	3709	223	1408
13.1803	3710	221	1408
13.1835	3711	220	208
13.1865	3712	223	1408
13.1927	3713	224	1408
13.196	3714	224	208
13.199	3715	226	1408
13.2019	3716	224	1408
13.2056	3717	224	208
13.2086	3718	227	1408
13.2114	3719	226	1408
13.2147	3720	224	208
13.2177	3721	227	1408
13.2239	3722	229	1408
13.2243	3723	225	208
13.2272	3724	228	1408
13.233	3725	229	1408
13.2367	3726	228	208
13.2397	3727	231	1408
13.2454	3728	233	1408
13.2458	3729	229	208
13.2488	3730	231	1408
13.255	3731	234	1408
13.2554	3732	230	208
13.2613	3733	235	1408
13.2641	3734	234	1408
13.2679	3735	233	208
13.2708	3736	235	1408
13.2737	3737	234	1408
13.277	3738	233	208
13.2799	3739	235	1408
13.2862	3740	238	1408
13.2865	3741	234	208
13.2924	3742	239	1408
13.2953	3743	238	1408
13.299	3744	238	208
13.302	3745	239	1408
13.3049	3746	238	1408
13.3052	3747	235	208
13.3082	3748	237	1408
13.3144	3749	239	1408
13.3177	3750	238	208
13.3207	3751	240	1408
13.3235	3752	239	1408
13.3273	3753	239	208
13.3302	3754	241	1408
13.3335	3756	236	208
13.3365	3757	238	1408
13.3427	3758	240	1408
13.3431	3759	237	208
13.3489	3761	237	1408
13.3527	3762	237	208
13.3556	3763	240	1408
13.3614	3764	241	1408
13.3618	3765	237	208
13.3647	3766	240	1408
13.371	3767	241	1408
13.3713	3768	238	208
13.3743	3769	241	1408
13.3772	3770	239	1408
13.3809	3771	238	208
13.3839	3772	241	1408
13.3871	3774	236	208
13.3901	3775	239	1408
13.3963	3776	241	1408
13.3996	3777	239	208
13.4026	3778	242	1408
13.4055	3779	241	1408
13.4092	3780	240	208
13.415	3782	242	1408
13.4154	3783	237	208
13.4184	3784	240	1408
13.4246	3785	242	1408
13.425	3786	238	208
13.4308	3788	239	1408
13.4346	3789	239	208
13.4375	3790	241	1408
13.4408	3792	236	208
13.4438	3793	238	1408
13.45	3794	241	1408
13.4504	3795	237	208
13.4562	3796	242	1408
13.4591	3797	241	1408
13.4628	3798	240	208
13.4658	3799	242	1408
13.4687	3800	241	1408
13.4691	3801	238	208
13.472	3802	240	1408
13.4754	3803	239	1408
13.4786	3804	238	208
13.4816	3805	240	1408
13.4845	3806	239	1408
13.4882	3807	239	208
13.4912	3808	241	1408
13.4969	3809	242	1408
13.4973	3810	238	208
13.5003	3811	241	1408
13.5061	3812	243	1408
13.5093	3813	241	208
13.5123	3815	240	1408
13.516	3816	239	208
13.519	3817	241	1408
13.5247	3818	241	1408
13.5256	3819	238	208
13.5286	3820	241	1408
13.5314	3821	238	1408
13.5347	3822	235	208
13.5377	3823	238	1408
13.5439	3824	238	1408
13.5472	3825	238	208
13.5501	3826	241	1408
13.5564	3827	241	1408
13.5596	3828	238	208
13.5626	3829	241	1408
13.5655	3830	240	1408
13.5687	3831	238	208
13.5717	3832	241	1408
13.575	3833	241	1408
13.5754	3834	235	208
13.5784	3835	238	1408
13.5841	3836	238	1408
13.5879	3837	235	208
13.5908	3838	238	1408
13.5966	3839	240	1408
13.6003	3840	238	208
13.6033	3841	241	1408
13.6062	3842	240	1408
13.6094	3843	239	208
13.6124	3844	241	1408
13.6161	3846	236	208
13.6191	3847	239	1408
13.6249	3848	240	1408
13.6286	3849	238	208
13.6316	3850	241	1408
13.6345	3851	240	1411
13.6377	3853	234	208
13.6407	3854	237	1408
13.6464	3855	237	1411
13.6527	3856	239	1408
13.6559	3857	238	208
13.6594	3859	237	1408
13.6626	3860	236	208
13.6656	3861	239	1408
13.6714	3862	240	1408
13.6717	3863	236	208
13.6747	3864	239	1408
13.6776	3865	237	1408
13.678	3866	233	208
13.6809	3867	236	1408
13.6838	3868	235	1411
13.6867	3869	233	1408
13.6871	3870	230	208
13.69	3871	233	1408
13.6963	3872	234	1408
13.6967	3873	230	208
13.6996	3874	233	1408
13.7054	3875	234	1408
13.7083	3876	233	1411
13.712	3877	232	208
13.715	3878	235	1408
13.7207	3879	236	1408
13.7211	3880	233	208
13.7241	3881	236	1408
13.7298	3882	236	1411
13.7327	3883	235	1408
13.7385	3884	237	1411
13.7389	3885	233	208
13.7423	3886	236	1408
13.7481	3887	238	1408
13.7513	3888	237	208
13.7543	3889	239	1408
13.7572	3890	238	1408
13.7609	3891	237	208
13.7639	3892	239	1408
13.7667	3893	238	1408
13.7705	3894	238	208
13.7734	3895	240	1408
13.7763	3896	239	1408
13.7801	3897	239	208
13.783	3898	241	1408
13.7888	3899	242	1408
13.7892	3900	239	208
13.7921	3901	242	1408
13.7954	3903	236	208
13.7984	3904	239	1408
13.8041	3905	240	1408
13.8045	3906	236	208
13.8075	3907	239	1408
13.8132	3908	240	1411
13.817	3910	235	208
13.8199	3911	238	1408
13.8257	3912	239	1408
13.8265	3913	236	208
13.8295	3914	239	1408
13.8353	3915	240	1408
13.8385	3916	239	208
13.8415	3917	242	1408
13.8444	3918	240	1408
13.8476	3919	237	208
13.8506	3920	240	1408
13.8568	3921	240	1408
13.8601	3922	238	208
13.8631	3923	241	1408
13.8659	3924	239	1408
13.8697	3925	238	208
13.8726	3926	241	1408
13.8755	3927	240	1408
13.8788	3928	239	208
13.8817	3929	241	1408
13.8855	3931	235	208
13.8884	3932	238	1408
13.8942	3933	238	1408
13.8979	3934	234	208
13.9009	3935	237	1408
13.9067	3936	239	1408
13.907	3937	235	208
13.91	3938	238	1408
13.9253	3939	228	1411
13.9282	3940	227	1411
13.9345	3941	228	1408
13.9377	3942	225	208
13.9407	3943	228	1408
13.944	3944	225	1411
13.9498	3945	226	1408
13.953	3946	225	208
13.956	3947	227	1408
13.9594	3948	225	1408
13.9626	3949	224	208
13.9656	3950	226	1408
13.9713	3951	227	1408
13.9751	3952	226	208
13.9781	3953	229	1408
13.9809	3954	226	1408
13.9842	3955	225	208
13.9872	3956	227	1408
13.9934	3957	229	1408
13.9938	3958	224	208
13.9967	3959	226	1408
14.0025	3960	227	1408
14.0033	3961	224	208
14.0092	3962	229	1408
14.0121	3963	227	1408
14.0153	3964	225	208
14.0183	3965	228	1408
14.0245	3966	230	1408
14.0249	3967	226	208
14.0279	3968	228	1408
14.0336	3969	230	1408
14.034	3970	227	208
14.0375	3971	229	1408
14.0432	3972	231	1408
14.0441	3973	228	208
14.0499	3974	232	1408
14.0528	3975	231	1408
14.0565	3976	231	208
14.0595	3977	233	1408
14.0624	3978	232	1408
14.0656	3979	231	208
14.0686	3980	233	1408
14.072	3981	232	1408
14.0752	3982	232	208
14.0782	3983	234	1408
14.0839	3984	235	1408
14.0843	3985	232	208
14.0873	3986	234	1408
14.0935	3987	236	1411
14.0993	3988	238	1408
14.0997	3989	234	208
14.1026	3990	236	1408
14.1089	3991	238	1408
14.1092	3992	235	208
14.1122	3993	237	1408
14.118	3994	238	1411
14.1208	3995	237	1408
14.1246	3996	237	208
14.1275	3997	239	1408
14.1308	3999	234	208
14.1338	4000	236	1408
14.14	4001	239	1408
14.1404	4002	235	208
14.1462	4003	240	1408
14.1491	4004	239	1408
14.1528	4005	238	208
14.1558	4006	240	1408
14.1587	4007	239	1408
14.1591	4008	236	208
14.162	4009	238	1408
14.1654	4010	237	1408
14.1686	4011	236	208
14.1716	4012	238	1408
14.1774	4013	240	1408
14.1777	4014	236	208
14.1812	4015	239	1408
14.187	4016	240	1411
14.1898	4017	239	1408
14.1902	4018	236	208
14.1932	4019	238	1408
14.1994	4020	240	1408
14.1998	4021	236	208
14.2028	4022	238	1408
14.2085	4023	240	1408
14.2094	4024	237	208
14.2123	4025	239	1408
14.2152	4026	238	1408
14.2185	4027	237	208
14.2214	4028	239	1408
14.2243	4029	238	1408
14.2281	4030	238	208
14.231	4031	240	1408
14.2339	4032	238	1408
14.2343	4033	235	208
14.2373	4034	237	1408
14.2435	4035	239	1408
14.2439	4036	235	208
14.2468	4037	238	1408
14.2526	4038	239	1408
14.253	4039	235	208
14.2559	4040	238	1408
14.2622	4041	240	1408
14.2654	4042	239	208
14.2684	4044	237	1408
14.2721	4045	237	208
14.2751	4046	240	1408
14.278	4047	238	1408
14.2812	4048	237	208
14.2842	4049	240	1408
14.2876	4050	239	1408
14.2879	4051	234	208
14.2909	4052	237	1408
14.2967	4053	239	1408
14.2975	4054	235	208
14.3005	4055	238	1408
14.3062	4056	240	1408
14.3095	4057	239	208
14.3125	4058	241	1408
14.3153	4059	240	1408
14.3191	4060	240	208
14.322	4061	242	1408
14.3249	4062	241	1408
14.3253	4063	238	208
14.3283	4064	241	1408
14.3312	4065	241	1408
14.3315	4066	237	208
14.3345	4067	240	1408
14.3411	4069	240	208
14.3441	4071	239	1408
14.3445	4072	236	208
14.3474	4073	237	1408
14.3537	4074	240	1408
14.354	4075	238	208
14.3599	4076	240	1408
14.3628	4077	240	1408
14.3631	4078	238	208
14.3695	4079	241	1408
14.3723	4080	240	1408
14.3756	4081	240	208
14.3786	4082	240	1408
14.3814	4083	237	1408
14.3852	4084	238	208
14.3882	4085	241	1408
14.3939	4086	240	1408
14.3976	4087	238	208
14.4006	4088	241	1408
14.4035	4089	241	1408
14.4067	4090	238	208
14.4097	4091	241	1408
14.4126	4092	240	1408
14.4163	4093	238	208
14.4193	4094	241	1408
14.4222	4095	241	1408
14.4226	4096	235	208
14.4255	4097	238	1408
14.4313	4098	241	1411
14.4342	4099	240	1408
14.4379	4100	237	208
14.4409	4101	240	1408
14.4466	4102	240	1408
14.447	4103	237	208
14.45	4104	240	1408
14.4557	4105	240	1408
14.4561	4106	238	208
14.4591	4107	241	1408
14.4624	4108	240	1408
14.4628	4109	237	208
14.4658	4110	240	1408
14.4687	4111	237	1408
14.4724	4112	235	208
14.4754	4113	238	1408
14.4782	4114	237	1408
14.4815	4115	234	208
14.4845	4116	237	1408
14.4902	4117	240	1408
14.4906	4118	236	208
14.4936	4119	239	1408
14.4998	4120	240	1408
14.5002	4121	238	208
14.5032	4122	241	1408
14.506	4123	238	1408
14.5093	4124	237	208
14.5123	4125	240	1408
14.5151	4126	240	1408
14.5189	4127	237	208
14.5218	4128	240	1408
14.5247	4129	240	1408
14.5251	4130	234	208
14.5281	4131	237	1408
14.5343	4132	240	1408
14.5347	4133	236	208
14.5376	4134	239	1408
14.5434	4135	240	1408
14.5443	4136	238	208
14.5472	4137	241	1408
14.5501	4138	238	1408
14.5534	4139	237	208
14.5563	4140	240	1408
14.5621	4141	240	1408
14.5712	4142	233	1411
14.5721	4143	229	208
14.5779	4144	233	1408
14.5808	4145	231	1408
14.584	4146	229	208
14.587	4147	231	1408
14.5928	4148	231	1408
14.5965	4149	229	208
14.5995	4150	231	1408
14.6052	4151	232	1408
14.6061	4152	227	208
14.6119	4153	231	1408
14.6148	4154	229	1408
14.6181	4155	227	208
14.621	4156	229	1408
14.6273	4157	230	1408
14.633	4158	230	1411
14.6359	4159	227	1411
14.6396	4160	225	208
14.6426	4161	227	1408
14.6483	4162	228	1408
14.6521	4163	226	208
14.6551	4164	228	1408
14.6608	4165	228	1408
14.6645	4166	226	208
14.6675	4167	228	1408
14.6704	4168	226	1408
14.6736	4169	223	208
14.6766	4170	226	1408
14.6824	4171	226	1408
14.6861	4172	223	208
14.6891	4173	226	1408
14.692	4174	222	1408
14.6952	4175	222	208
14.6982	4176	225	1408
14.7011	4177	222	1408
14.7014	4178	218	208
14.7044	4179	221	1408
14.7073	4180	220	1408
14.7105	4181	218	208
14.7135	4182	221	1408
14.7164	4183	220	1408
14.7197	4184	218	208
14.7226	4185	221	1408
14.7255	4186	219	1408
14.7292	4187	219	208
14.7322	4188	222	1408
14.7351	4189	220	1408
14.7383	4190	219	208
14.7413	4191	222	1408
14.7442	4192	221	1408
14.7446	4193	216	208
14.7475	4194	219	1408
14.7533	4195	221	1408
14.7542	4196	217	208
14.7571	4197	220	1408
14.7629	4198	221	1408
14.7661	4199	220	208
14.7691	4200	223	1408
14.772	4201	221	1408
14.7752	4202	221	208
14.7782	4203	223	1408
14.7811	4204	222	1408
14.7848	4205	221	208
14.7878	4206	223	1408
14.7907	4207	222	1408
14.7939	4208	221	208
14.7969	4209	223	1408
14.8027	4210	225	1408
14.803	4211	222	208
14.806	4212	224	1408
14.8122	4213	226	1408
14.8126	4214	222	208
14.8156	4215	224	1408
14.8213	4216	226	1408
14.8217	4217	222	208
14.8247	4218	224	1408
14.8309	4219	226	1408
14.8313	4220	223	208
14.8343	4221	225	1408
14.84	4222	227	1408
14.8409	4223	223	208
14.8467	4224	228	1408
14.8496	4225	227	1408
14.8529	4226	221	208
14.8558	4227	223	1408
14.8621	4228	224	1408
14.8653	4229	223	208
14.8683	4230	224	1408
14.8712	4231	223	1408
14.8749	4232	222	208
14.8779	4233	221	1408
14.8836	4234	223	1408
14.884	4235	219	208
14.887	4236	220	1408
14.8932	4237	221	1408
14.8965	4238	220	208
14.8994	4239	221	1408
14.9023	4240	220	1408
14.906	4241	219	208
14.9119	4242	218	1408
14.9148	4243	217	1408
14.9185	4244	217	208
14.9215	4245	219	1408
14.9243	4246	216	1408
14.9276	4247	215	208
14.9306	4248	215	1408
14.9368	4249	216	1408
14.9372	4250	213	208
14.943	4251	216	1408
14.9459	4252	214	1408
14.9496	4253	214	208
14.9526	4254	216	1408
14.9584	4255	216	1408
14.9587	4256	212	208
14.9622	4257	213	1408
14.9679	4258	214	1408
14.9683	4259	211	208
14.9742	4260	216	1408
14.977	4261	215	1408
14.9808	4262	214	208
14.9837	4263	216	1408
14.9866	4264	215	1408
14.9899	4265	213	208
14.9929	4266	216	1408
14.9991	4267	218	1408
14.9995	4268	214	208
15.0024	4269	216	1408
15.0082	4270	218	1408
15.0086	4271	214	208
15.0115	4272	216	1408
15.0178	4273	218	1408
15.0181	4274	215	208
15.0211	4275	217	1408
15.0269	4276	218	1408
15.0277	4277	214	208
15.0307	4278	217	1408
15.0364	4279	218	1408
15.0397	4280	217	208
15.0427	4281	219	1408
15.0456	4282	218	1408
15.0493	4283	218	208
15.0523	4284	220	1408
15.0551	4285	219	1408
15.0584	4286	218	208
15.0614	4287	220	1408
15.0676	4288	222	1408
15.068	4289	217	208
15.0709	4290	220	1408
15.0767	4291	221	1408
15.0771	4292	218	208
15.0805	4293	220	1408
15.0863	4294	222	1408
15.0866	4295	218	208
15.0896	4296	220	1408
15.0954	4297	222	1408
15.0991	4298	221	208
15.1021	4299	224	1408
15.105	4300	222	1408
15.1082	4301	221	208
15.1112	4302	224	1408
15.1141	4303	222	1408
15.1178	4304	221	208
15.1208	4305	223	1408
15.1265	4306	225	1408
15.1269	4307	221	208
15.1299	4308	223	1408
15.1361	4309	226	1408
15.1365	4310	221	208
15.1394	4311	224	1408
15.1452	4312	223	1408
15.1489	4313	222	208
15.1519	4314	223	1408
15.1548	4315	222	1408
15.158	4316	222	208
15.161	4317	224	1408
15.1672	4318	224	1408
15.1676	4319	220	208
15.1706	4320	223	1408
15.1763	4321	223	1408
15.1801	4322	223	208
15.183	4323	224	1408
15.1859	4324	222	1408
15.1892	4325	222	208
15.1921	4326	221	1408
15.1984	4327	223	1408
15.1988	4328	219	208
15.2046	4329	223	1408
15.2075	4330	222	1408
15.2112	4331	222	208
15.2142	4332	224	1408
15.2171	4333	221	1408
15.2203	4334	220	208
15.2233	4335	220	1408
15.2295	4336	222	1408
15.2299	4337	218	208
15.2329	4338	220	1408
15.2386	4339	220	1408
15.2423	4340	220	208
15.2453	4341	223	1408
15.2482	4342	220	1408
15.2515	4343	219	208
15.2544	4344	220	1408
15.2607	4345	222	1408
15.261	4346	219	208
15.264	4347	221	1408
15.2698	4348	222	1408
15.2701	4349	219	208
15.2736	4350	221	1408
15.2793	4351	220	1408
15.2826	4352	219	208
15.2856	4353	222	1408
15.2889	4354	220	1408
15.2922	4355	220	208
15.2951	4356	222	1408
15.3009	4357	223	1408
15.3013	4358	220	208
15.3042	4359	222	1408
15.3105	4360	224	1408
15.3109	4361	219	208
15.3138	4362	222	1408
15.3196	4363	223	1408
15.3204	4364	220	208
15.3263	4365	224	1408
15.3292	4366	223	1408
15.3324	4367	222	208
15.3354	4368	223	1408
15.3383	4369	222	1408
15.342	4370	221	208
15.345	4371	223	1408
15.3507	4372	223	1408
15.3511	4373	220	208
15.3541	4374	223	1408
15.3603	4375	224	1408
15.3607	4376	220	208
15.3665	4377	225	1408
15.3694	4378	223	1408
15.3731	4379	223	208
15.3761	4380	226	1408
15.379	4381	223	1408
15.3822	4382	223	208
15.3852	4383	223	1408
15.3914	4384	225	1408
15.3918	4385	221	208
15.3948	4386	223	1408
15.4005	4387	225	1408
15.4009	4388	221	208
15.4044	4389	224	1408
15.4101	4390	224	1408
15.4134	4391	223	208
15.4164	4392	226	1408
15.4192	4393	223	1408
15.423	4394	222	208
15.4259	4395	225	1408
15.4288	4396	223	1408
15.4321	4397	223	208
15.435	4398	223	1408
15.4413	4399	225	1408
15.4416	4400	221	208
15.4446	4401	223	1408
15.4504	4402	223	1408
15.4541	4403	223	208
15.4571	4404	226	1408
15.46	4405	223	1408
15.4632	4406	223	208
15.4662	4407	223	1408
15.4724	4408	225	1408
15.4728	4409	221	208
15.4758	4410	223	1408
15.4815	4411	223	1408
15.4852	4412	223	208
15.4882	4413	224	1408
15.4911	4414	223	1408
15.4943	4415	222	208
15.4973	4416	223	1408
15.5007	4417	222	1408
15.5039	4418	221	208
15.5069	4419	223	1408
15.5127	4420	223	1408
15.5164	4421	223	208
15.5194	4422	226	1408
15.5222	4423	224	1408
15.5255	4424	223	208
15.5285	4425	223	1408
15.5347	4426	225	1408
15.5351	4427	222	208
15.5409	4428	226	1408
15.5471	4429	227	1408
15.5475	4430	223	208
15.5505	4431	226	1408
15.5562	4432	227	1408
15.5566	4433	223	208
15.563	4434	228	1408
15.5658	4435	226	1408
15.5691	4436	226	208
15.5721	4437	227	1408
15.5783	4438	229	1408
15.5815	4439	228	208
15.5845	4440	229	1408
15.5907	4441	230	1408
15.5911	4442	227	208
15.5941	4443	230	1408
15.5998	4444	229	1408
15.6036	4445	229	208
15.6065	4446	232	1408
15.6094	4447	230	1408
15.6127	4448	229	208
15.6157	4449	229	1408
15.6219	4450	231	1408
15.6251	4451	231	208
15.6281	4452	233	1408
15.631	4453	231	1408
15.6347	4454	231	208
15.6377	4455	232	1408
15.6434	4456	233	1408
15.6443	4457	230	208
15.6473	4458	233	1408
15.653	4459	233	1408
15.6563	4460	232	208
15.6597	4461	233	1408
15.6655	4462	235	1408
15.6687	4463	234	208
15.6717	4464	235	1408
15.6746	4465	234	1408
15.6783	4466	234	208
15.6813	4467	236	1408
15.687	4468	236	1408
15.6908	4469	235	208
15.6937	4470	238	1408
15.6995	4471	239	1408
15.6999	4472	235	208
15.7028	4473	237	1408
15.7091	4474	239	1408
15.7123	4475	238	208
15.7153	4476	239	1408
15.7182	4477	238	1408
15.7219	4478	237	208
15.7249	4479	238	1408
15.7306	4480	240	1408
15.7315	4481	237	208
15.7402	4483	239	1408
15.7406	4484	235	208
15.7436	4485	238	1408
15.7498	4486	239	1408
15.753	4487	239	208
15.756	4488	239	1408
15.7594	4489	238	1408
15.7626	4490	237	208
15.7656	4491	239	1408
15.7713	4492	239	1408
15.7751	4493	239	208
15.7781	4494	242	1408
15.7809	4495	239	1408
15.7847	4496	239	208
15.7876	4497	239	1408
15.7942	4499	238	208
15.7972	4500	240	1408
15.803	4501	241	1408
15.8033	4502	238	208
15.8125	4504	240	1408
15.8134	4505	237	208
15.8193	4506	240	1408
15.8259	4508	238	208
15.8288	4509	240	1408
15.8346	4510	240	1408
15.8354	4511	237	208
15.8413	4512	240	1408
15.847	4513	240	1408
15.8508	4514	239	208
15.8537	4515	242	1408
15.8603	4517	240	208
15.8633	4518	240	1408
15.8691	4519	242	1408
15.8699	4520	238	208
15.8729	4521	240	1408
15.8787	4522	240	1408
15.8824	4523	240	208
15.8854	4524	241	1408
15.8911	4525	241	1408
15.8948	4526	240	208
15.9007	4528	241	1408
15.9044	4529	241	208
15.9074	4530	241	1408
15.914	4532	240	208
15.917	4533	241	1408
15.9227	4534	241	1408
15.9265	4535	241	208
15.9294	4536	241	1408
15.9323	4537	240	1408
15.936	4538	240	208
15.939	4539	242	1408
15.9419	4540	238	1408
15.9456	4541	238	208
15.9515	4543	238	1408
15.9552	4544	238	208
15.9582	4545	239	1408
15.9639	4546	238	1408
15.9648	4547	235	208
15.9678	4548	236	1408
15.9735	4549	238	1408
15.9768	4550	237	208
15.9797	4551	238	1408
15.9831	4552	236	1408
15.9892	4553	238	208
15.9922	4554	239	1408
15.9984	4555	239	1408
15.9988	4556	235	208
16.0018	4557	238	1408
16.008	4558	238	1408
16.0112	4559	238	208
16.0142	4560	239	1408
16.02	4561	240	1408
16.0208	4562	237	208
16.0238	4563	239	1408
16.0296	4564	239	1408
16.0328	4565	238	208
16.0358	4566	235	1411
16.0415	4567	237	1408
16.0444	4568	236	1408
16.0482	4569	236	208
16.0511	4570	238	1408
16.054	4571	237	1408
16.0573	4572	235	208
16.0602	4573	238	1408
16.0631	4574	236	1408
16.0668	4575	235	208
16.0698	4576	237	1408
16.0756	4577	239	1408
16.0759	4578	235	208
16.0789	4579	237	1408
16.0823	4580	237	1408
16.0855	4581	236	208
16.0885	4582	234	1411
16.0943	4583	236	1408
16.0971	4584	235	1408
16.1009	4585	234	208
16.1038	4586	236	1408
16.1096	4587	237	1411
16.1125	4588	236	1408
16.1133	4589	233	208
16.1163	4590	235	1408
16.1221	4591	237	1411
16.1249	4592	235	1408
16.1282	4593	234	208
16.1312	4594	237	1408
16.1369	4595	235	1408
16.1378	4596	230	208
16.1436	4597	236	1408
16.1465	4598	233	1408
16.1523	4599	232	1411
16.156	4600	231	208
16.159	4601	234	1408
16.1618	4602	232	1408
16.1651	4603	232	208
16.1681	4604	234	1408
16.1709	4605	232	1408
16.1747	4606	229	208
16.1776	4607	232	1408
16.1834	4608	232	1408
16.1892	4609	229	1411
16.1929	4610	228	208
16.1959	4611	231	1408
16.2016	4612	232	1408
16.2074	4613	233	1411
16.2078	4614	229	208
16.2107	4615	232	1408
16.217	4616	233	1408
16.2202	4617	231	208
16.2232	4618	234	1408
16.2294	4619	236	1408
16.2327	4620	233	208
16.2356	4621	236	1408
16.2385	4622	235	1408
16.2476	4623	236	1411
16.248	4624	233	208
16.251	4625	235	1408
16.2572	4626	237	1408
16.2605	4627	236	208
16.2634	4628	238	1408
16.2697	4629	240	1408
16.27	4630	237	208
16.273	4631	239	1408
16.2788	4632	239	1408
16.2825	4633	239	208
16.2883	4635	236	1408
16.2921	4636	234	208
16.295	4637	237	1408
16.3008	4638	238	1408
16.3045	4639	236	208
16.3075	4640	239	1408
16.3133	4641	239	1408
16.317	4642	236	208
16.32	4643	239	1408
16.3353	4644	231	1408
16.3386	4645	227	208
16.3415	4646	230	1408
16.3477	4647	231	1408
16.351	4648	230	208
16.354	4649	231	1408
16.3602	4650	233	1408
16.3635	4651	231	208
16.3664	4652	233	1408
16.3693	4653	232	1408
16.373	4654	231	208
16.376	4655	233	1408
16.3818	4656	233	1408
16.3821	4657	229	208
16.3885	4658	234	1408
16.3913	4659	232	1408
16.3946	4660	230	208
16.3976	4661	233	1408
16.4038	4662	234	1408
16.4042	4663	230	208
16.4072	4664	232	1408
16.4129	4665	232	1408
16.4166	4666	231	208
16.4196	4667	233	1408
16.4225	4668	231	1408
16.4257	4669	229	208
16.4287	4670	232	1408
16.4349	4671	233	1408
16.4382	4672	232	208
16.4412	4673	234	1408
16.444	4674	232	1408
16.4478	4675	230	208
16.4508	4676	232	1408
16.4565	4677	233	1408
16.4602	4678	232	208
16.4632	4679	235	1408
16.4661	4680	233	1408
16.4693	4681	231	208
16.4723	4682	233	1408
16.4785	4683	234	1408
16.4818	4684	232	208
16.4848	4685	234	1408
16.491	4686	235	1408
16.4914	4687	232	208
16.4943	4688	234	1408
16.5001	4689	235	1408
16.5038	4690	233	208
16.5068	4691	235	1408
16.5126	4692	236	1408
16.5163	4693	235	208
16.5193	4694	237	1408
16.5221	4695	236	1408
16.5254	4696	234	208
16.5284	4697	236	1408
16.5346	4698	237	1408
16.5378	4699	235	208
16.5408	4700	237	1408
16.5442	4701	236	1408
16.5474	4702	234	208
16.5504	4703	237	1408
16.5562	4704	238	1408
16.5599	4705	236	208
16.5629	4706	238	1408
16.5686	4707	239	1408
16.5723	4708	238	208
16.5753	4709	240	1408
16.5811	4710	241	1408
16.5873	4711	239	1411
16.5906	4712	238	208
16.5935	4713	240	1408
16.6001	4715	237	208
16.6031	4716	239	1408
16.6065	4717	237	1408
16.6097	4718	235	208
16.6127	4719	238	1408
16.6184	4720	238	1408
16.6284	4721	233	208
16.6314	4722	236	1408
16.6371	4723	237	1408
16.6375	4724	232	208
16.6409	4725	234	1408
16.6467	4726	235	1408
16.65	4727	233	208
16.6529	4728	236	1408
16.6592	4729	238	1408
16.6624	4730	236	208
16.6654	4731	238	1408
16.6716	4732	239	1408
16.6749	4733	237	208
16.6778	4734	240	1408
16.6807	4735	238	1408
16.6844	4736	236	208
16.6874	4737	239	1408
16.6932	4738	240	1408
16.694	4739	236	208
16.6999	4740	240	1408
16.7028	4741	238	1408
16.706	4742	237	208
16.709	4743	239	1408
16.7127	4745	233	208
16.7186	4746	238	1408
16.7214	4747	236	1408
16.7252	4748	235	208
16.7281	4749	238	1408
16.731	4750	236	1408
16.7343	4751	233	208
16.7372	4752	236	1408
16.7435	4753	237	1408
16.7467	4754	235	208
16.7497	4755	237	1408
16.7559	4756	238	1408
16.7563	4757	233	208
16.7593	4758	236	1408
16.765	4759	237	1408
16.7688	4760	235	208
16.7717	4761	237	1408
16.7775	4762	238	1408
16.7779	4763	233	208
16.7808	4764	236	1408
16.7871	4765	236	1408
16.7903	4766	235	208
16.7933	4767	237	1408
16.7995	4768	238	1408
16.7999	4769	233	208
16.8058	4770	238	1408
16.8086	4771	236	1408
16.8124	4772	233	208
16.8153	4773	236	1408
16.8211	4774	237	1408
16.8248	4775	235	208
16.8278	4776	237	1408
16.8335	4777	238	1408
16.8373	4778	237	208
16.8402	4779	240	1408
16.844	4781	233	208
16.8498	4782	238	1408
16.8527	4783	236	1408
16.8564	4784	234	208
16.8594	4785	237	1408
16.8652	4786	237	1408
16.8684	4787	233	208
16.8714	4788	236	1408
16.8776	4789	236	1408
16.8813	4790	234	208
16.8872	4791	237	1408
16.8929	4792	238	1408
16.8992	4793	239	1411
16.8996	4794	235	208
16.9025	4795	237	1408
16.9083	4796	238	1408
16.912	4797	237	208
16.915	4798	238	1408
16.9207	4799	239	1408
16.9336	4800	227	208
16.9365	4801	226	1408
16.9428	4802	227	1408
16.946	4803	226	208
16.949	4804	227	1408
16.9552	4805	228	1408
16.9585	4806	226	208
16.9615	4807	227	1408
16.9677	4808	228	1408
16.9681	4809	224	208
16.9739	4810	228	1408
16.9768	4811	226	1408
16.9805	4812	225	208
16.9835	4813	227	1408
16.9892	4814	228	1408
16.993	4815	225	208
16.996	4816	228	1408
17.0017	4817	228	1411
17.0046	4818	226	1408
17.0083	4819	225	208
17.0113	4820	227	1408
17.017	4821	228	1408
17.0174	4822	223	208
17.0209	4823	225	1408
17.0266	4824	226	1408
17.0299	4825	223	208
17.0328	4826	226	1408
17.0391	4827	227	1408
17.0423	4828	225	208
17.0453	4829	227	1408
17.0487	4830	225	1408
17.0519	4831	223	208
17.0549	4832	225	1408
17.0606	4833	226	1408
17.0644	4834	225	208
17.0673	4835	227	1408
17.0731	4836	227	1408
17.0739	4837	222	208
17.0798	4838	227	1408
17.0855	4839	228	1408
17.0859	4840	223	208
17.0889	4841	225	1408
17.0951	4842	227	1408
17.0984	4843	225	208
17.1014	4844	227	1408
17.1076	4845	228	1408
17.1108	4846	225	208
17.1138	4847	228	1408
17.12	4848	229	1408
17.1233	4849	227	208
17.1263	4850	229	1408
17.1325	4851	230	1408
17.1383	4852	231	1411
17.1391	4853	227	208
17.145	4854	231	1408
17.1507	4855	232	1408
17.1511	4856	227	208
17.1541	4857	230	1408
17.1603	4858	230	1408
17.1635	4859	228	208
17.1665	4860	230	1408
17.1727	4861	231	1408
17.176	4862	230	208
17.179	4863	231	1408
17.1852	4864	233	1408
17.1885	4865	230	208
17.1914	4866	233	1408
17.1977	4867	233	1408
17.2009	4868	231	208
17.2039	4869	233	1408
17.2101	4870	235	1408
17.2105	4871	230	208
17.2163	4872	235	1408
17.2197	4873	233	1408
17.2292	4874	227	208
17.2322	4875	230	1408
17.2379	4876	228	1408
17.2416	4877	226	208
17.2446	4878	229	1408
17.2504	4879	229	1408
17.2541	4880	227	208
17.2571	4881	230	1408
17.2628	4882	228	1408
17.2665	4883	227	208
17.2695	4884	229	1408
17.2753	4885	230	1408
17.279	4886	229	208
17.282	4887	230	1408
17.2848	4888	228	1408
17.2915	4889	229	208
17.2944	4890	232	1408
17.2973	4891	229	1408
17.3006	4892	227	208
17.3035	4893	229	1408
17.3098	4894	230	1408
17.313	4895	229	208
17.316	4896	230	1408
17.3222	4897	232	1408
17.3226	4898	226	208
17.3256	4899	229	1408
17.3313	4900	229	1408
17.3351	4901	228	208
17.338	4902	230	1408
17.3438	4903	230	1408
17.3475	4904	229	208
17.3505	4905	231	1408
17.3534	4906	229	1408
17.3566	4907	226	208
17.3601	4908	229	1408
17.3658	4909	229	1408
17.3691	4910	228	208
17.372	4911	230	1408
17.3783	4912	231	1408
17.3815	4913	228	208
17.3845	4914	231	1408
17.3907	4915	231	1408
17.394	4916	229	208
17.397	4917	231	1408
17.4032	4918	233	1408
17.4036	4919	228	208
17.4065	4920	230	1408
17.4123	4921	231	1408
17.416	4922	229	208
17.419	4923	231	1408
17.4247	4924	231	1408
17.4285	4925	230	208
17.4314	4926	232	1408
17.4372	4927	232	1408
17.4409	4928	230	208
17.4439	4929	232	1408
17.4497	4930	233	1408
17.4505	4931	229	208
17.4564	4932	234	1408
17.4621	4933	235	1408
17.4658	4934	232	208
17.4688	4935	235	1408
17.4717	4936	232	1408
17.4749	4937	231	208
17.4779	4938	234	1408
17.4813	4939	233	1408
17.4845	4940	232	208
17.4875	4941	235	1408
17.4932	4942	236	1408
17.497	4943	235	208
17.5	4944	238	1408
17.5028	4945	237	1408
17.5061	4946	236	208
17.5091	4947	239	1408
17.5157	4949	236	208
17.5186	4950	239	1408
17.5215	4951	238	1408
17.5252	4952	237	208
17.5282	4953	240	1408
17.5315	4955	235	208
17.5349	4956	237	1408
17.5407	4957	239	1408
17.5439	4958	238	208
17.5469	4959	240	1408
17.5506	4961	236	208
17.5565	4962	241	1408
17.5594	4963	240	1408
17.5602	4964	237	208
17.5632	4965	239	1408
17.5689	4966	240	1408
17.5693	4967	237	208
17.5723	4968	239	1408
17.5756	4969	238	1408
17.5789	4970	237	208
17.5819	4971	239	1408
17.5847	4972	238	1408
17.5885	4973	238	208
17.5914	4974	240	1408
17.5947	4976	235	208
17.5977	4977	237	1408
17.6039	4978	239	1408
17.6072	4979	239	208
17.6101	4980	241	1408
17.613	4981	240	1408
17.6167	4982	239	208
17.6197	4983	241	1408
17.6226	4984	240	1408
17.623	4985	236	208
17.6259	4986	238	1408
17.6322	4987	241	1408
17.6325	4988	237	208
17.6384	4989	242	1408
17.6413	4990	241	1408
17.6421	4991	238	208
17.6451	4992	241	1408
17.6509	4993	241	1408
17.6512	4994	238	208
17.6542	4995	241	1408
17.6571	4996	239	1408
17.6603	4997	238	208
17.6633	4998	241	1408
17.6662	4999	239	1408
17.6699	5000	238	208
17.6729	5001	241	1408
17.6758	5002	240	1408
17.6761	5003	236	208
17.6791	5004	239	1408
17.6853	5005	241	1408
17.6886	5006	238	208
17.6916	5007	241	1408
17.6978	5008	240	1408
17.7011	5009	238	208
17.704	5010	241	1408
17.7074	5011	240	1408
17.7078	5012	235	208
17.7107	5013	238	1408
17.7165	5014	237	1408
17.7202	5015	236	208
17.7232	5016	239	1408
17.7289	5017	237	1408
17.7327	5018	235	208
17.7356	5019	238	1408
17.7385	5020	234	1408
17.7418	5021	232	208
17.7448	5022	235	1408
17.751	5023	234	1408
17.7542	5024	232	208
17.7572	5025	235	1408
17.7634	5026	235	1408
17.7667	5027	234	208
17.7697	5028	237	1408
17.773	5029	235	1408
17.7763	5030	235	208
17.7792	5031	238	1408
17.785	5032	237	1408
17.7887	5033	235	208
17.7917	5034	238	1408
17.7975	5035	237	1408
17.7983	5036	235	208
17.8013	5037	238	1408
17.807	5038	238	1408
17.8133	5039	238	1411
17.8165	5040	238	208
17.8195	5041	241	1408
17.8224	5042	240	1408
17.8256	5043	237	208
17.8286	5044	240	1408
17.8468	5045	227	1411
17.8526	5046	228	1411
17.8559	5047	225	1408
17.8592	5048	224	208
17.865	5049	229	1408
17.8679	5050	225	1408
17.8712	5051	224	208
17.8741	5052	226	1408
17.8804	5053	227	1408
17.8861	5054	227	1411
17.8865	5055	221	208
17.8895	5056	224	1408
17.8952	5057	224	1408
17.899	5058	221	208
17.9019	5059	224	1408
17.9082	5060	225	1408
17.9114	5061	223	208
17.9144	5062	225	1408
17.9206	5063	225	1408
17.921	5064	221	208
17.9269	5065	225	1408
17.9326	5066	225	1408
17.9335	5067	221	208
17.9393	5068	226	1408
17.9451	5069	226	1408
17.9488	5070	222	208
17.9518	5071	225	1408
17.9547	5072	221	1408
17.9579	5073	220	208
17.9609	5074	223	1408
17.9667	5075	224	1408
17.9704	5076	224	208
17.9734	5077	226	1408
17.9791	5078	228	1408
17.98	5079	222	208
17.9829	5080	225	1408
17.9887	5081	224	1408
17.9919	5082	223	208
17.9949	5083	226	1408
18.0011	5084	228	1408
18.0044	5085	227	208
18.0074	5086	229	1408
18.0102	5087	227	1408
18.014	5088	224	208
18.017	5089	227	1408
18.0227	5090	227	1408
18.0264	5091	227	208
18.0294	5092	230	1408
18.0352	5093	231	1408
18.0389	5094	227	208
18.0419	5095	230	1408
18.0476	5096	230	1408
18.048	5097	224	208
18.051	5098	227	1408
18.0572	5099	228	1408
18.0604	5100	227	208
18.0634	5101	230	1408
18.0697	5102	230	1408
18.07	5103	225	208
18.073	5104	228	1408
18.0792	5105	228	1408
18.0825	5106	225	208
18.0855	5107	228	1408
18.0912	5108	230	1408
18.0949	5109	227	208
18.0979	5110	230	1408
18.1037	5111	230	1408
18.1045	5112	225	208
18.1075	5113	228	1408
18.1132	5114	230	1408
18.1165	5115	228	208
18.1195	5116	231	1408
18.1291	5117	223	1408
18.1323	5118	220	208
18.1353	5119	223	1408
18.141	5120	224	1408
18.1448	5121	219	208
18.1477	5122	222	1408
18.1535	5123	223	1408
18.1572	5124	222	208
18.1602	5125	225	1408
18.1631	5126	223	1408
18.1663	5127	220	208
18.1693	5128	223	1408
18.1755	5129	224	1408
18.1788	5130	222	208
18.1818	5131	225	1408
18.188	5132	225	1408
18.1884	5133	220	208
18.1913	5134	223	1408
18.1976	5135	223	1408
18.2008	5136	220	208
18.2038	5137	223	1408
18.2095	5138	223	1408
18.2133	5139	221	208
18.2162	5140	224	1408
18.222	5141	222	1408
18.2257	5142	220	208
18.2287	5143	223	1408
18.2345	5144	223	1408
18.2353	5145	220	208
18.2412	5146	225	1408
18.244	5147	223	1408
18.2473	5148	221	208
18.2503	5149	224	1408
18.2565	5150	223	1408
18.2597	5151	220	208
18.2627	5152	223	1408
18.2689	5153	224	1408
18.2693	5154	220	208
18.2723	5155	223	1408
18.278	5156	223	1408
18.2818	5157	220	208
18.2848	5158	223	1408
18.2905	5159	223	1408
18.2914	5160	220	208
18.2972	5161	225	1408
18.3001	5162	223	1408
18.3033	5163	221	208
18.3063	5164	224	1408
18.3125	5165	223	1408
18.3158	5166	220	208
18.3188	5167	223	1408
18.325	5168	223	1408
18.3283	5169	221	208
18.3312	5170	224	1408
18.3346	5171	222	1408
18.3378	5172	220	208
18.3408	5173	223	1408
18.3466	5174	223	1408
18.3503	5175	221	208
18.3533	5176	224	1408
18.359	5177	225	1408
18.3627	5178	223	208
18.3657	5179	226	1408
18.3686	5180	223	1408
18.3719	5181	220	208
18.3748	5182	223	1408
18.3811	5183	223	1408
18.3843	5184	221	208
18.3873	5185	224	1408
18.3935	5186	225	1408
18.3939	5187	220	208
18.3969	5188	223	1408
18.4026	5189	223	1408
18.4092	5190	220	208
18.4122	5191	223	1408
18.4184	5192	223	1408
18.4217	5193	220	208
18.4246	5194	223	1408
18.428	5195	220	1408
18.4313	5196	218	208
18.4342	5197	221	1408
18.44	5198	219	1408
18.4437	5199	219	208
18.4467	5200	221	1408
18.4524	5201	222	1408
18.4533	5202	218	208
18.4563	5203	221	1408
18.4649	5204	223	1408
18.4653	5205	217	208
18.4682	5206	220	1408
18.4745	5207	221	1408
18.4777	5208	219	208
18.4807	5209	222	1408
18.4869	5210	223	1408
18.4902	5211	221	208
18.4932	5212	224	1408
18.4965	5213	220	1408
18.4998	5214	217	208
18.5027	5215	220	1408
18.5085	5216	220	1408
18.5122	5217	218	208
18.5152	5218	221	1408
18.5209	5219	219	1408
18.5247	5220	219	208
18.5276	5221	221	1408
18.5334	5222	222	1408
18.5343	5223	218	208
18.5372	5224	221	1408
18.543	5225	220	1408
18.5462	5226	217	208
18.5492	5227	220	1408
18.5554	5228	221	1408
18.5587	5229	219	208
18.5617	5230	222	1408
18.5679	5231	223	1408
18.5683	5232	218	208
18.5712	5233	221	1408
18.577	5234	219	1408
18.5807	5235	219	208
18.5837	5236	221	1408
18.5895	5237	222	1408
18.5932	5238	221	208
18.5962	5239	224	1408
18.6019	5240	223	1408
18.6023	5241	217	208
18.6053	5242	220	1408
18.6115	5243	220	1408
18.6147	5244	219	208
18.6177	5245	221	1408
18.6239	5246	222	1408
18.6272	5247	221	208
18.6302	5248	224	1408
18.6335	5249	220	1408
18.6368	5250	217	208
18.6397	5251	220	1408
18.6455	5252	220	1408
18.6492	5253	220	208
18.6522	5254	222	1408
18.658	5255	222	1408
18.6617	5256	220	208
18.6647	5257	223	1408
18.6704	5258	223	1408
18.6708	5259	217	208
18.6738	5260	220	1408
18.68	5261	221	1408
18.6833	5262	220	208
18.6862	5263	223	1408
18.6924	5264	220	1408
18.6957	5265	217	208
18.6987	5266	220	1408
18.7049	5267	220	1408
18.7053	5268	217	208
18.7111	5269	222	1408
18.714	5270	220	1408
18.7177	5271	217	208
18.7207	5272	220	1408
18.7265	5273	220	1408
18.7302	5274	218	208
18.7332	5275	221	1408
18.7389	5276	221	1408
18.7427	5277	218	208
18.7456	5278	221	1408
18.7485	5279	219	1408
18.7518	5280	217	208
18.7547	5281	220	1408
18.761	5282	220	1408
18.7642	5283	217	208
18.7672	5284	220	1408
18.7734	5285	220	1408
18.7767	5286	219	208
18.7796	5287	221	1408
18.7859	5288	222	1408
18.7862	5289	218	208
18.7892	5290	221	1408
18.795	5291	219	1408
18.7987	5292	217	208
18.8017	5293	220	1408
18.8074	5294	220	1408
18.8112	5295	218	208
18.8141	5296	221	1408
18.8199	5297	221	1408
18.8203	5298	217	208
18.8232	5299	220	1408
18.8295	5300	220	1408
18.8327	5301	217	208
18.8357	5302	220	1408
18.8419	5303	220	1408
18.8452	5304	218	208
18.8482	5305	221	1408
18.8544	5306	222	1408
18.8548	5307	217	208
18.8577	5308	220	1408
18.8668	5309	223	1408
18.8672	5310	218	208
18.8702	5311	221	1408
18.8793	5312	223	1408
18.8825	5313	220	208
18.8855	5314	223	1408
18.8884	5315	221	1408
18.8921	5316	220	208
18.8951	5317	223	1408
18.9009	5318	223	1408
18.9046	5319	220	208
18.9076	5320	223	1408
18.9133	5321	223	1408
18.917	5322	223	208
18.92	5323	225	1408
18.9258	5324	225	1408
18.9295	5325	224	208
18.9325	5326	227	1408
18.9382	5327	226	1408
18.9419	5328	223	208
18.9449	5329	226	1408
18.9507	5330	226	1408
18.9544	5331	224	208
18.9574	5332	227	1408
18.9631	5333	228	1408
18.9635	5334	223	208
18.9665	5335	226	1408
18.9727	5336	226	1408
18.976	5337	223	208
18.9789	5338	226	1408
18.9852	5339	227	1408
18.9889	5340	223	208
18.9919	5341	226	1408
18.9976	5342	226	1408
19.0009	5343	225	208
19.0039	5344	227	1408
19.0101	5345	229	1408
19.0133	5346	227	208
19.0163	5347	230	1408
19.0225	5348	229	1408
19.0258	5349	226	208
19.0288	5350	229	1408
19.035	5351	229	1408
19.0382	5352	229	208
19.0412	5353	231	1408
19.0474	5354	232	1408
19.0507	5355	229	208
19.0537	5356	232	1408
19.0599	5357	232	1408
19.0632	5358	230	208
19.0661	5359	233	1408
19.0724	5360	233	1408
19.0756	5361	230	208
19.0786	5362	233	1408
19.0815	5363	231	1408
19.0852	5364	230	208
19.0882	5365	233	1408
19.0939	5366	232	1408
19.0977	5367	230	208
19.1006	5368	233	1408
19.1068	5369	232	1408
19.113	5370	233	208
19.116	5371	236	1408
19.1222	5372	238	1408
19.1254	5373	236	208
19.1284	5374	239	1408
19.1346	5375	239	1408
19.1379	5376	235	208
19.1409	5377	238	1408
19.1471	5378	239	1408
19.1508	5379	236	208
19.1538	5380	239	1408
19.1595	5381	240	1408
19.1633	5382	237	208
19.1663	5383	240	1408
19.1691	5384	238	1408
19.1757	5385	236	208
19.1787	5386	239	1408
19.1849	5387	239	1408
19.1853	5388	236	208
19.1883	5389	238	1408
19.1945	5390	239	1408
19.1949	5391	234	208
19.1979	5392	237	1408
19.207	5393	239	1408
19.2107	5394	237	208
19.2137	5395	240	1408
19.2199	5396	239	1408
19.2203	5397	235	208
19.2233	5398	238	1408
19.2295	5399	237	1408
19.2327	5400	234	208
19.2357	5401	237	1408
19.2419	5402	236	1408
19.2452	5403	235	208
19.2482	5404	238	1408
19.2539	5405	236	1408
19.2577	5406	234	208
19.2606	5407	237	1408
19.2664	5408	238	1408
19.2701	5409	237	208
19.2731	5410	240	1408
19.2788	5411	239	1408
19.2797	5412	234	208
19.2827	5413	237	1408
19.2913	5414	240	1408
19.2921	5415	235	208
19.2951	5416	238	1408
19.3037	5417	240	1408
19.3046	5418	234	208
19.3076	5419	237	1408
19.3162	5420	240	1408
19.3171	5421	235	208
19.32	5422	238	1408
19.3287	5423	240	1408
19.3295	5424	234	208
19.3325	5425	237	1408
19.3382	5426	237	1408
19.342	5427	234	208
19.3449	5428	237	1408
19.3507	5429	237	1408
19.354	5430	233	208
19.3569	5431	236	1408
19.3631	5432	237	1408
19.3664	5433	234	208
19.3694	5434	237	1408
19.3727	5435	234	1408
19.376	5436	233	208
19.379	5437	235	1408
19.3847	5438	236	1408
19.3851	5439	231	208
19.3881	5440	234	1408
19.3943	5441	234	1408
19.3975	5442	231	208
19.4005	5443	234	1408
19.4063	5444	230	1408
19.41	5445	228	208
19.413	5446	230	1408
19.4187	5447	230	1408
19.422	5448	227	208
19.425	5449	230	1408
19.4278	5450	227	1408
19.4316	5451	224	208
19.4345	5452	227	1408
19.4403	5453	227	1408
19.4436	5454	224	208
19.4465	5455	227	1408
19.4523	5456	226	1408
19.4527	5457	222	208
19.4556	5458	224	1408
19.4619	5459	223	1408
19.4651	5460	220	208
19.4681	5461	223	1408
19.4739	5462	223	1408
19.4742	5463	219	208
19.4772	5464	222	1408
19.4834	5465	223	1408
19.4867	5466	219	208
19.4897	5467	222	1408
19.493	5468	220	1408
19.4963	5469	216	208
19.4992	5470	219	1408
19.505	5471	219	1408
19.5087	5472	218	208
19.5117	5473	221	1408
19.5175	5474	222	1408
19.5212	5475	219	208
19.5242	5476	222	1408
19.5299	5477	221	1408
19.5336	5478	219	208
19.5366	5479	222	1408
19.5424	5480	222	1408
19.5461	5481	220	208
19.5491	5482	223	1408
19.5548	5483	221	1408
19.5586	5484	220	208
19.5615	5485	223	1408
19.5673	5486	224	1408
19.571	5487	220	208
19.574	5488	222	1408
19.5797	5489	223	1408
19.5835	5490	220	208
19.5864	5491	223	1408
19.5922	5492	224	1408
19.5959	5493	219	208
19.5989	5494	222	1408
19.6046	5495	223	1408
19.6084	5496	220	208
19.6113	5497	223	1408
19.6171	5498	224	1408
19.6175	5499	219	208
19.6205	5500	222	1408
19.6296	5501	224	1408
19.6304	5502	220	208
19.6334	5503	223	1408
19.6391	5504	222	1408
19.6424	5505	219	208
19.6458	5506	222	1408
19.6516	5507	222	1408
19.6548	5508	221	208
19.6578	5509	223	1408
19.664	5510	225	1408
19.6673	5511	223	208
19.6703	5512	226	1408
19.6765	5513	227	1408
19.6769	5514	222	208
19.6827	5515	227	1408
19.6861	5516	226	1408
19.6893	5517	223	208
19.6923	5518	226	1408
19.6985	5519	225	1408
19.7018	5520	223	208
19.7048	5521	226	1408
19.7105	5522	225	1408
19.7143	5523	225	208
19.7172	5524	227	1408
19.723	5525	227	1408
19.7267	5526	226	208
19.7297	5527	229	1408
19.7354	5528	229	1408
19.7392	5529	227	208
19.7421	5530	230	1408
19.745	5531	228	1408
19.7487	5532	226	208
19.7517	5533	229	1408
19.7575	5534	229	1408
19.7607	5535	227	208
19.7637	5536	230	1408
19.7699	5537	231	1408
19.7732	5538	230	208
19.7762	5539	233	1408
19.7824	5540	233	1408
19.7828	5541	229	208
19.7857	5542	231	1408
19.7915	5543	232	1408
19.7952	5544	230	208
19.7982	5545	233	1408
19.8039	5546	232	1408
19.8077	5547	230	208
19.8106	5548	233	1408
19.8164	5549	232	1408
19.8201	5550	230	208
19.8231	5551	233	1408
19.8289	5552	232	1408
19.8326	5553	230	208
19.8356	5554	233	1408
19.8413	5555	232	1408
19.845	5556	231	208
19.848	5557	234	1408
19.8538	5558	232	1408
19.8575	5559	230	208
19.8605	5560	233	1408
19.8662	5561	232	1408
19.87	5562	230	208
19.8729	5563	233	1408
19.8787	5564	232	1408
19.8824	5565	230	208
19.8854	5566	233	1408
19.8911	5567	233	1408
19.8949	5568	230	208
19.8978	5569	233	1408
19.9036	5570	232	1408
19.9073	5571	230	208
19.9103	5572	233	1408
19.916	5573	234	1408
19.9198	5574	230	208
19.9227	5575	233	1408
19.9285	5576	234	1408
19.9289	5577	229	208
19.9319	5578	232	1408
19.9381	5579	233	1408
19.9413	5580	230	208
19.9443	5581	233	1408
19.9505	5582	233	1408
19.9538	5583	229	208
19.9568	5584	232	1408
19.963	5585	232	1408
19.9662	5586	230	208
19.9692	5587	233	1408
19.9754	5588	233	1408
19.9758	5589	229	208
19.9817	5590	234	1408
19.9846	5591	232	1408
19.9883	5592	230	208
19.9913	5593	233	1408
19.997	5594	233	1408
