0.0630974	1	54	1404
0.0659696	2	56	1406
0.0663456	3	57	206
0.0693136	4	60	1406
0.0721856	5	63	1406
0.0725616	6	63	206
0.0755296	7	66	1406
0.0784016	8	69	1406
0.0787776	9	69	206
0.0817456	10	72	1406
0.0846176	11	75	1406
0.0849936	12	72	206
0.0879616	13	75	1406
0.0908336	14	74	1406
0.163702	15	50	206
0.167294	16	53	1406
0.177758	17	53	1406
0.18435	18	51	206
0.187814	19	53	1406
0.192158	20	53	1406
0.195438	21	51	206
0.198406	22	54	1406
0.20303	23	54	1406
0.204438	24	51	206
0.20803	25	54	1406
0.21203	26	54	1406
0.213438	27	51	206
0.21703	28	54	1406
0.22103	29	54	1406
0.222438	30	51	206
0.22603	31	54	1406
0.23003	32	54	1406
0.232438	33	51	206
0.235406	34	54	1406
0.24177	35	56	1406
0.242146	36	52	206
0.245114	37	55	1406
0.24903	38	54	1406
0.250438	39	51	206
0.25403	40	54	1406
0.259774	41	55	1406
0.26015	42	52	206
0.263118	43	54	1406
0.269334	44	56	1406
0.26971	45	52	206
0.272678	46	55	1406
0.278422	47	57	1406
0.282142	48	55	206
0.28511	49	58	1406
0.287982	50	57	1406
0.291702	51	54	206
0.29467	52	57	1406
0.300414	53	60	1406
0.30079	54	56	206
0.303758	55	59	1406
0.309502	56	61	1406
0.309878	57	58	206
0.313318	58	61	1406
0.319062	59	64	1406
0.319438	60	61	206
0.325278	61	66	1406
0.32815	62	66	1406
0.33187	63	65	206
0.334838	64	68	1406
0.33771	65	68	1406
0.34096	66	67	207
0.34393	67	70	1407
0.346804	68	69	1407
0.350526	69	70	207
0.353496	70	72	1407
0.35637	71	72	1407
0.35962	72	72	207
0.36259	73	74	1407
0.365936	74	74	1407
0.369186	75	74	207
0.372156	76	77	1407
0.37503	77	76	1407
0.37828	78	76	207
0.38125	79	78	1407
0.384596	80	78	1407
0.387846	81	78	207
0.390816	82	80	1407
0.396562	83	83	1407
0.39694	84	80	207
0.39991	85	82	1407
0.406128	86	86	1407
0.406506	87	84	207
0.409476	88	87	1407
0.41235	89	88	1407
0.412728	90	86	207
0.415698	91	89	1407
0.421444	92	93	1407
0.421822	93	92	207
0.424792	94	95	1407
0.427666	95	96	1407
0.431388	96	98	207
0.434358	97	101	1407
0.437232	98	102	1407
0.43761	99	101	207
0.44058	100	103	1407
0.443454	101	105	1407
0.446704	102	106	207
0.449674	103	109	1407
0.452548	104	108	1407
0.452926	105	107	207
0.455896	106	110	1407
0.462114	107	112	1407
0.462492	108	111	207
0.465462	109	114	1407
0.471208	110	118	1407
0.471586	111	117	207
0.474556	112	119	1407
0.480774	113	121	1407
0.481152	114	121	207
0.484122	115	124	1407
0.486996	116	123	1407
0.490246	117	126	207
0.493216	118	129	1407
0.49609	119	127	1407
0.499812	120	129	207
0.502782	121	132	1407
0.505656	122	130	1407
0.508906	123	132	207
0.511876	124	135	1407
0.51475	125	136	1407
0.515128	126	136	207
0.518098	127	138	1407
0.524316	128	140	1407
0.524694	129	139	207
0.527664	130	142	1407
0.53341	131	146	1407
0.533788	132	145	207
0.536758	133	147	1407
0.542976	134	148	1407
0.543354	135	148	207
0.546324	136	151	1407
0.549198	137	152	1407
0.552448	138	154	207
0.555418	139	156	1407
0.558764	140	155	1407
0.562014	141	158	207
0.564984	142	160	1407
0.567858	143	161	1407
0.568236	144	161	207
0.571206	145	163	1407
0.576952	146	164	1407
0.57733	147	164	207
0.5803	148	167	1407
0.586522	149	170	1407
0.5869	150	169	207
0.58987	151	172	1407
0.595618	152	173	1407
0.595996	153	172	207
0.598966	154	175	1407
0.60184	155	176	1407
0.602218	156	176	207
0.605662	157	178	1407
0.61141	158	180	1407
0.611788	159	179	207
0.614758	160	182	1407
0.620506	161	186	1407
0.620884	162	185	207
0.623854	163	187	1407
0.630076	164	190	1407
0.630454	165	189	207
0.633424	166	192	1407
0.636298	167	190	1407
0.636676	168	189	207
0.639646	169	192	1407
0.645394	170	195	1407
0.645772	171	194	207
0.648742	172	197	1407
0.651616	173	195	1407
0.651994	174	194	207
0.654964	175	197	1407
0.661186	176	202	1407
0.661564	177	201	207
0.664534	178	203	1407
0.667408	179	205	1407
0.667786	180	203	207
0.670756	181	206	1407
0.67363	182	208	1407
0.674008	183	207	207
0.676978	184	209	1407
0.682726	185	211	1407
0.683104	186	209	207
0.686074	187	212	1407
0.688948	188	213	1407
0.692674	189	215	207
0.695644	190	218	1407
0.701392	191	217	1407
0.70177	192	216	207
0.70474	193	219	1407
0.707614	194	220	1407
0.71134	195	221	207
0.71431	196	224	1407
0.717184	197	226	1407
0.717562	198	224	207
0.723406	199	227	1407
0.729628	200	230	1407
0.730006	201	228	207
0.732976	202	229	1407
0.73585	203	230	1407
0.736228	204	230	207
0.74542	205	233	1407
0.748294	206	235	1407
0.748672	207	233	207
0.754516	208	233	1407
0.75739	209	235	1407
0.761116	210	237	207
0.764086	211	234	1407
0.76696	212	235	1407
0.767338	213	233	207
0.773182	214	236	1407
0.779404	215	239	1407
0.779782	216	236	207
0.782752	217	236	1407
0.785626	218	238	1407
0.788878	219	239	207
0.795196	220	243	1407
0.79807	221	243	1407
0.801322	222	242	207
0.80764	223	246	1407
0.810514	224	246	1407
0.810892	225	245	207
0.816736	226	248	1407
0.822958	227	248	1407
0.823336	228	248	207
0.826306	229	249	1407
0.835402	230	252	1407
0.83578	231	251	207
0.83875	232	252	1407
0.847846	233	254	1407
0.848224	234	254	207
0.851194	235	255	1407
0.856942	236	257	1407
0.860668	237	258	207
0.863638	238	258	1407
0.866512	239	258	1407
0.86689	240	257	207
0.86986	241	260	1407
0.87646	243	259	207
0.87943	244	262	1407
0.883156	246	256	207
0.886126	247	259	1407
0.891874	248	261	1407
0.8956	249	259	207
0.89857	250	262	1407
0.901444	251	262	1407
0.90517	252	260	207
0.90814	253	263	1407
0.911014	254	262	1407
0.914266	255	263	207
0.917616	258	256	208
0.920588	259	259	1408
0.926338	260	262	1408
0.926718	261	261	208
0.92969	263	259	1408
0.932944	264	259	208
0.935916	265	262	1408
0.94214	266	262	1408
0.945394	267	262	208
0.948366	269	262	1408
0.948746	270	259	208
0.951718	271	262	1408
0.952098	273	257	208
0.95507	274	260	1408
0.96082	275	262	1408
0.9612	276	260	208
0.964172	277	263	1408
0.967048	278	262	1408
0.970776	279	259	208
0.973748	280	262	1408
0.976624	281	262	1408
0.979878	282	262	208
0.98285	284	262	1408
0.98323	285	260	208
0.986202	286	263	1408
0.989078	287	262	1408
0.992806	288	260	208
0.995778	290	259	1408
0.996158	291	257	208
0.99913	292	260	1408
1.00201	293	257	1408
1.00526	294	254	208
1.00823	295	257	1408
1.01111	296	257	1408
1.01149	297	254	208
1.01446	298	257	1408
1.01734	299	253	1408
1.01772	300	250	208
1.02069	301	253	1408
1.02691	302	253	1408
1.02729	303	248	208
1.03026	304	251	1408
1.03601	305	253	1408
1.03639	306	251	208
1.03937	307	254	1408
1.04559	308	250	1408
1.04597	309	247	208
1.04894	310	250	1408
1.05469	311	250	1408
1.05507	312	248	208
1.05804	313	251	1408
1.06427	314	250	1408
1.06752	315	250	208
1.07049	316	253	1408
1.07337	317	250	1408
1.0771	318	248	208
1.08007	319	251	1408
1.08582	320	253	1408
1.0862	321	251	208
1.08917	322	254	1408
1.0954	323	250	1408
1.09578	324	247	208
1.09875	325	250	1408
1.1045	326	247	1408
1.10823	327	248	208
1.1112	328	251	1408
1.11695	329	250	1408
1.11733	330	244	208
1.1203	331	247	1408
1.12318	332	247	1408
1.12978	333	244	208
1.13275	334	247	1408
1.13563	335	247	1408
1.14223	336	245	208
1.1452	337	248	1408
1.14808	338	247	1408
1.1518	339	244	208
1.15478	340	247	1408
1.16053	341	247	1408
1.16091	342	244	208
1.16388	343	247	1408
1.1701	344	251	1408
1.17586	345	249	1411
1.17624	346	247	208
1.17921	347	250	1408
1.18544	348	252	1411
1.19119	349	255	1408
1.19157	350	250	208
1.19454	351	253	1408
1.20077	352	252	1408
1.20402	353	253	208
1.20699	354	255	1408
1.20987	355	251	1408
1.21025	356	249	208
1.21322	357	252	1408
1.22232	358	255	1411
1.22521	359	257	1411
1.22808	360	258	1408
1.23181	361	255	208
1.23478	362	258	1408
1.24054	364	260	1408
1.24092	365	257	208
1.25384	368	258	208
1.25969	370	260	1408
1.26257	372	260	1411
1.26295	373	259	208
1.26639	375	261	1408
1.26725	376	257	208
1.27022	377	259	1408
1.27645	378	262	1408
1.27683	379	259	208
1.2798	380	259	1408
1.28603	381	263	1408
1.28689	382	260	208
1.29273	383	262	1408
1.29561	384	263	1411
1.29599	386	259	208
1.29897	387	262	1408
1.30185	389	256	1411
1.30223	390	256	208
1.3052	391	259	1408
1.31143	392	262	1408
1.31181	393	259	208
1.31766	395	259	1408
1.32091	396	259	208
1.32388	397	262	1408
1.32676	398	262	1408
1.32714	399	260	208
1.33011	400	263	1408
1.33299	401	262	1408
1.33337	402	256	208
1.33634	403	259	1408
1.34209	404	262	1408
1.34534	405	259	208
1.34832	406	262	1408
1.35119	407	262	1408
1.35492	408	259	208
1.35789	409	262	1408
1.36077	410	261	1408
1.36115	411	257	208
1.36412	412	260	1408
1.367	413	258	1408
1.37072	414	256	208
1.3737	415	259	1408
1.37657	416	256	1408
1.37983	417	256	208
1.3828	418	259	1408
1.38855	419	258	1408
1.3894	420	254	208
1.39237	421	257	1408
1.39525	422	256	1408
1.40138	423	256	208
1.40435	424	259	1408
1.4077	425	259	1408
1.41095	426	256	208
1.41393	427	259	1408
1.41968	428	258	1408
1.4234	429	256	208
1.42638	430	259	1408
1.42925	431	259	1408
1.43251	432	259	208
1.43883	434	256	1408
1.43921	435	254	208
1.44218	436	257	1408
1.4484	437	253	1408
1.45166	438	253	208
1.45463	439	256	1408
1.46038	440	256	1408
1.46076	441	250	208
1.46373	442	253	1408
1.46708	443	253	1408
1.47321	444	253	208
1.47618	445	256	1408
1.47906	446	254	1408
1.48278	447	253	208
1.48576	448	256	1408
1.49151	449	256	1408
1.49236	450	251	208
1.49821	451	257	1408
1.50108	452	257	1408
1.50434	453	254	208
1.50731	454	253	1408
1.51066	455	253	1408
1.51391	456	254	208
1.51688	457	256	1408
1.52263	458	259	1408
1.52349	459	251	208
1.52933	460	254	1408
1.53221	461	254	1408
1.53546	462	254	208
1.53844	463	254	1408
1.54467	464	254	1411
1.54754	465	256	1408
1.54792	466	255	208
1.55425	467	251	1411
1.55713	468	253	1411
1.56001	469	255	1408
1.56864	470	259	1411
1.57152	472	259	1411
1.5719	473	258	208
1.57488	475	258	1411
1.57776	476	260	1408
1.57861	477	258	208
1.58446	479	258	1408
1.58772	480	258	208
1.59069	481	261	1408
1.59692	482	260	1408
1.60065	483	258	208
1.60362	484	261	1408
1.60697	485	261	1408
1.61023	487	261	208
1.61321	489	262	1411
1.61359	491	258	208
1.61656	492	261	1408
1.62232	493	261	1408
1.62568	494	258	1411
1.62606	495	258	208
1.62903	496	261	1408
1.63479	497	260	1408
1.63852	498	262	208
1.64188	501	258	208
1.64485	502	261	1408
1.64772	503	261	1408
1.6481	504	256	208
1.65108	505	259	1408
1.65732	506	259	1408
1.66105	507	260	208
1.67026	509	262	1408
1.67112	510	261	208
1.67409	512	260	1408
1.67447	513	257	208
1.67744	514	260	1408
1.68032	515	257	1408
1.6807	516	254	208
1.68367	517	257	1408
1.6899	518	257	1408
1.69316	519	255	208
1.69613	520	258	1408
1.69948	521	257	1408
1.70274	522	257	208
1.70571	523	260	1408
1.70859	524	254	1408
1.70897	525	251	208
1.71194	526	254	1408
1.71817	527	254	1408
1.72142	528	252	208
1.72439	529	255	1408
1.73015	530	254	1408
1.73388	531	254	208
1.73685	532	257	1408
1.74261	533	254	1411
1.74548	534	256	1408
1.74922	535	257	208
1.75219	536	260	1408
1.75506	537	257	1408
1.75832	538	254	208
1.76129	539	257	1408
1.7704	540	260	1408
1.77078	541	257	208
1.77375	542	260	1408
1.77662	543	259	1408
1.777	544	251	208
1.77998	545	253	1408
1.78285	546	253	1408
1.78658	547	251	208
1.78956	548	254	1408
1.79243	549	251	1408
1.79281	550	244	208
1.79578	551	247	1408
1.79866	552	247	1408
1.80192	553	244	208
1.80489	554	247	1408
1.80776	555	247	1408
1.80814	556	241	208
1.81112	557	244	1408
1.81399	558	241	1408
1.81485	559	235	208
1.81782	560	238	1408
1.82357	561	241	1408
1.82395	562	235	208
1.82692	563	238	1408
1.8298	564	235	1408
1.83018	565	233	208
1.83315	566	236	1408
1.8389	567	234	1408
1.83928	568	232	208
1.84226	569	235	1408
1.84513	570	235	1408
1.84551	571	227	208
1.84849	572	227	1411
1.85137	573	229	1408
1.85472	574	231	1408
1.8576	575	232	1411
1.85798	576	231	208
1.86383	577	236	1408
1.8667	578	238	1408
1.86959	579	230	1411
1.87284	580	221	208
1.87581	581	223	1408
1.8787	582	214	1411
1.88493	583	209	1411
1.88781	584	201	1411
1.89358	585	195	1411
1.89646	586	187	1411
1.90222	587	182	1408
1.9051	588	173	1411
1.91086	589	167	1411
1.91124	590	157	208
1.9171	591	161	1408
1.91997	592	152	1408
1.92323	593	144	208
1.92621	594	146	1408
1.92908	595	137	1408
1.93234	596	129	208
1.93532	597	130	1408
1.93819	598	122	1408
1.94145	599	114	208
1.94443	600	115	1408
1.95018	601	110	1408
1.95344	602	102	208
1.95641	603	103	1408
1.96552	604	101	1408
1.96925	605	93	208
1.97222	606	95	1408
1.98132	607	92	1408
1.98458	608	84	208
1.9909	609	88	1408
1.99666	610	83	1408
2.00326	611	79	208
2.00624	612	81	1408
2.00911	613	80	1408
2.01284	614	78	208
2.01582	615	81	1408
2.02157	616	82	1408
2.02195	617	78	208
2.02492	618	80	1408
2.03115	619	83	1408
2.03153	620	79	208
2.0345	621	81	1408
2.04025	622	83	1408
2.04111	623	80	208
2.04696	624	84	1408
2.04983	625	83	1408
2.05309	626	82	208
2.05606	627	85	1408
2.05941	628	83	1408
2.06267	629	82	208
2.06564	630	85	1408
2.07139	631	86	1408
2.07177	632	82	208
2.07474	633	84	1408
2.08097	634	86	1408
2.08135	635	83	208
2.08432	636	85	1408
2.09008	637	87	1408
2.09381	638	85	208
2.09678	639	88	1408
2.09966	640	87	1408
2.10291	641	85	208
2.10588	642	88	1408
2.10924	643	87	1408
2.11249	644	86	208
2.11546	645	88	1408
2.12122	646	90	1408
2.1216	647	86	208
2.12457	648	88	1408
2.1308	649	90	1408
2.13118	650	87	208
2.13415	651	89	1408
2.1399	652	90	1408
2.14076	653	86	208
2.14373	654	89	1408
2.14948	655	90	1408
2.15274	656	89	208
2.15571	657	91	1408
2.15906	658	91	1408
2.16232	659	90	208
2.16529	660	92	1408
2.17104	661	94	1408
2.17142	662	90	208
2.17439	663	92	1408
2.18062	664	94	1408
2.181	665	90	208
2.18397	666	92	1408
2.18972	667	93	1408
2.19346	668	93	208
2.19643	669	96	1408
2.1993	670	94	1408
2.20256	671	93	208
2.20553	672	95	1408
2.20888	673	94	1408
2.21214	674	94	208
2.21511	675	96	1408
2.22086	676	97	1408
2.22124	677	93	208
2.22422	678	96	1408
2.23044	679	98	1408
2.2337	680	96	208
2.23667	681	99	1408
2.23955	682	97	1408
2.24328	683	97	208
2.24625	684	99	1408
2.24913	685	98	1408
2.25238	686	97	208
2.25536	687	99	1408
2.25823	688	98	1408
2.26196	689	97	208
2.26494	690	99	1408
2.27069	691	101	1408
2.27107	692	97	208
2.27404	693	100	1408
2.28027	694	101	1408
2.28065	695	97	208
2.2865	696	102	1408
2.28937	697	101	1408
2.2931	698	101	208
2.29608	699	103	1408
2.29895	700	101	1408
2.30221	701	101	208
2.30518	702	103	1408
2.30853	703	102	1408
2.31179	704	100	208
2.31476	705	103	1408
2.32051	706	104	1408
2.32089	707	100	208
2.32434	708	103	1408
2.33009	709	105	1408
2.33335	710	104	208
2.33632	711	106	1408
2.3392	712	105	1408
2.34293	713	104	208
2.3459	714	106	1408
2.34878	715	105	1408
2.35203	716	104	208
2.355	717	107	1408
2.36123	718	108	1408
2.36161	719	104	208
2.36458	720	107	1408
2.37034	721	108	1408
2.37072	722	104	208
2.37369	723	106	1408
2.37992	724	108	1408
2.3803	725	105	208
2.38614	726	110	1408
2.38902	727	109	1408
2.39275	728	107	208
2.39572	729	110	1408
2.3986	730	109	1408
2.40186	731	107	208
2.40483	732	110	1408
2.41106	733	112	1408
2.41144	734	108	208
2.41441	735	110	1408
2.42016	736	112	1408
2.42054	737	108	208
2.42399	738	110	1408
2.42974	739	112	1408
2.43012	740	109	208
2.43597	741	113	1408
2.43884	742	112	1408
2.44258	743	111	208
2.44555	744	114	1408
2.44842	745	112	1408
2.45168	746	111	208
2.45465	747	113	1408
2.46088	748	115	1408
2.46126	749	112	208
2.46423	750	114	1408
2.46998	751	115	1408
2.47036	752	112	208
2.47334	753	114	1408
2.47956	754	116	1408
2.48282	755	114	208
2.48579	756	117	1408
2.48867	757	115	1408
2.4924	758	115	208
2.49537	759	118	1408
2.49825	760	116	1408
2.5015	761	115	208
2.50448	762	117	1408
2.50783	763	116	1408
2.51108	764	116	208
2.51406	765	118	1408
2.51981	766	119	1408
2.52019	767	115	208
2.52316	768	118	1408
2.52939	769	120	1408
2.53264	770	118	208
2.53562	771	121	1408
2.53849	772	119	1408
2.54222	773	119	208
2.5452	774	121	1408
2.55095	775	122	1408
2.55133	776	119	208
2.5543	777	121	1408
2.56053	778	123	1408
2.56091	779	119	208
2.56388	780	121	1408
2.56963	781	123	1408
2.57049	782	119	208
2.57346	783	122	1408
2.57921	784	123	1408
2.58247	785	122	208
2.58544	786	124	1408
2.58832	787	123	1408
2.59205	788	123	208
2.59502	789	125	1408
2.5979	790	123	1408
2.60115	791	123	208
2.60412	792	125	1408
2.61035	793	127	1408
2.61073	794	122	208
2.6137	795	125	1408
2.61946	796	126	1408
2.62031	797	123	208
2.62616	798	128	1408
2.62904	799	127	1408
2.63229	800	126	208
2.63526	801	128	1408
2.63814	802	127	1408
2.64187	803	126	208
2.64484	804	128	1408
2.64772	805	127	1408
2.65098	806	125	208
2.65395	807	128	1408
2.66018	808	130	1408
2.66056	809	126	208
2.66353	810	129	1408
2.66928	811	130	1408
2.67014	812	127	208
2.67598	813	131	1408
2.67886	814	130	1408
2.68212	815	130	208
2.68509	816	132	1408
2.68796	817	130	1408
2.6917	818	129	208
2.69467	819	132	1408
2.69754	820	131	1408
2.7008	821	129	208
2.70377	822	132	1408
2.71	823	134	1408
2.71038	824	130	208
2.71623	825	135	1408
2.7191	826	134	1408
2.72284	827	133	208
2.72581	828	135	1408
2.72868	829	134	1408
2.73194	830	133	208
2.73491	831	135	1408
2.73779	832	134	1408
2.74152	833	133	208
2.74449	834	136	1408
2.75024	835	137	1408
2.75062	836	133	208
2.7536	837	135	1408
2.75982	838	137	1408
2.7602	839	134	208
2.76605	840	139	1408
2.76893	841	137	1408
2.76978	842	134	208
2.77563	843	139	1408
2.77851	844	138	1408
2.78176	845	136	208
2.78474	846	139	1408
2.78809	847	138	1408
2.79134	848	137	208
2.79432	849	140	1408
2.80007	850	141	1408
2.80045	851	137	208
2.80342	852	139	1408
2.80965	853	141	1408
2.81003	854	138	208
2.81588	855	142	1408
2.81875	856	141	1408
2.82248	857	140	208
2.82546	858	143	1408
2.82833	859	142	1408
2.83159	860	140	208
2.83456	861	143	1408
2.83791	862	141	1408
2.84117	863	141	208
2.84414	864	143	1408
2.84989	865	144	1408
2.85027	866	141	208
2.85324	867	143	1408
2.85947	868	145	1408
2.85985	869	141	208
2.86282	870	143	1408
2.86858	871	145	1408
2.87231	872	144	208
2.87528	873	147	1408
2.87816	874	145	1408
2.88141	875	144	208
2.88438	876	146	1408
2.89061	877	148	1408
2.89099	878	144	208
2.89396	879	146	1408
2.89972	880	148	1408
2.9001	881	145	208
2.90307	882	147	1408
2.9093	883	149	1408
2.91255	884	147	208
2.91552	885	150	1408
2.9184	886	148	1408
2.92213	887	148	208
2.9251	888	151	1408
2.92798	889	148	1408
2.93124	890	148	208
2.93421	891	150	1408
2.94044	892	152	1408
2.94082	893	148	208
2.94379	894	150	1408
2.94954	895	152	1408
2.94992	896	147	208
2.95289	897	150	1408
2.95912	898	153	1408
2.9595	899	148	208
2.96247	900	151	1408
2.96822	901	152	1408
2.97196	902	151	208
2.97493	903	153	1408
2.9778	904	152	1408
2.98106	905	152	208
2.98403	906	154	1408
2.99026	907	156	1408
2.99064	908	152	208
2.99361	909	154	1408
2.99936	910	156	1408
2.99974	911	151	208
3.00272	912	154	1408
3.00894	913	155	1408
3.0122	914	155	208
3.01517	915	157	1408
3.01805	916	156	1408
3.02178	917	155	208
3.02475	918	157	1408
3.02763	919	156	1408
3.03088	920	155	208
3.03386	921	157	1408
3.04008	922	160	1408
3.04046	923	155	208
3.04344	924	158	1408
3.04919	925	159	1408
3.04957	926	155	208
3.05302	927	158	1408
3.05877	928	159	1408
3.06202	929	159	208
3.065	930	160	1408
3.06787	931	159	1408
3.0716	932	159	208
3.07458	933	161	1408
3.07745	934	160	1408
3.08071	935	158	208
3.08368	936	161	1408
3.08991	937	162	1408
3.09029	938	159	208
3.09326	939	162	1408
3.09901	940	163	1408
3.09987	941	159	208
3.10284	942	161	1408
3.10859	943	163	1408
3.10897	944	159	208
3.11482	945	164	1408
3.1177	946	163	1408
3.12143	947	162	208
3.1244	948	165	1408
3.12728	949	164	1408
3.13053	950	162	208
3.1335	951	165	1408
3.13973	952	166	1408
3.14011	953	163	208
3.14308	954	165	1408
3.14884	955	166	1408
3.14922	956	163	208
3.15266	957	165	1408
3.15842	958	167	1408
3.16167	959	166	208
3.16464	960	168	1408
3.16752	961	167	1408
3.17125	962	166	208
3.17422	963	169	1408
3.1771	964	167	1408
3.18036	965	166	208
3.18333	966	168	1408
3.18956	967	170	1408
3.18994	968	166	208
3.19291	969	168	1408
3.19866	970	170	1408
3.19904	971	167	208
3.20249	972	169	1408
3.20824	973	171	1408
3.2115	974	169	208
3.21447	975	172	1408
3.21734	976	170	1408
3.22108	977	170	208
3.22405	978	173	1408
3.2298	979	173	1408
3.23018	980	170	208
3.23315	981	172	1408
3.23938	982	174	1408
3.23976	983	170	208
3.24273	984	172	1408
3.24848	985	174	1408
3.25222	986	173	208
3.25519	987	176	1408
3.25806	988	175	1408
3.26132	989	173	208
3.26429	990	176	1408
3.26764	991	174	1408
3.2709	992	173	208
3.27387	993	175	1408
3.27675	994	174	1408
3.28	995	174	208
3.28298	996	175	1408
3.2892	997	178	1408
3.28958	998	174	208
3.29256	999	176	1408
3.29831	1000	178	1408
3.30204	1001	177	208
3.30501	1002	180	1408
3.30789	1003	177	1408
3.31114	1004	177	208
3.31412	1005	179	1408
3.31747	1006	178	1408
3.32072	1007	177	208
3.3237	1008	179	1408
3.32657	1009	178	1408
3.32983	1010	177	208
3.3328	1011	179	1408
3.33903	1012	182	1408
3.33941	1013	177	208
3.34238	1014	180	1408
3.34813	1015	181	1408
3.35186	1016	180	208
3.35484	1017	182	1408
3.35771	1018	181	1408
3.36097	1019	180	208
3.36394	1020	182	1408
3.36729	1021	182	1408
3.37055	1022	181	208
3.37352	1023	183	1408
3.37927	1024	185	1408
3.37965	1025	180	208
3.38262	1026	183	1408
3.38885	1027	184	1408
3.38923	1028	181	208
3.3922	1029	184	1408
3.39796	1030	184	1408
3.40169	1031	184	208
3.40466	1032	186	1408
3.40754	1033	185	1408
3.41079	1034	184	208
3.41376	1035	186	1408
3.41664	1036	185	1408
3.42037	1037	184	208
3.42334	1038	187	1408
3.4291	1039	189	1408
3.42948	1040	184	208
3.43245	1041	187	1408
3.43868	1042	188	1408
3.43906	1043	185	208
3.4449	1044	189	1408
3.44778	1045	188	1408
3.44864	1046	185	208
3.45448	1047	190	1408
3.45736	1048	189	1408
3.46062	1049	188	208
3.46359	1050	190	1408
3.46646	1051	189	1408
3.4702	1052	188	208
3.47317	1053	191	1408
3.47892	1054	191	1408
3.4793	1055	188	208
3.48275	1056	190	1408
3.4885	1057	192	1408
3.48888	1058	188	208
3.49473	1059	193	1408
3.4976	1060	192	1408
3.49846	1061	189	208
3.50431	1062	194	1408
3.50718	1063	193	1408
3.51044	1064	191	208
3.51341	1065	194	1408
3.51964	1066	195	1408
3.52002	1067	192	208
3.52299	1068	194	1408
3.52874	1069	195	1408
3.52912	1070	192	208
3.5321	1071	194	1408
3.53832	1072	196	1408
3.5387	1073	192	208
3.54455	1074	197	1408
3.54743	1075	196	1408
3.55116	1076	195	208
3.55413	1077	198	1408
3.55701	1078	197	1408
3.56026	1079	195	208
3.56324	1080	198	1408
3.56659	1081	196	1408
3.56984	1082	195	208
3.57282	1083	197	1408
3.57857	1084	199	1408
3.57895	1085	195	208
3.5824	1086	198	1408
3.58815	1087	199	1408
3.5914	1088	198	208
3.59438	1089	201	1408
3.59725	1090	199	1408
3.60098	1091	196	208
3.60396	1092	199	1408
3.60971	1093	201	1408
3.61009	1094	196	208
3.61306	1095	199	1408
3.61929	1096	201	1408
3.62254	1097	199	208
3.62552	1098	202	1408
3.62839	1099	199	1408
3.63212	1100	199	208
3.6351	1101	202	1408
3.64085	1102	202	1408
3.64123	1103	199	208
3.6442	1104	201	1408
3.65043	1105	202	1408
3.65368	1106	199	208
3.65666	1107	202	1408
3.65953	1108	201	1408
3.66326	1109	200	208
3.66624	1110	203	1408
3.66911	1111	201	1408
3.67237	1112	199	208
3.67534	1113	202	1408
3.68157	1114	202	1408
3.68195	1115	198	208
3.68492	1116	201	1408
3.69067	1117	202	1408
3.6944	1118	199	208
3.69738	1119	202	1408
3.70025	1120	201	1408
3.70351	1121	199	208
3.70648	1122	202	1408
3.71271	1123	203	1408
3.71309	1124	200	208
3.71606	1125	202	1408
3.72181	1126	203	1408
3.72267	1127	199	208
3.72564	1128	202	1408
3.73139	1129	202	1408
3.73465	1130	201	208
3.73762	1131	204	1408
3.74385	1132	205	1408
3.74423	1133	200	208
3.7472	1134	203	1408
3.75295	1135	204	1408
3.75381	1136	199	208
3.75966	1137	205	1408
3.76253	1138	204	1408
3.76579	1139	202	208
3.76876	1140	205	1408
3.77499	1141	205	1408
3.77537	1142	202	208
3.77834	1143	205	1408
3.78409	1144	206	1408
3.78447	1145	202	208
3.78744	1146	204	1408
3.79367	1147	205	1408
3.79693	1148	202	208
3.7999	1149	205	1408
3.80325	1150	205	1408
3.80651	1151	202	208
3.80948	1152	205	1408
3.81523	1153	207	1408
3.81561	1154	202	208
3.81858	1155	205	1408
3.82481	1156	206	1408
3.82807	1157	206	208
3.83104	1158	208	1408
3.83392	1159	205	1408
3.83765	1160	205	208
3.84062	1161	208	1408
3.84637	1162	208	1408
3.84675	1163	202	208
3.84972	1164	205	1408
3.85595	1165	207	1408
3.85921	1166	205	208
3.86218	1167	208	1408
3.86506	1168	206	1408
3.86879	1169	205	208
3.87176	1170	208	1408
3.87751	1171	208	1408
3.87837	1172	203	208
3.88134	1173	206	1408
3.88709	1174	208	1408
3.89035	1175	205	208
3.89332	1176	208	1408
3.89667	1177	206	1408
3.89993	1178	205	208
3.9029	1179	208	1408
3.90865	1180	208	1408
3.90951	1181	203	208
3.91248	1182	206	1408
3.91823	1183	208	1408
3.92149	1184	205	208
3.92446	1185	208	1408
3.92734	1186	207	1408
3.93107	1187	206	208
3.93404	1188	209	1408
3.93979	1189	208	1408
3.94017	1190	205	208
3.94314	1191	208	1408
3.94937	1192	209	1408
3.95263	1193	205	208
3.9556	1194	208	1408
3.95848	1195	207	1408
3.96221	1196	206	208
3.96518	1197	209	1408
3.97093	1198	208	1408
3.97131	1199	205	208
3.97428	1200	208	1408
3.98051	1201	209	1408
3.98089	1202	205	208
3.98674	1203	210	1408
3.98962	1204	208	1408
3.99335	1205	206	208
3.99632	1206	209	1408
4.00207	1207	209	1408
4.00245	1208	205	208
4.00542	1209	208	1408
4.01165	1210	208	1408
4.01491	1211	205	208
4.01788	1212	208	1408
4.02123	1213	208	1408
4.02449	1214	206	208
4.02746	1215	209	1408
4.03321	1216	208	1408
4.03694	1217	207	208
4.03992	1218	210	1408
4.04279	1219	208	1408
4.04605	1220	208	208
4.04902	1221	210	1408
4.05237	1222	209	1408
4.05563	1223	205	208
4.0586	1224	208	1408
4.06435	1225	210	1408
4.06521	1226	206	208
4.06818	1227	209	1408
4.07393	1228	208	1408
4.07719	1229	208	208
4.08016	1230	211	1408
4.08351	1231	209	1408
4.08677	1232	205	208
4.08974	1233	208	1408
4.09549	1234	210	1408
4.09922	1235	209	208
4.1022	1236	212	1408
4.10507	1237	209	1408
4.10833	1238	208	208
4.1113	1239	211	1408
4.11465	1240	208	1408
4.11791	1241	205	208
4.12088	1242	208	1408
4.12663	1243	210	1408
4.12749	1244	206	208
4.13334	1245	212	1408
4.13621	1246	209	1408
4.13947	1247	208	208
4.14244	1248	211	1408
4.14867	1249	211	1408
4.15192	1250	208	208
4.1549	1251	211	1408
4.15777	1252	210	1408
4.15863	1253	205	208
4.16448	1254	211	1408
4.16735	1255	209	1408
4.17061	1256	208	208
4.17358	1257	211	1408
4.17981	1258	211	1408
4.18306	1259	209	208
4.18604	1260	212	1408
4.18891	1261	210	1408
4.19264	1262	208	208
4.19562	1263	211	1408
4.20137	1264	212	1408
4.20175	1265	208	208
4.20472	1266	211	1408
4.21095	1267	211	1408
4.2142	1268	209	208
4.21718	1269	212	1408
4.22005	1270	211	1408
4.22378	1271	208	208
4.22676	1272	211	1408
4.23251	1273	211	1408
4.23289	1274	207	208
4.23586	1275	210	1408
4.24209	1276	212	1408
4.24534	1277	209	208
4.24832	1278	212	1408
4.25119	1279	211	1408
4.25492	1280	208	208
4.2579	1281	211	1408
4.26365	1282	211	1408
4.26403	1283	208	208
4.267	1284	211	1408
4.27323	1285	212	1408
4.27648	1286	209	208
4.27946	1287	212	1408
4.28233	1288	211	1408
4.29517	1289	193	208
4.29814	1290	196	1408
4.30437	1291	196	1408
4.30762	1292	193	208
4.3106	1293	196	1408
4.31347	1294	195	1408
4.3172	1295	193	208
4.32018	1296	196	1408
4.32593	1297	195	1408
4.32631	1298	192	208
4.32976	1299	195	1408
4.33551	1300	196	1408
4.33876	1301	193	208
4.34174	1302	196	1408
4.34796	1303	195	1408
4.34834	1304	192	208
4.35132	1305	195	1408
4.35707	1306	196	1408
4.35792	1307	192	208
4.36377	1308	197	1408
4.36665	1309	196	1408
4.3699	1310	193	208
4.37288	1311	196	1408
4.3791	1312	196	1408
4.37948	1313	192	208
4.38246	1314	195	1408
4.38821	1315	196	1408
4.39194	1316	193	208
4.39491	1317	196	1408
4.40066	1318	196	1408
4.40104	1319	193	208
4.40402	1320	196	1408
4.41024	1321	196	1408
4.41062	1322	192	208
4.4136	1323	195	1408
4.41935	1324	196	1408
4.42308	1325	194	208
4.42605	1326	197	1408
4.4318	1327	195	1408
4.43218	1328	192	208
4.43516	1329	195	1408
4.44138	1330	196	1408
4.44464	1331	193	208
4.44761	1332	196	1408
4.45049	1333	195	1408
4.45422	1334	193	208
4.45719	1335	196	1408
4.46294	1336	195	1408
4.46668	1337	195	208
4.46965	1338	198	1408
4.47252	1339	196	1408
4.47578	1340	193	208
4.47875	1341	196	1408
4.48498	1342	198	1408
4.48824	1343	196	208
4.49121	1344	199	1408
4.49744	1345	199	1408
4.50069	1346	198	208
4.50366	1347	201	1408
4.50702	1348	200	1408
4.51027	1349	197	208
4.51324	1350	200	1408
4.519	1351	201	1408
4.52273	1352	199	208
4.5257	1353	202	1408
4.53145	1354	202	1408
4.53518	1355	202	208
4.53816	1356	205	1408
4.54726	1357	199	1408
4.55052	1358	196	208
4.55349	1359	199	1408
4.55972	1360	199	1408
4.56297	1361	198	208
4.56594	1362	201	1408
4.57217	1363	202	1408
4.57543	1364	199	208
4.5784	1365	202	1408
4.58175	1366	201	1408
4.58501	1367	200	208
4.58798	1368	202	1408
4.59373	1369	202	1408
4.59746	1370	199	208
4.60044	1371	202	1408
4.60619	1372	204	1408
4.60992	1373	202	208
4.61289	1374	205	1408
4.61864	1375	205	1408
4.6195	1376	202	208
4.62247	1377	205	1408
4.62822	1378	206	1408
4.63196	1379	202	208
4.63493	1380	205	1408
4.64068	1381	207	1408
4.64394	1382	205	208
4.64691	1383	208	1408
4.65314	1384	208	1408
4.65352	1385	203	208
4.65649	1386	206	1408
4.66224	1387	208	1408
4.66597	1388	205	208
4.66894	1389	208	1408
4.67182	1390	207	1408
4.67508	1391	206	208
4.67805	1392	209	1408
4.68428	1393	208	1408
4.68753	1394	206	208
4.6905	1395	209	1408
4.69338	1396	208	1408
4.69711	1397	206	208
4.70008	1398	209	1408
4.70584	1399	208	1408
4.70622	1400	205	208
4.70919	1401	208	1408
4.71542	1402	208	1408
4.71867	1403	205	208
4.72164	1404	208	1408
4.72787	1405	208	1408
4.72825	1406	205	208
4.73122	1407	208	1408
4.73698	1408	208	1408
4.74071	1409	205	208
4.74368	1410	208	1408
4.74656	1411	205	1408
4.74981	1412	202	208
4.75278	1413	205	1408
4.75901	1414	206	1408
4.75939	1415	202	208
4.76236	1416	205	1408
4.76812	1417	205	1408
4.7685	1418	199	208
4.77147	1419	202	1408
4.7777	1420	202	1408
4.78095	1421	199	208
4.78392	1422	202	1408
4.7868	1423	198	1408
4.79053	1424	193	208
4.7935	1425	196	1408
4.79926	1426	196	1408
4.80011	1427	191	208
4.80308	1428	194	1408
4.80884	1429	192	1408
4.81209	1430	190	208
4.81506	1431	193	1408
4.81794	1432	189	1408
4.82167	1433	189	208
4.82464	1434	192	1408
4.82752	1435	189	1408
4.83078	1436	187	208
4.83375	1437	190	1408
4.83998	1438	189	1408
4.84036	1439	184	208
4.84333	1440	187	1408
4.84908	1441	187	1408
4.85281	1442	184	208
4.85578	1443	187	1408
4.85866	1444	186	1408
4.86192	1445	183	208
4.86489	1446	186	1408
4.86824	1447	183	1408
4.8715	1448	181	208
4.87447	1449	184	1408
4.88022	1450	183	1408
4.88395	1451	180	208
4.88692	1452	183	1408
4.8898	1453	182	1408
4.89306	1454	181	208
4.89603	1455	184	1408
4.90226	1456	183	1408
4.90551	1457	182	208
4.90848	1458	185	1408
4.91136	1459	183	1408
4.91509	1460	181	208
4.91806	1461	184	1408
4.92382	1462	183	1408
4.92755	1463	183	208
4.93052	1464	186	1408
4.93627	1465	186	1408
4.93713	1466	182	208
4.9401	1467	185	1408
4.94585	1468	186	1408
4.94911	1469	184	208
4.95208	1470	187	1408
4.95831	1471	187	1408
4.96156	1472	184	208
4.96454	1473	187	1408
4.96741	1474	186	1408
4.97114	1475	184	208
4.97412	1476	187	1408
4.97987	1477	186	1408
4.98072	1478	183	208
4.9837	1479	186	1408
4.98945	1480	188	1408
4.9927	1481	187	208
4.99568	1482	189	1408
4.99903	1483	189	1408
5.00228	1484	188	208
5.00526	1485	191	1408
5.01101	1486	193	1408
5.01139	1487	189	208
5.01436	1488	191	1408
5.02059	1489	193	1408
5.02097	1490	189	208
5.02394	1491	192	1408
5.02969	1492	194	1408
5.03342	1493	194	208
5.0364	1494	196	1408
5.03927	1495	196	1408
5.04253	1496	195	208
5.0455	1497	197	1408
5.04885	1498	196	1408
5.05211	1499	196	208
5.05508	1500	199	1408
5.06083	1501	200	1408
5.06121	1502	197	208
5.06418	1503	199	1408
5.07041	1504	201	1408
5.07367	1505	200	208
5.07664	1506	203	1408
5.07952	1507	202	1408
5.08325	1508	202	208
5.08622	1509	204	1408
5.09197	1510	205	1408
5.09235	1511	202	208
5.09532	1512	205	1408
5.09868	1513	204	1408
5.10193	1514	202	208
5.1049	1515	205	1408
5.11066	1516	205	1408
5.11439	1517	206	208
5.11736	1518	208	1408
5.12311	1519	209	1408
5.12349	1520	205	208
5.12646	1521	208	1408
5.13269	1522	208	1408
5.13595	1523	205	208
5.13892	1524	208	1408
5.14515	1525	208	1408
5.14553	1526	205	208
5.15138	1527	210	1408
5.15425	1528	208	1408
5.15798	1529	205	208
5.16096	1530	208	1408
5.16671	1531	208	1408
5.16709	1532	206	208
5.17054	1533	208	1408
5.17629	1534	208	1408
5.17954	1535	206	208
5.18252	1536	209	1408
5.18874	1537	208	1408
5.192	1538	206	208
5.19497	1539	208	1408
5.19832	1540	208	1408
5.20158	1541	206	208
5.20455	1542	209	1408
5.2103	1543	208	1408
5.21404	1544	206	208
5.21701	1545	209	1408
5.22276	1546	208	1408
5.22649	1547	209	208
5.22946	1548	211	1408
5.23234	1549	208	1408
5.2356	1550	206	208
5.23857	1551	209	1408
5.2448	1552	211	1408
5.24805	1553	209	208
5.25102	1554	212	1408
5.25725	1555	212	1408
5.25763	1556	208	208
5.2606	1557	211	1408
5.26636	1558	211	1408
5.27009	1559	209	208
5.27306	1560	212	1408
5.27594	1561	211	1408
5.27919	1562	209	208
5.28216	1563	212	1408
5.28839	1564	214	1408
5.29165	1565	212	208
5.29462	1566	215	1408
5.30085	1567	214	1408
5.30123	1568	212	208
5.3042	1569	215	1408
5.30995	1570	214	1408
5.31033	1571	212	208
5.3133	1572	215	1408
5.31953	1573	214	1408
5.32279	1574	212	208
5.32576	1575	215	1408
5.32911	1576	215	1408
5.33524	1577	215	208
5.33822	1578	218	1408
5.34157	1579	215	1408
5.34482	1580	215	208
5.3478	1581	218	1408
5.35355	1582	217	1408
5.35728	1583	215	208
5.36025	1584	218	1408
5.36313	1585	218	1408
5.36638	1586	218	208
5.36936	1587	220	1408
5.37223	1588	220	1408
5.37309	1589	218	208
5.37894	1590	218	1408
5.38469	1591	220	1408
5.38507	1592	218	208
5.39139	1593	218	1408
5.39714	1594	221	1408
5.39752	1595	218	208
5.40385	1596	221	1408
5.40672	1597	220	1408
5.4071	1598	218	208
5.41295	1599	217	1408
5.41918	1600	221	1408
5.41956	1601	218	208
5.42541	1602	221	1408
5.42828	1603	220	1408
5.43202	1604	221	208
5.43786	1605	221	1408
5.44074	1606	221	1408
5.44112	1607	219	208
5.44744	1608	221	1408
5.45032	1609	221	1408
5.45358	1610	221	208
5.4599	1611	221	1408
5.46278	1612	220	1408
5.46603	1613	221	208
5.469	1614	221	1408
5.47236	1615	221	1408
5.47561	1616	221	208
5.48146	1617	221	1408
5.48434	1618	220	1408
5.48807	1619	221	208
5.49392	1620	221	1408
5.49679	1621	220	1408
5.49765	1622	218	208
5.5035	1623	221	1408
5.50925	1624	224	1408
5.50963	1625	221	208
5.51595	1626	221	1408
5.51883	1627	219	1408
5.52208	1628	218	208
5.52841	1629	221	1408
5.53128	1630	219	1408
5.53454	1631	217	208
5.53751	1632	219	1408
5.54374	1633	220	1408
5.547	1634	218	208
5.54997	1635	220	1408
5.5562	1636	222	1408
5.55658	1637	217	208
5.55955	1638	219	1408
5.5653	1639	220	1408
5.56903	1640	218	208
5.572	1641	221	1408
5.57776	1642	220	1408
5.58149	1643	219	208
5.58446	1644	221	1408
5.59021	1645	222	1408
5.59059	1646	217	208
5.59404	1647	220	1408
5.59979	1648	220	1408
5.60305	1649	219	208
5.60602	1650	221	1408
5.61225	1651	222	1408
5.6155	1652	219	208
5.61848	1653	222	1408
5.63093	1654	214	1408
5.63131	1655	212	208
5.63716	1656	215	1408
5.64004	1657	214	1408
5.64089	1658	210	208
5.64674	1659	212	1408
5.65249	1660	214	1408
5.65287	1661	210	208
5.6592	1662	212	1408
5.66495	1663	213	1408
5.66533	1664	210	208
5.66878	1665	212	1408
5.67453	1666	214	1408
5.67491	1667	210	208
5.68076	1668	211	1408
5.68411	1669	211	1408
5.68736	1670	210	208
5.69034	1671	212	1408
5.69609	1672	214	1408
5.69982	1673	212	208
5.70279	1674	212	1408
5.70854	1675	214	1408
5.70892	1676	210	208
5.71525	1677	215	1408
5.71812	1678	214	1408
5.72138	1679	211	208
5.72435	1680	212	1408
5.73058	1681	214	1408
5.73096	1682	210	208
5.73681	1683	214	1408
5.73968	1684	213	1408
5.74342	1685	212	208
5.74639	1686	212	1408
5.75214	1687	214	1408
5.75587	1688	211	208
5.75884	1689	212	1408
5.7646	1690	214	1408
5.76498	1691	210	208
5.7713	1692	212	1408
5.77418	1693	211	1408
5.77743	1694	210	208
5.7804	1695	212	1408
5.78376	1696	211	1408
5.78701	1697	209	208
5.79286	1698	211	1408
5.79621	1699	211	1408
5.79947	1700	210	208
5.80532	1701	212	1408
5.80819	1702	211	1408
5.81192	1703	210	208
5.81777	1704	211	1408
5.82065	1705	210	1408
5.82438	1706	210	208
5.82735	1707	212	1408
5.83023	1708	211	1408
5.83348	1709	210	208
5.83981	1710	212	1408
5.84268	1711	211	1408
5.84594	1712	210	208
5.84891	1713	208	1408
5.85514	1714	211	1408
5.8584	1715	210	208
5.86137	1716	212	1408
5.86424	1717	211	1408
5.86798	1718	210	208
5.87382	1719	211	1408
5.8767	1720	210	1408
5.88043	1721	210	208
5.88628	1722	205	1408
5.89251	1723	207	1408
5.89576	1724	206	208
5.89874	1725	208	1408
5.90161	1726	207	1408
5.90534	1727	207	208
5.91119	1728	209	1408
5.91407	1729	208	1408
5.9178	1730	207	208
5.92077	1731	205	1408
5.92652	1732	207	1408
5.93026	1733	207	208
5.93323	1734	209	1408
5.9361	1735	208	1408
5.93936	1736	207	208
5.94233	1737	208	1408
5.94856	1738	210	1408
5.94894	1739	206	208
5.95479	1740	208	1408
5.96102	1741	211	1408
5.9614	1742	207	208
5.96724	1743	209	1408
5.97012	1744	208	1408
5.97385	1745	207	208
5.97682	1746	208	1408
5.98258	1747	210	1408
5.98343	1748	207	208
5.98928	1749	209	1408
5.99503	1750	211	1408
5.99541	1751	207	208
5.99886	1752	209	1408
6.00461	1753	211	1408
6.00499	1754	207	208
6.01084	1755	208	1408
6.01707	1756	211	1408
6.02032	1757	210	208
6.0233	1758	209	1408
6.02952	1759	211	1408
6.0299	1760	207	208
6.03575	1761	211	1408
6.03863	1762	210	1408
6.04236	1763	210	208
6.04533	1764	212	1408
6.04821	1765	211	1408
6.05146	1766	209	208
6.05779	1767	211	1408
6.06066	1768	210	1408
6.06392	1769	208	208
6.06737	1770	209	1408
6.07312	1771	211	1408
6.07638	1772	209	208
6.07982	1773	209	1408
6.08558	1774	211	1408
6.08596	1775	207	208
6.0918	1776	211	1408
6.09516	1777	211	1408
6.09841	1778	209	208
6.10426	1779	212	1408
6.10714	1780	211	1408
6.11087	1781	210	208
6.11384	1782	208	1408
6.11959	1783	210	1408
6.12332	1784	210	208
6.1263	1785	212	1408
6.12917	1786	211	1408
6.13243	1787	209	208
6.13875	1788	212	1408
6.14163	1789	211	1408
6.14488	1790	208	208
6.15121	1791	209	1408
6.15696	1792	210	1408
6.15734	1793	207	208
6.16079	1794	209	1408
6.16654	1795	211	1408
6.1698	1796	208	208
6.17277	1797	208	1408
6.179	1798	210	1408
6.18225	1799	210	208
6.18522	1800	209	1408
6.19145	1801	211	1408
6.19183	1802	207	208
6.19768	1803	211	1408
6.20056	1804	210	1408
6.20429	1805	210	208
6.20726	1806	209	1408
6.21301	1807	211	1408
6.21674	1808	210	208
6.21972	1809	208	1408
6.22547	1810	210	1408
6.22632	1811	207	208
6.2293	1812	209	1408
6.23505	1813	211	1408
6.2383	1814	210	208
6.24175	1815	209	1408
6.2475	1816	211	1408
6.25076	1817	210	208
6.25373	1818	208	1408
6.25996	1819	210	1408
6.26322	1820	210	208
6.26619	1821	212	1408
6.26906	1822	211	1408
6.2728	1823	210	208
6.27864	1824	211	1408
6.28152	1825	210	1408
6.28525	1826	210	208
6.28822	1827	209	1408
6.29398	1828	210	1408
6.29483	1829	207	208
6.30068	1830	212	1408
6.30356	1831	211	1408
6.30681	1832	210	208
6.30978	1833	211	1408
6.31601	1834	214	1408
6.31927	1835	212	208
6.32224	1836	212	1408
6.32559	1837	211	1408
6.32885	1838	210	208
6.3347	1839	211	1408
6.33757	1840	210	1408
6.3413	1841	210	208
6.34715	1842	212	1408
6.35003	1843	211	1408
6.35376	1844	210	208
6.35673	1845	211	1408
6.36248	1846	213	1408
6.36286	1847	208	208
6.36919	1848	212	1408
6.37494	1849	213	1408
6.37532	1850	210	208
6.38164	1851	212	1408
6.38452	1852	211	1408
6.38778	1853	210	208
6.39075	1854	211	1408
6.39698	1855	213	1408
6.40023	1856	212	208
6.4032	1857	212	1408
6.40943	1858	214	1408
6.40981	1859	208	208
6.41566	1860	208	1408
6.42189	1861	210	1408
6.42514	1862	210	208
6.42812	1863	212	1408
6.43099	1864	210	1408
6.43472	1865	210	208
6.44057	1866	211	1408
6.44345	1867	210	1408
6.44718	1868	210	208
6.45303	1869	212	1408
6.4559	1870	210	1408
6.45676	1871	207	208
6.46261	1872	212	1408
6.46548	1873	211	1408
6.46874	1874	210	208
6.47506	1875	212	1408
6.47794	1876	210	1408
6.4812	1877	210	208
6.48464	1878	209	1408
6.4904	1879	211	1408
6.49365	1880	210	208
6.49662	1881	211	1408
6.50285	1882	213	1408
6.50323	1883	210	208
6.50908	1884	212	1408
6.51243	1885	211	1408
6.51569	1886	210	208
6.52154	1887	211	1408
6.52441	1888	210	1408
6.52814	1889	210	208
6.53112	1890	212	1408
6.53687	1891	213	1408
6.5406	1892	212	208
6.54357	1893	212	1408
6.54645	1894	211	1408
6.5497	1895	210	208
6.55603	1896	212	1408
6.56178	1897	213	1408
6.56216	1898	210	208
6.56513	1899	212	1408
6.57136	1900	214	1408
6.57462	1901	213	208
6.57759	1902	211	1408
6.58382	1903	213	1408
6.58707	1904	213	208
6.59004	1905	215	1408
6.59292	1906	213	1408
6.59665	1907	212	208
6.59962	1908	212	1408
6.60538	1909	214	1408
6.60911	1910	212	208
6.61208	1911	212	1408
6.61783	1912	213	1408
6.62156	1913	213	208
6.62454	1914	212	1408
6.63029	1915	214	1408
6.63067	1916	210	208
6.63699	1917	211	1408
6.64274	1918	213	1408
6.64312	1919	210	208
6.64657	1920	212	1408
6.65232	1921	214	1408
6.65558	1922	213	208
6.65855	1923	211	1408
6.66478	1924	213	1408
6.66804	1925	213	208
6.67101	1926	212	1408
6.67724	1927	214	1408
6.67762	1928	210	208
6.68346	1929	212	1408
6.68682	1930	211	1408
6.69007	1931	211	208
6.69304	1932	212	1408
6.6988	1933	213	1408
6.70253	1934	212	208
6.7055	1935	212	1408
6.71125	1936	214	1408
6.71498	1937	211	208
6.71796	1938	211	1408
6.72371	1939	213	1408
6.72456	1940	210	208
6.72754	1941	212	1408
6.73329	1942	214	1408
6.73654	1943	211	208
6.73999	1944	211	1408
6.74574	1945	213	1408
6.749	1946	213	208
6.75245	1947	212	1408
6.7582	1948	214	1408
6.76146	1949	213	208
6.76443	1950	212	1408
6.77066	1951	214	1408
6.77104	1952	211	208
6.77688	1953	214	1408
6.77976	1954	213	1408
6.78349	1955	212	208
6.78646	1956	212	1408
6.79222	1957	214	1408
6.79595	1958	213	208
6.79892	1959	212	1408
6.80467	1960	214	1408
6.80553	1961	211	208
6.81138	1962	215	1408
6.81425	1963	214	1408
6.81751	1964	211	208
6.82383	1965	212	1408
6.82958	1966	214	1408
6.82996	1967	210	208
6.83341	1968	212	1408
6.83916	1969	214	1408
6.84242	1970	213	208
6.84539	1971	212	1408
6.85162	1972	214	1408
6.852	1973	211	208
6.85785	1974	214	1408
6.8612	1975	214	1408
6.86446	1976	213	208
6.8703	1977	215	1408
6.87318	1978	214	1408
6.87691	1979	213	208
6.88276	1980	215	1408
6.88564	1981	214	1408
6.88937	1982	214	208
6.89234	1983	212	1408
6.89809	1984	214	1408
6.89895	1985	210	208
6.9048	1986	212	1408
6.91055	1987	214	1408
6.91093	1988	210	208
6.91725	1989	215	1408
6.92013	1990	214	1408
6.92338	1991	213	208
6.92971	1992	215	1408
6.93258	1993	214	1408
6.93584	1994	213	208
6.94216	1995	215	1408
6.94504	1996	214	1408
6.9483	1997	213	208
6.95127	1998	215	1408
6.95414	1999	214	1408
6.95788	2000	213	208
6.96372	2001	215	1408
6.9666	2002	214	1408
6.97033	2003	214	208
6.97618	2004	215	1408
6.97906	2005	214	1408
6.98279	2006	213	208
6.98864	2007	215	1408
6.99151	2008	214	1408
6.99524	2009	214	208
6.99822	2010	215	1408
7.00397	2011	216	1408
7.00435	2012	213	208
7.01067	2013	215	1408
7.01355	2014	214	1408
7.0168	2015	213	208
7.02313	2016	215	1408
7.026	2017	214	1408
7.02926	2018	213	208
7.03558	2019	215	1408
7.03846	2020	214	1408
7.04172	2021	213	208
7.04469	2022	215	1408
7.05092	2023	217	1408
7.0513	2024	214	208
7.05714	2025	215	1408
7.0605	2026	214	1408
7.06375	2027	213	208
7.0696	2028	215	1408
7.07248	2029	214	1408
7.07621	2030	214	208
7.07918	2031	215	1408
7.08493	2032	216	1408
7.08866	2033	215	208
7.09451	2034	215	1408
7.09739	2035	214	1408
7.10112	2036	214	208
7.10409	2037	215	1408
7.10984	2038	216	1408
7.1107	2039	213	208
7.11655	2040	215	1408
7.1223	2041	217	1408
7.12268	2042	213	208
7.129	2043	218	1408
7.13188	2044	216	1408
7.13514	2045	215	208
7.13811	2046	215	1408
7.14434	2047	217	1408
7.14759	2048	215	208
7.15056	2049	215	1408
7.15679	2050	217	1408
7.15717	2051	214	208
7.16302	2052	215	1408
7.16925	2053	217	1408
7.16963	2054	213	208
7.17548	2055	215	1408
7.17883	2056	214	1408
7.18208	2057	214	208
7.18506	2058	215	1408
7.19081	2059	216	1408
7.19454	2060	215	208
7.19751	2061	215	1408
7.20326	2062	217	1408
7.207	2063	214	208
7.20997	2064	214	1408
7.21572	2065	216	1408
7.21658	2066	213	208
7.22242	2067	218	1408
7.2253	2068	217	1408
7.22856	2069	215	208
7.232	2070	216	1408
7.23776	2071	217	1408
7.24101	2072	215	208
7.24446	2073	215	1408
7.25021	2074	217	1408
7.25347	2075	215	208
7.25644	2076	215	1408
7.26267	2077	217	1408
7.26592	2078	216	208
7.27225	2079	218	1408
7.27512	2080	217	1408
7.27838	2081	216	208
7.28135	2082	218	1408
7.28758	2083	220	1408
7.29084	2084	217	208
7.29381	2085	217	1408
7.30004	2086	220	1408
7.30329	2087	218	208
7.30626	2088	218	1408
7.31249	2089	220	1408
7.31287	2090	216	208
7.31872	2091	217	1408
7.3216	2092	216	1408
7.32533	2093	216	208
7.3283	2094	218	1408
7.33405	2095	220	1408
7.33778	2096	218	208
7.34076	2097	218	1408
7.34651	2098	220	1408
7.34689	2099	216	208
7.35321	2100	218	1408
7.35896	2101	219	1408
7.3627	2102	218	208
7.36567	2103	218	1408
7.36854	2104	217	1408
7.3718	2105	216	208
7.37812	2106	219	1408
7.381	2107	218	1408
7.38426	2108	217	208
7.39058	2109	218	1408
7.39346	2110	217	1408
7.39671	2111	216	208
7.39968	2112	218	1408
7.40591	2113	220	1408
7.40629	2114	217	208
7.41214	2115	218	1408
7.41837	2116	220	1408
7.41875	2117	216	208
7.4246	2118	218	1408
7.43082	2119	220	1408
7.4312	2120	217	208
7.43705	2121	218	1408
7.43993	2122	216	1408
7.44366	2123	216	208
7.44663	2124	218	1408
7.45238	2125	220	1408
7.45276	2126	216	208
7.45909	2127	219	1408
7.46484	2128	220	1408
7.46522	2129	217	208
7.47154	2130	218	1408
7.4773	2131	220	1408
7.47768	2132	216	208
7.484	2133	219	1408
7.48688	2134	217	1408
7.49013	2135	217	208
7.4931	2136	218	1408
7.49933	2137	220	1408
7.49971	2138	216	208
7.50556	2139	218	1408
7.51179	2140	220	1408
7.51217	2141	217	208
7.51802	2142	218	1408
7.52424	2143	220	1408
7.52462	2144	216	208
7.53047	2145	218	1408
7.53335	2146	217	1408
7.53708	2147	215	208
7.54293	2148	217	1408
7.5458	2149	216	1408
7.54954	2150	216	208
7.55538	2151	218	1408
7.55826	2152	217	1408
7.56199	2153	216	208
7.56784	2154	217	1408
7.57072	2155	216	1408
7.57157	2156	213	208
7.57742	2157	215	1408
7.58317	2158	217	1408
7.58355	2159	213	208
7.58652	2160	215	1408
7.58988	2161	214	1408
7.59313	2162	214	208
7.59898	2163	214	1408
7.60186	2164	213	1408
7.60271	2165	210	208
7.60856	2166	212	1408
7.61144	2167	211	1408
7.61469	2168	210	208
7.61766	2169	208	1408
7.62389	2170	210	1408
7.62427	2171	207	208
7.63012	2172	212	1408
7.633	2173	210	1408
7.63385	2174	205	208
7.6397	2175	208	1408
7.64258	2176	207	1408
7.64583	2177	205	208
7.6488	2178	205	1408
7.65503	2179	208	1408
7.65541	2180	204	208
7.66126	2181	205	1408
7.66414	2182	204	1408
7.66787	2183	203	208
7.67084	2184	202	1408
7.67659	2185	204	1408
7.67697	2186	200	208
7.6833	2187	203	1408
7.68617	2188	202	1408
7.68655	2189	198	208
7.6924	2190	202	1408
7.69528	2191	201	1408
7.69901	2192	201	208
7.70198	2193	199	1408
7.70773	2194	201	1408
7.70859	2195	198	208
7.71444	2196	200	1408
7.72019	2197	202	1408
7.72104	2198	199	208
7.72689	2199	199	1408
7.73264	2200	201	1408
7.73302	2201	198	208
7.73935	2202	203	1408
7.74222	2203	202	1408
7.74548	2204	201	208
7.7518	2205	202	1408
7.75468	2206	201	1408
7.75794	2207	200	208
7.76091	2208	199	1408
7.76714	2209	202	1408
7.77039	2210	201	208
7.77336	2211	199	1408
7.77959	2212	201	1408
7.77997	2213	197	208
7.78582	2214	202	1408
7.7887	2215	201	1408
7.79243	2216	199	208
7.79828	2217	203	1408
7.80115	2218	202	1408
7.80488	2219	199	208
7.81073	2220	202	1408
7.81361	2221	201	1408
7.81734	2222	200	208
7.82031	2223	200	1408
7.82606	2224	202	1408
7.82692	2225	198	208
7.83277	2226	199	1408
7.83852	2227	201	1408
7.84225	2228	201	208
7.84522	2229	203	1408
7.8481	2230	202	1408
7.85136	2231	201	208
7.85433	2232	203	1408
7.86056	2233	205	1408
7.86094	2234	201	208
7.86678	2235	206	1408
7.86966	2236	205	1408
7.87339	2237	204	208
7.87636	2238	207	1408
7.88212	2239	208	1408
7.88585	2240	205	208
7.88882	2241	208	1408
7.8917	2242	207	1408
7.89495	2243	205	208
7.89792	2244	208	1408
7.90415	2245	210	1408
7.90453	2246	206	208
7.91038	2247	211	1408
7.91326	2248	208	1408
7.91699	2249	205	208
7.91996	2250	208	1408
7.92571	2251	210	1408
7.92944	2252	209	208
7.93242	2253	212	1408
7.93817	2254	212	1408
7.9419	2255	208	208
7.94487	2256	211	1408
7.94775	2257	210	1408
7.951	2258	209	208
7.95398	2259	211	1408
7.9602	2260	213	1408
7.96346	2261	211	208
7.96643	2262	214	1408
7.96978	2263	212	1408
7.97304	2264	209	208
7.97601	2265	212	1408
7.98176	2266	211	1408
7.9855	2267	209	208
7.98847	2268	212	1408
7.99422	2269	212	1408
7.99795	2270	208	208
8.00092	2271	211	1408
8.00668	2272	213	1408
8.01041	2273	209	208
8.01338	2274	212	1408
8.01913	2275	214	1408
8.02286	2276	211	208
8.02584	2277	214	1408
8.03159	2278	214	1408
8.03244	2279	209	208
8.03542	2280	212	1408
8.04404	2281	215	1408
8.0449	2282	209	208
8.04787	2283	212	1408
8.05362	2284	214	1408
8.05688	2285	208	208
8.05985	2286	211	1408
8.06608	2287	214	1408
8.06934	2288	209	208
8.07231	2289	212	1408
8.07854	2290	214	1408
8.08179	2291	211	208
8.08476	2292	214	1408
8.09099	2293	214	1408
8.09425	2294	212	208
8.09722	2295	215	1408
8.10345	2296	215	1408
8.10383	2297	208	208
8.1068	2298	211	1408
8.11255	2299	213	1408
8.11628	2300	212	208
8.11926	2301	215	1408
8.12501	2302	215	1408
8.12874	2303	212	208
8.13171	2304	215	1408
8.13459	2305	215	1408
8.13784	2306	211	208
8.14082	2307	214	1408
8.14704	2308	215	1408
8.1503	2309	212	208
8.15327	2310	215	1408
8.1595	2311	218	1408
8.16276	2312	214	208
8.16573	2313	217	1408
8.17196	2314	217	1408
8.17521	2315	215	208
8.17818	2316	218	1408
8.18106	2317	218	1408
8.18479	2318	214	208
8.18776	2319	217	1408
8.19352	2320	218	1408
8.19725	2321	215	208
8.20022	2322	218	1408
8.20597	2323	217	1408
8.2097	2324	215	208
8.21268	2325	218	1408
8.21555	2326	218	1408
8.21881	2327	214	208
8.22178	2328	217	1408
8.22801	2329	218	1408
8.23126	2330	215	208
8.23424	2331	218	1408
8.24046	2332	221	1408
8.24084	2333	214	208
8.24382	2334	217	1408
8.24957	2335	218	1408
8.2533	2336	215	208
8.25627	2337	218	1408
8.26202	2338	218	1408
8.26576	2339	214	208
8.26873	2340	217	1408
8.27448	2341	218	1408
8.27821	2342	215	208
8.28118	2343	218	1408
8.28694	2344	217	1408
8.29067	2345	215	208
8.29364	2346	218	1408
8.29652	2347	215	1408
8.29977	2348	214	208
8.30274	2349	217	1408
8.30897	2350	214	1408
8.31223	2351	215	208
8.3152	2352	218	1408
8.32143	2353	218	1408
8.32468	2354	215	208
8.32766	2355	218	1408
8.33388	2356	217	1408
8.33714	2357	215	208
8.34011	2358	218	1408
8.34634	2359	218	1408
8.3496	2360	215	208
8.35257	2361	218	1408
8.35544	2362	214	1408
8.35918	2363	212	208
8.36215	2364	215	1408
8.3679	2365	214	1408
8.37163	2366	215	208
8.3746	2367	218	1408
8.38036	2368	218	1408
8.38409	2369	215	208
8.38706	2370	218	1408
8.39281	2371	217	1408
8.39654	2372	215	208
8.39952	2373	217	1408
8.40239	2374	215	1408
8.40612	2375	213	208
8.41197	2376	217	1408
8.41485	2377	214	1408
8.4181	2378	213	208
8.42155	2379	215	1408
8.4273	2380	215	1408
8.43056	2381	212	208
8.43353	2382	215	1408
8.43976	2383	215	1408
8.44302	2384	213	208
8.44599	2385	214	1408
8.45222	2386	216	1408
8.45547	2387	213	208
8.45844	2388	215	1408
8.46467	2389	215	1408
8.46505	2390	211	208
8.4709	2391	215	1408
8.47713	2392	216	1408
8.47751	2393	210	208
8.48048	2394	213	1408
8.50204	2395	196	1408
8.5053	2396	193	208
8.50827	2397	196	1408
8.5145	2398	196	1408
8.51775	2399	193	208
8.52072	2400	196	1408
8.52695	2401	195	1408
8.53021	2402	193	208
8.53318	2403	196	1408
8.53941	2404	196	1408
8.53979	2405	191	208
8.54276	2406	194	1408
8.54851	2407	195	1408
8.55224	2408	193	208
8.55522	2409	196	1408
8.56097	2410	195	1408
8.5647	2411	193	208
8.56767	2412	196	1408
8.57342	2413	196	1408
8.57716	2414	194	208
8.58013	2415	197	1408
8.58588	2416	195	1408
8.58961	2417	193	208
8.59258	2418	196	1408
8.59546	2419	193	1408
8.59872	2420	191	208
8.60169	2421	194	1408
8.60792	2422	195	1408
8.61117	2423	193	208
8.61414	2424	196	1408
8.62037	2425	196	1408
8.62363	2426	193	208
8.6266	2427	196	1408
8.63283	2428	195	1408
8.63608	2429	194	208
8.63906	2430	197	1408
8.64241	2431	193	1408
8.64566	2432	191	208
8.64864	2433	194	1408
8.65486	2434	192	1408
8.65812	2435	191	208
8.66109	2436	194	1408
8.66684	2437	194	1408
8.67058	2438	193	208
8.67355	2439	195	1408
8.6793	2440	196	1408
8.68303	2441	194	208
8.686	2442	197	1408
8.69176	2443	195	1408
8.69549	2444	193	208
8.69846	2445	196	1408
8.70134	2446	193	1408
8.70507	2447	191	208
8.70804	2448	194	1408
8.71379	2449	192	1408
8.71705	2450	190	208
8.72002	2451	193	1408
8.72625	2452	194	1408
8.73573	2453	183	208
8.7387	2454	186	1408
8.74493	2455	186	1408
8.74819	2456	184	208
8.75116	2457	187	1408
8.75739	2458	187	1408
8.76064	2459	183	208
8.76362	2460	186	1408
8.76984	2461	186	1408
8.7731	2462	184	208
8.77607	2463	187	1408
8.7823	2464	188	1408
8.78268	2465	183	208
8.78853	2466	188	1408
8.7914	2467	186	1408
8.79514	2468	184	208
8.79811	2469	187	1408
8.80386	2470	186	1408
8.80759	2471	184	208
8.81056	2472	187	1408
8.81632	2473	186	1408
8.82005	2474	185	208
8.82302	2475	188	1408
8.82877	2476	186	1408
8.8325	2477	185	208
8.83548	2478	188	1408
8.84123	2479	189	1408
8.84208	2480	184	208
8.84506	2481	187	1408
8.85081	2482	186	1408
8.85406	2483	184	208
8.85704	2484	187	1408
8.86326	2485	187	1408
8.86652	2486	184	208
8.86949	2487	187	1408
8.87572	2488	186	1408
8.87898	2489	184	208
8.88195	2490	187	1408
8.88818	2491	189	1408
8.89143	2492	187	208
8.8944	2493	189	1408
8.90063	2494	189	1408
8.90389	2495	187	208
8.90686	2496	190	1408
8.91309	2497	190	1408
8.91347	2498	184	208
8.91644	2499	187	1408
8.92267	2500	186	1408
8.92592	2501	184	208
8.9289	2502	187	1408
8.93465	2503	186	1408
8.93838	2504	185	208
8.94135	2505	188	1408
8.9471	2506	189	1408
8.95084	2507	187	208
8.95381	2508	189	1408
8.95956	2509	189	1408
8.96329	2510	187	208
8.96626	2511	190	1408
8.97537	2512	187	1408
8.97862	2513	183	208
8.9816	2514	186	1408
8.98782	2515	186	1408
8.9882	2516	181	208
8.99118	2517	184	1408
8.99693	2518	183	1408
9.00066	2519	181	208
9.00363	2520	184	1408
9.00938	2521	183	1408
9.01312	2522	181	208
9.01609	2523	184	1408
9.02184	2524	183	1408
9.02557	2525	182	208
9.02854	2526	185	1408
9.0343	2527	186	1408
9.03515	2528	182	208
9.041	2529	187	1408
9.04675	2530	186	1408
9.04713	2531	181	208
9.0501	2532	184	1408
9.05633	2533	183	1408
9.05959	2534	181	208
9.06256	2535	184	1408
9.06879	2536	183	1408
9.07204	2537	181	208
9.07502	2538	184	1408
9.08124	2539	185	1408
9.0845	2540	183	208
9.08747	2541	185	1408
9.0937	2542	186	1408
9.09696	2543	183	208
9.09993	2544	186	1408
9.10616	2545	187	1408
9.10941	2546	184	208
9.11238	2547	187	1408
9.11861	2548	186	1408
9.12187	2549	183	208
9.12484	2550	186	1408
9.12819	2551	184	1408
9.13432	2552	184	208
9.1373	2553	187	1408
9.14065	2554	184	1408
9.1439	2555	180	208
9.14688	2556	183	1408
9.15263	2557	184	1408
9.15636	2558	183	208
9.15933	2559	185	1408
9.16508	2560	186	1408
9.16882	2561	184	208
9.17179	2562	186	1408
9.17754	2563	186	1408
9.18127	2564	184	208
9.18424	2565	187	1408
9.19	2566	186	1408
9.19373	2567	184	208
9.1967	2568	187	1408
9.20245	2569	186	1408
9.20618	2570	181	208
9.20916	2571	184	1408
9.21491	2572	183	1408
9.21864	2573	181	208
9.22161	2574	184	1408
9.22736	2575	185	1408
9.22822	2576	181	208
9.23407	2577	186	1408
9.23982	2578	186	1408
9.24068	2579	181	208
9.24365	2580	184	1408
9.25228	2581	186	1408
9.25313	2582	182	208
9.2561	2583	185	1408
9.26473	2584	186	1408
9.26559	2585	181	208
9.26856	2586	184	1408
9.27431	2587	183	1408
9.27757	2588	181	208
9.28054	2589	184	1408
9.28677	2590	185	1408
9.29002	2591	184	208
9.293	2592	185	1408
9.29922	2593	187	1408
9.30248	2594	184	208
9.30545	2595	187	1408
9.31168	2596	186	1408
9.31494	2597	183	208
9.31791	2598	186	1408
9.32414	2599	187	1408
9.32739	2600	184	208
9.33036	2601	187	1408
9.33659	2602	186	1408
9.33985	2603	183	208
9.34282	2604	186	1408
9.34617	2605	184	1408
9.3523	2606	184	208
9.35528	2607	187	1408
9.35863	2608	184	1408
9.36188	2609	182	208
9.36486	2610	185	1408
9.37061	2611	183	1408
9.37434	2612	182	208
9.37731	2613	185	1408
9.38306	2614	186	1408
9.3868	2615	184	208
9.38977	2616	186	1408
9.39552	2617	186	1408
9.39925	2618	184	208
9.40222	2619	187	1408
9.40798	2620	186	1408
9.41171	2621	184	208
9.41468	2622	187	1408
9.42043	2623	186	1408
9.42416	2624	184	208
9.42714	2625	187	1408
9.43289	2626	186	1408
9.43662	2627	184	208
9.43959	2628	187	1408
9.44534	2629	186	1408
9.44908	2630	184	208
9.45205	2631	187	1408
9.4578	2632	186	1408
9.46153	2633	184	208
9.4645	2634	187	1408
9.47026	2635	186	1408
9.47111	2636	182	208
9.47408	2637	185	1408
9.47984	2638	185	1408
9.48357	2639	181	208
9.48654	2640	184	1408
9.49229	2641	185	1408
9.49602	2642	182	208
9.499	2643	184	1408
9.50475	2644	185	1408
9.508	2645	184	208
9.51098	2646	185	1408
9.5172	2647	187	1408
9.52046	2648	184	208
9.52343	2649	187	1408
9.52966	2650	186	1408
9.53292	2651	183	208
9.53589	2652	186	1408
9.54212	2653	187	1408
9.54537	2654	184	208
9.54834	2655	187	1408
9.55457	2656	186	1408
9.55783	2657	183	208
9.5608	2658	186	1408
9.56703	2659	187	1408
9.57028	2660	184	208
9.57326	2661	187	1408
9.57948	2662	187	1408
9.57986	2663	182	208
9.58284	2664	185	1408
9.59194	2665	186	1408
9.5952	2666	185	208
9.59817	2667	188	1408
9.60104	2668	186	1408
9.60478	2669	184	208
9.60775	2670	186	1408
9.6135	2671	186	1408
9.61723	2672	184	208
9.6202	2673	187	1408
9.62596	2674	186	1408
9.62969	2675	184	208
9.63266	2676	187	1408
9.63841	2677	186	1408
9.64214	2678	184	208
9.64512	2679	187	1408
9.65087	2680	186	1408
9.6546	2681	184	208
9.65757	2682	187	1408
9.66332	2683	186	1408
9.66706	2684	185	208
9.67003	2685	188	1408
9.67578	2686	186	1408
9.67951	2687	184	208
9.68248	2688	187	1408
9.68824	2689	186	1408
9.69197	2690	184	208
9.69494	2691	187	1408
9.70069	2692	186	1408
9.70442	2693	184	208
9.7074	2694	187	1408
9.71315	2695	188	1408
9.71688	2696	186	208
9.71985	2697	188	1408
9.72273	2698	186	1408
9.72598	2699	183	208
9.72896	2700	186	1408
9.73518	2701	186	1408
9.73844	2702	184	208
9.74141	2703	187	1408
9.74764	2704	186	1408
9.75137	2705	184	208
9.75434	2706	187	1408
9.7601	2707	187	1408
9.76335	2708	184	208
9.76632	2709	187	1408
9.77255	2710	187	1408
9.77581	2711	183	208
9.77878	2712	186	1408
9.78501	2713	187	1408
9.78826	2714	184	208
9.79124	2715	187	1408
9.79746	2716	187	1408
9.80072	2717	183	208
9.80369	2718	186	1408
9.80992	2719	186	1408
9.81318	2720	184	208
9.81615	2721	187	1408
9.82238	2722	188	1408
9.82563	2723	183	208
9.8286	2724	186	1408
9.83483	2725	186	1408
9.83809	2726	185	208
9.84106	2727	188	1408
9.84729	2728	189	1408
9.85054	2729	187	208
9.85352	2730	189	1408
9.85974	2731	189	1408
9.863	2732	187	208
9.86597	2733	189	1408
9.8722	2734	190	1408
9.87546	2735	187	208
9.87843	2736	190	1408
9.88466	2737	189	1408
9.88791	2738	187	208
9.89088	2739	190	1408
9.89424	2740	187	1408
9.90037	2741	187	208
9.90334	2742	190	1408
9.90957	2743	189	1408
9.91282	2744	187	208
9.9158	2745	190	1408
9.91915	2746	187	1408
9.92528	2747	187	208
9.92825	2748	190	1408
9.93448	2749	189	1408
9.93774	2750	187	208
9.94071	2751	190	1408
9.94406	2752	187	1408
9.95019	2753	187	208
9.95316	2754	190	1408
9.95939	2755	190	1408
9.95977	2756	185	208
9.96274	2757	188	1408
9.9685	2758	189	1408
9.97223	2759	187	208
9.9752	2760	190	1408
9.98095	2761	189	1408
9.98468	2762	187	208
9.98766	2763	190	1408
9.99341	2764	189	1408
9.99714	2765	187	208
10.0001	2766	190	1408
10.0059	2767	189	1408
10.0125	2768	190	208
10.0154	2769	193	1408
10.0217	2770	193	1408
10.0249	2771	189	208
10.0279	2772	192	1408
10.0341	2773	193	1408
10.0407	2774	193	208
10.0437	2775	196	1408
10.0495	2776	196	1408
10.0532	2777	193	208
10.0562	2778	196	1408
10.0619	2779	195	1408
10.0685	2780	196	208
10.0715	2781	199	1408
10.0777	2782	199	1408
10.081	2783	196	208
10.084	2784	199	1408
10.0902	2785	199	1408
10.0939	2786	196	208
10.0969	2787	199	1408
10.1055	2788	202	1408
10.1092	2789	200	208
10.1122	2790	203	1408
10.118	2791	201	1408
10.1246	2792	202	208
10.1275	2793	205	1408
10.1309	2794	202	1408
10.137	2795	203	208
10.14	2796	206	1408
10.1462	2797	206	1408
10.1495	2798	204	208
10.1525	2799	207	1408
10.1587	2800	205	1408
10.1653	2801	206	208
10.1683	2802	209	1408
10.174	2803	209	1408
10.1744	2804	204	208
10.1774	2805	207	1408
10.1865	2806	208	1408
10.1869	2807	202	208
10.1898	2808	205	1408
10.1961	2809	206	1408
10.1993	2810	204	208
10.2023	2811	207	1408
10.2114	2812	208	1408
10.2118	2813	202	208
10.2147	2814	205	1408
10.221	2815	206	1408
10.2242	2816	205	208
10.2272	2817	207	1408
10.2334	2818	208	1408
10.2367	2819	205	208
10.2397	2820	208	1408
10.2459	2821	208	1408
10.2491	2822	206	208
10.2521	2823	209	1408
10.2583	2824	208	1408
10.2616	2825	206	208
10.2646	2826	209	1408
10.2708	2827	205	1408
10.274	2828	203	208
10.277	2829	206	1408
10.2832	2830	205	1408
10.2865	2831	202	208
10.2895	2832	205	1408
10.2957	2833	202	1408
10.299	2834	199	208
10.3019	2835	202	1408
10.3082	2836	202	1408
10.3114	2837	199	208
10.3144	2838	202	1408
10.3206	2839	199	1408
10.321	2840	193	208
10.324	2841	196	1408
10.3297	2842	195	1408
10.3335	2843	193	208
10.3364	2844	196	1408
10.3422	2845	196	1408
10.3459	2846	190	208
10.3489	2847	193	1408
10.3546	2848	192	1408
10.355	2849	187	208
10.358	2850	189	1408
10.3671	2851	190	1408
10.3675	2852	185	208
10.3704	2853	188	1408
10.3767	2854	186	1408
10.3799	2855	183	208
10.3829	2856	186	1408
10.3891	2857	187	1408
10.3895	2858	181	208
10.3925	2859	184	1408
10.4016	2860	183	1408
10.402	2861	177	208
10.4049	2862	180	1408
10.4107	2863	181	1408
10.4144	2864	178	208
10.4174	2865	181	1408
10.4231	2866	182	1408
10.4269	2867	180	208
10.4298	2868	182	1408
10.4356	2869	183	1408
10.4393	2870	178	208
10.4423	2871	181	1408
10.4481	2872	182	1408
10.4518	2873	180	208
10.4548	2874	182	1408
10.4605	2875	183	1408
10.4642	2876	181	208
10.4672	2877	184	1408
10.473	2878	183	1408
10.4767	2879	181	208
10.4797	2880	184	1408
10.4854	2881	183	1408
10.4892	2882	181	208
10.4921	2883	184	1408
10.4979	2884	183	1408
10.5016	2885	181	208
10.5046	2886	184	1408
10.5103	2887	183	1408
10.5169	2888	183	208
10.5199	2889	186	1408
10.5233	2890	184	1408
10.5294	2891	184	208
10.5324	2892	187	1408
10.5386	2893	186	1408
10.5419	2894	183	208
10.5448	2895	186	1408
10.5511	2896	187	1408
10.5543	2897	184	208
10.5573	2898	187	1408
10.5606	2899	185	1408
10.5639	2900	183	208
10.5697	2901	188	1408
10.5726	2902	186	1408
10.5763	2903	184	208
10.5793	2904	187	1408
10.5884	2905	190	1408
10.5917	2906	187	208
10.5946	2907	190	1408
10.5975	2908	188	1408
10.6041	2909	187	208
10.6071	2910	190	1408
10.6133	2911	191	1408
10.6166	2912	189	208
10.6196	2913	191	1408
10.6229	2914	189	1408
10.6262	2915	187	208
10.6291	2916	190	1408
10.6349	2917	190	1408
10.6415	2918	190	208
10.6445	2919	193	1408
10.6473	2920	191	1408
10.6511	2921	190	208
10.6541	2922	192	1408
10.6598	2923	192	1408
10.6635	2924	190	208
10.6665	2925	193	1408
10.6723	2926	193	1408
10.676	2927	190	208
10.679	2928	193	1408
10.6847	2929	192	1408
10.6884	2930	190	208
10.6914	2931	193	1408
10.6976	2932	193	1408
10.7038	2933	193	208
10.7068	2934	196	1408
10.713	2935	195	1408
10.7162	2936	193	208
10.7192	2937	196	1408
10.7254	2938	196	1408
10.7287	2939	193	208
10.7317	2940	196	1408
10.7379	2941	195	1408
10.7411	2942	194	208
10.7441	2943	197	1408
10.7503	2944	196	1408
10.7536	2945	193	208
10.7566	2946	196	1408
10.7657	2947	195	1408
10.7661	2948	191	208
10.769	2949	194	1408
10.7781	2950	196	1408
10.7819	2951	193	208
10.7848	2952	196	1408
10.7906	2953	196	1408
10.7943	2954	193	208
10.7973	2955	196	1408
10.803	2956	196	1408
10.8068	2957	194	208
10.8098	2958	197	1408
10.8155	2959	196	1408
10.8192	2960	195	208
10.8222	2961	198	1408
10.828	2962	198	1408
10.8317	2963	193	208
10.8347	2964	196	1408
10.8404	2965	196	1408
10.8441	2966	195	208
10.8471	2967	198	1408
10.8529	2968	195	1408
10.8595	2969	196	208
10.8625	2970	199	1408
10.8658	2971	196	1408
10.8691	2972	195	208
10.872	2973	198	1408
10.8778	2974	198	1408
10.8815	2975	197	208
10.8845	2976	199	1408
10.8936	2977	199	1408
10.894	2978	194	208
10.8969	2979	197	1408
10.9027	2980	198	1408
10.9064	2981	197	208
10.9094	2982	199	1408
10.9152	2983	199	1408
10.9218	2984	199	208
10.9247	2985	202	1408
10.9281	2986	199	1408
10.9342	2987	200	208
10.9372	2988	203	1408
10.9405	2989	199	1408
10.9467	2990	199	208
10.9496	2991	202	1408
10.9559	2992	199	1408
10.9591	2993	196	208
10.9621	2994	199	1408
10.9683	2995	199	1408
10.9721	2996	197	208
10.975	2997	200	1408
10.9837	2998	202	1408
10.9845	2999	197	208
10.9875	3000	200	1408
10.9961	3001	202	1408
10.9998	3002	199	208
11.0028	3003	202	1408
11.0086	3004	202	1408
11.0123	3005	197	208
11.0153	3006	200	1408
11.021	3007	201	1408
11.0248	3008	196	208
11.0277	3009	199	1408
11.034	3010	199	1408
11.0401	3011	200	208
11.0431	3012	203	1408
11.0493	3013	202	1408
11.0525	3014	199	208
11.0555	3015	202	1408
11.0617	3016	202	1408
11.065	3017	200	208
11.068	3018	202	1408
11.0742	3019	202	1408
11.0775	3020	199	208
11.0804	3021	202	1408
11.0867	3022	202	1408
11.0899	3023	199	208
11.0929	3024	202	1408
11.0991	3025	202	1408
11.1024	3026	200	208
11.1053	3027	203	1408
11.1144	3028	202	1408
11.1153	3029	198	208
11.1183	3030	201	1408
11.124	3031	202	1408
11.1273	3032	200	208
11.1307	3033	202	1408
11.1365	3034	202	1408
11.1431	3035	200	208
11.1461	3036	203	1408
11.1489	3037	201	1408
11.1527	3038	200	208
11.1556	3039	203	1408
11.1643	3040	205	1408
11.168	3041	203	208
11.171	3042	205	1408
11.1767	3043	202	1408
11.1805	3044	202	208
11.1834	3045	205	1408
11.1892	3046	202	1408
11.1929	3047	201	208
11.1959	3048	204	1408
11.2021	3049	203	1408
11.2054	3050	200	208
11.2083	3051	203	1408
11.2146	3052	202	1408
11.2207	3053	202	208
11.2237	3054	205	1408
11.2299	3055	204	1408
11.2332	3056	200	208
11.2361	3057	203	1408
11.2424	3058	205	1408
11.2461	3059	200	208
11.2491	3060	203	1408
11.2548	3061	202	1408
11.2585	3062	200	208
11.2615	3063	203	1408
11.2673	3064	202	1408
11.271	3065	200	208
11.274	3066	202	1408
11.2826	3067	205	1408
11.2863	3068	202	208
11.2893	3069	205	1408
11.2951	3070	202	1408
11.2988	3071	199	208
11.3018	3072	202	1408
11.308	3073	202	1408
11.3112	3074	200	208
11.3142	3075	203	1408
11.3204	3076	202	1408
11.3266	3077	202	208
11.3296	3078	205	1408
11.3329	3079	202	1408
11.339	3080	203	208
11.342	3081	206	1408
11.3482	3082	206	1408
11.3515	3083	202	208
11.3545	3084	205	1408
11.3607	3085	205	1408
11.3644	3086	200	208
11.3674	3087	203	1408
11.3731	3088	205	1408
11.3764	3089	202	208
11.3794	3090	205	1408
11.3856	3091	205	1408
11.3889	3092	202	208
11.3918	3093	205	1408
11.4009	3094	204	1408
11.4047	3095	202	208
11.4076	3096	204	1408
11.4134	3097	203	1408
11.4171	3098	200	208
11.4201	3099	202	1408
11.4263	3100	202	1408
11.4325	3101	201	208
11.4354	3102	203	1408
11.4417	3103	202	1408
11.4449	3104	198	208
11.4484	3105	201	1408
11.4541	3106	201	1408
11.4578	3107	197	208
11.4637	3108	202	1408
11.4694	3109	201	1408
11.4732	3110	199	208
11.4761	3111	201	1408
11.4819	3112	199	1408
11.4856	3113	196	208
11.4915	3114	201	1408
11.5504	3115	152	1408
11.5541	3116	150	208
11.5571	3117	153	1408
11.5629	3118	152	1408
11.5666	3119	149	208
11.5696	3120	152	1408
11.5753	3121	152	1408
11.5791	3122	150	208
11.582	3123	153	1408
11.5878	3124	152	1408
11.5915	3125	150	208
11.5945	3126	153	1408
11.6036	3127	152	1408
11.6068	3128	149	208
11.6098	3129	152	1408
11.616	3130	153	1408
11.6193	3131	149	208
11.6223	3132	152	1408
11.6285	3133	152	1408
11.6351	3134	150	208
11.6381	3135	153	1408
11.6438	3136	152	1408
11.6476	3137	149	208
11.6505	3138	152	1408
11.6563	3139	152	1408
11.6629	3140	149	208
11.6659	3141	152	1408
11.6721	3142	153	1408
11.6753	3143	149	208
11.6783	3144	152	1408
11.6845	3145	152	1408
11.6878	3146	146	208
11.6908	3147	149	1408
11.7253	3148	125	1408
11.7285	3149	123	208
11.7315	3150	125	1408
11.7372	3151	126	1408
11.741	3152	124	208
11.744	3153	126	1408
11.7497	3154	126	1408
11.7534	3155	125	208
11.7564	3156	127	1408
11.7622	3157	128	1408
11.7659	3158	126	208
11.7689	3159	128	1408
11.7746	3160	128	1408
11.7783	3161	127	208
11.7813	3162	129	1408
11.7871	3163	130	1408
11.7908	3164	128	208
11.7938	3165	130	1408
11.7995	3166	130	1408
11.8033	3167	129	208
11.8062	3168	131	1408
11.812	3169	131	1408
11.8157	3170	129	208
11.8187	3171	132	1408
11.8244	3172	132	1408
11.8282	3173	131	208
11.8311	3174	133	1408
11.8369	3175	133	1408
11.8406	3176	131	208
11.8436	3177	134	1408
11.8494	3178	134	1408
11.8531	3179	133	208
11.8561	3180	135	1408
11.8618	3181	135	1408
11.8655	3182	133	208
11.8685	3183	136	1408
11.8743	3184	136	1408
11.878	3185	134	208
11.881	3186	136	1408
11.8867	3187	137	1408
11.8905	3188	135	208
11.8934	3189	138	1408
11.8992	3190	138	1408
11.9029	3191	136	208
11.9059	3192	138	1408
11.9116	3193	139	1408
11.9154	3194	137	208
11.9183	3195	140	1408
11.9241	3196	140	1408
11.9278	3197	138	208
11.9308	3198	140	1408
11.9365	3199	141	1408
11.9403	3200	139	208
11.9432	3201	142	1408
11.949	3202	142	1408
11.9527	3203	140	208
11.9557	3204	142	1408
11.9615	3205	143	1408
11.9652	3206	141	208
11.9682	3207	143	1408
11.9739	3208	143	1408
11.9776	3209	142	208
11.9806	3210	144	1408
11.9864	3211	145	1408
11.9901	3212	143	208
11.9931	3213	145	1408
11.9988	3214	145	1408
12.0026	3215	144	208
12.0055	3216	146	1408
12.0113	3217	147	1408
12.015	3218	145	208
12.018	3219	146	1408
12.0237	3220	147	1408
12.0275	3221	146	208
12.0304	3222	148	1408
12.0362	3223	148	1408
12.0399	3224	146	208
12.0429	3225	148	1408
12.0486	3226	149	1408
12.0524	3227	148	208
12.0554	3228	150	1408
12.0611	3229	150	1408
12.0648	3230	148	208
12.0678	3231	150	1408
12.0736	3232	151	1408
12.0773	3233	150	208
12.0803	3234	152	1408
12.086	3235	152	1408
12.0897	3236	150	208
12.0927	3237	152	1408
12.0985	3238	153	1408
12.1022	3239	152	208
12.1052	3240	154	1408
12.1109	3241	153	1408
12.1147	3242	152	208
12.1176	3243	154	1408
12.1234	3244	155	1408
12.1271	3245	153	208
12.1301	3246	156	1408
12.1358	3247	155	1408
12.1396	3248	154	208
12.1425	3249	156	1408
12.1483	3250	157	1408
12.152	3251	155	208
12.155	3252	158	1408
12.1608	3253	157	1408
12.1645	3254	156	208
12.1675	3255	158	1408
12.1732	3256	159	1408
12.1769	3257	156	208
12.1799	3258	159	1408
12.1857	3259	159	1408
12.1894	3260	158	208
12.1924	3261	160	1408
12.1981	3262	161	1408
12.2019	3263	158	208
12.2048	3264	161	1408
12.2106	3265	161	1408
12.2143	3266	160	208
12.2173	3267	162	1408
12.223	3268	163	1408
12.2268	3269	160	208
12.2297	3270	163	1408
12.2355	3271	163	1408
12.2392	3272	162	208
12.2422	3273	164	1408
12.2479	3274	164	1408
12.2517	3275	162	208
12.2546	3276	165	1408
12.2604	3277	165	1408
12.2641	3278	164	208
12.2671	3279	166	1408
12.2729	3280	166	1408
12.2766	3281	164	208
12.2796	3282	166	1408
12.2853	3283	167	1408
12.289	3284	166	208
12.292	3285	168	1408
12.2978	3286	168	1408
12.3015	3287	166	208
12.3045	3288	168	1408
12.3102	3289	169	1408
12.314	3290	167	208
12.3169	3291	169	1408
12.3227	3292	170	1408
12.3264	3293	168	208
12.3294	3294	170	1408
12.3351	3295	171	1408
12.3389	3296	169	208
12.3418	3297	171	1408
12.3481	3298	172	1408
12.3513	3299	170	208
12.3543	3300	172	1408
12.36	3301	173	1408
12.3638	3302	171	208
12.3668	3303	173	1408
12.373	3304	173	1408
12.3762	3305	172	208
12.3792	3306	174	1408
12.385	3307	174	1408
12.3887	3308	173	208
12.3917	3309	175	1408
12.3974	3310	175	1408
12.4011	3311	174	208
12.4041	3312	176	1408
12.4099	3313	176	1408
12.4136	3314	175	208
12.4166	3315	177	1408
12.4223	3316	177	1408
12.4261	3317	176	208
12.429	3318	178	1408
12.4353	3319	179	1408
12.4414	3320	179	208
12.4444	3321	182	1408
12.4472	3322	179	1408
12.451	3323	177	208
12.4539	3324	179	1408
12.4602	3325	181	1408
12.4663	3326	181	208
12.4693	3327	184	1408
12.4726	3328	181	1408
12.4759	3329	179	208
12.4789	3330	181	1408
12.4851	3331	183	1408
12.4912	3332	183	208
12.4942	3333	186	1408
12.4975	3334	183	1408
12.5008	3335	181	208
12.5066	3336	186	1408
12.51	3337	184	1408
12.5133	3338	182	208
12.5162	3339	185	1408
12.5253	3340	188	1408
12.5257	3341	183	208
12.5316	3342	188	1408
12.5378	3343	189	1408
12.5382	3344	184	208
12.5411	3345	187	1408
12.5502	3346	190	1408
12.5506	3347	185	208
12.5565	3348	190	1408
12.5598	3349	188	1408
12.566	3350	188	208
12.5689	3351	191	1408
12.5723	3352	189	1408
12.5755	3353	187	208
12.5814	3354	192	1408
12.5876	3355	193	1408
12.5909	3356	190	208
12.5938	3357	192	1408
12.6001	3358	194	1408
12.6004	3359	189	208
12.6063	3360	194	1408
12.6125	3361	195	1408
12.6158	3362	192	208
12.6187	3363	194	1408
12.625	3364	195	1408
12.6254	3365	191	208
12.6312	3366	196	1408
12.6374	3367	197	1408
12.6407	3368	194	208
12.6437	3369	196	1408
12.6499	3370	197	1408
12.6531	3371	196	208
12.6561	3372	198	1408
12.6623	3373	198	1408
12.6656	3374	196	208
12.6686	3375	198	1408
12.6748	3376	199	1408
12.6781	3377	198	208
12.681	3378	200	1408
12.6873	3379	200	1408
12.6905	3380	198	208
12.6935	3381	200	1408
12.6997	3382	201	1408
12.703	3383	199	208
12.7059	3384	201	1408
12.7122	3385	202	1408
12.7154	3386	200	208
12.7184	3387	202	1408
12.7246	3388	203	1408
12.7279	3389	201	208
12.7309	3390	203	1408
12.7371	3391	204	1408
12.7403	3392	202	208
12.7433	3393	204	1408
12.7495	3394	205	1408
12.7528	3395	202	208
12.7558	3396	205	1408
12.762	3397	205	1408
12.7652	3398	204	208
12.7682	3399	206	1408
12.7744	3400	207	1408
12.7777	3401	204	208
12.7807	3402	207	1408
12.7869	3403	207	1408
12.7902	3404	206	208
12.7931	3405	208	1408
12.7994	3406	209	1408
12.8026	3407	206	208
12.8056	3408	209	1408
12.8118	3409	209	1408
12.8151	3410	208	208
12.818	3411	210	1408
12.8243	3412	211	1408
12.8275	3413	208	208
12.8305	3414	211	1408
12.8367	3415	211	1408
12.84	3416	209	208
12.843	3417	211	1408
12.8492	3418	213	1408
12.8524	3419	210	208
12.8554	3420	213	1408
12.8616	3421	213	1408
12.8649	3422	211	208
12.8679	3423	213	1408
12.8741	3424	215	1408
12.8774	3425	212	208
12.8803	3426	215	1408
12.8866	3427	215	1408
12.8898	3428	213	208
12.8928	3429	215	1408
12.899	3430	217	1408
12.9023	3431	214	208
12.9052	3432	216	1408
12.9115	3433	217	1408
12.9147	3434	215	208
12.9177	3435	217	1408
12.9239	3436	218	1408
12.9272	3437	216	208
12.9301	3438	218	1408
12.9364	3439	219	1408
12.9396	3440	217	208
12.9426	3441	219	1408
12.9488	3442	220	1408
12.9521	3443	218	208
12.9551	3444	220	1408
12.9613	3445	221	1408
12.9645	3446	219	208
12.9675	3447	221	1408
12.9737	3448	221	1408
12.977	3449	220	208
12.98	3450	221	1408
12.9862	3451	223	1408
12.9895	3452	221	208
12.9924	3453	223	1408
12.9987	3454	223	1408
13.0019	3455	221	208
13.0054	3456	224	1408
13.0111	3457	225	1408
13.0144	3458	223	208
13.0173	3459	225	1408
13.0236	3460	225	1408
13.0268	3461	223	208
13.0303	3462	226	1408
13.036	3463	227	1408
13.0393	3464	225	208
13.0423	3465	227	1408
13.0485	3466	227	1408
13.0517	3467	225	208
13.0552	3468	228	1408
13.0609	3469	228	1408
13.0642	3470	226	208
13.0672	3471	229	1408
13.0734	3472	229	1408
13.0766	3473	227	208
13.0801	3474	230	1408
13.0858	3475	230	1408
13.0896	3476	228	208
13.0926	3477	231	1408
13.0983	3478	231	1408
13.1016	3479	229	208
13.105	3480	232	1408
13.1108	3481	232	1408
13.114	3482	230	208
13.1175	3483	233	1408
13.1232	3484	233	1408
13.1265	3485	231	208
13.1299	3486	233	1408
13.1357	3487	234	1408
13.1389	3488	231	208
13.1419	3489	234	1408
13.151	3490	238	1408
13.1519	3491	233	208
13.1577	3492	238	1408
13.1606	3493	236	1408
13.1638	3494	233	208
13.1668	3495	236	1408
13.1759	3496	239	1408
13.1768	3497	235	208
13.1826	3498	240	1408
13.1855	3499	238	1408
13.1888	3500	235	208
13.1917	3501	238	1408
13.198	3502	238	1408
13.2017	3503	237	208
13.2075	3504	242	1408
13.2133	3505	243	1408
13.2141	3506	238	208
13.22	3507	242	1408
13.2229	3508	240	1408
13.2266	3509	239	208
13.2324	3510	244	1408
13.2353	3511	242	1408
13.2419	3512	242	208
13.2449	3513	244	1408
13.2507	3514	245	1408
13.251	3515	241	208
13.2574	3516	246	1408
13.2631	3517	247	1408
13.264	3518	241	208
13.2698	3519	246	1408
13.2756	3520	247	1408
13.2759	3521	242	208
13.2823	3522	248	1408
13.288	3523	248	1408
13.2889	3524	243	208
13.2947	3525	248	1408
13.3005	3526	249	1408
13.3042	3527	248	208
13.3072	3528	250	1408
13.3129	3529	249	1408
13.3138	3530	245	208
13.3196	3531	250	1408
13.3254	3532	251	1408
13.3291	3533	250	208
13.3321	3534	252	1408
13.3378	3535	251	1408
13.3416	3536	250	208
13.3445	3537	252	1408
13.3503	3538	253	1408
13.354	3539	252	208
13.357	3540	254	1408
13.3628	3541	253	1408
13.3665	3542	252	208
13.3695	3543	254	1408
13.3752	3544	255	1408
13.3789	3545	252	208
13.3819	3546	255	1408
13.3877	3547	255	1408
13.3914	3548	254	208
13.3944	3549	256	1408
13.4001	3550	257	1408
13.4039	3551	254	208
13.4068	3552	257	1408
13.4126	3553	257	1408
13.4163	3554	256	208
13.4193	3555	258	1408
13.425	3556	259	1408
13.4288	3557	256	208
13.4317	3558	259	1408
13.4375	3559	259	1408
13.4412	3560	258	208
13.4442	3561	260	1408
13.4499	3562	260	1408
13.4537	3563	258	208
13.4567	3564	261	1408
13.4633	3566	257	208
13.4662	3567	259	1408
13.472	3568	259	1408
13.4757	3569	257	208
13.4787	3570	260	1408
13.4844	3571	260	1408
13.4882	3572	259	208
13.4911	3573	261	1408
13.4969	3574	261	1408
13.5006	3575	259	208
13.5036	3576	262	1408
13.5065	3577	259	1408
13.5102	3578	258	208
13.5132	3579	260	1408
13.5189	3580	260	1408
13.5227	3581	258	208
13.5256	3582	260	1408
13.5314	3583	261	1408
13.5351	3584	260	208
13.5381	3585	262	1408
13.541	3586	259	1408
13.5447	3587	257	208
13.5477	3588	259	1408
13.5534	3589	260	1408
13.5572	3590	259	208
13.5601	3591	261	1408
13.5659	3592	261	1408
13.5696	3593	259	208
13.5726	3594	261	1408
13.5792	3596	258	208
13.5822	3597	260	1408
13.5879	3598	259	1408
13.5916	3599	258	208
13.5946	3600	260	1408
13.6041	3602	260	208
13.6071	3603	262	1408
13.6104	3604	259	1408
13.6137	3605	257	208
13.6237	3608	256	208
13.6267	3609	258	1408
13.6325	3610	258	1408
13.6362	3611	257	208
13.6392	3612	259	1408
13.6425	3613	257	1408
13.6487	3614	258	208
13.6516	3615	260	1408
13.6579	3616	260	1408
13.6587	3617	256	208
13.6674	3619	259	1408
13.6712	3620	257	208
13.6741	3621	260	1408
13.6799	3622	259	1408
13.6807	3623	255	208
13.6866	3624	260	1408
13.6895	3625	258	1408
13.6903	3626	253	208
13.6933	3627	256	1408
13.699	3628	256	1408
13.7028	3629	254	208
13.7058	3630	256	1408
13.7115	3631	257	1408
13.7152	3632	255	208
13.7182	3633	258	1408
13.724	3634	257	1408
13.7277	3635	256	208
13.7307	3636	258	1408
13.7364	3637	259	1408
13.7401	3638	257	208
13.7431	3639	260	1408
13.7489	3640	259	1408
13.7526	3641	258	208
13.7556	3642	260	1408
13.7622	3644	256	208
13.7652	3645	259	1408
13.7709	3646	258	1408
13.7738	3647	256	1411
13.7775	3648	254	208
13.7805	3649	257	1408
13.7862	3650	257	1408
13.79	3651	255	208
13.7929	3652	257	1408
13.7987	3653	258	1408
13.8024	3654	256	208
13.8054	3655	259	1408
13.8112	3656	259	1408
13.8149	3657	257	208
13.8179	3658	259	1408
13.8207	3659	257	1408
13.8245	3660	255	208
13.8274	3661	258	1408
13.8428	3662	248	1408
13.846	3663	249	208
13.8519	3664	248	1408
13.8581	3665	250	1408
13.8614	3666	247	208
13.8643	3667	249	1408
13.8706	3668	249	1408
13.8738	3669	246	208
13.8768	3670	247	1411
13.8797	3671	245	1408
13.8826	3672	242	1408
13.8829	3673	236	208
13.8859	3674	238	1408
13.8888	3675	235	1408
13.8945	3676	236	1411
13.8954	3677	231	208
13.9012	3678	236	1408
13.9041	3679	233	1408
13.9099	3680	232	1411
13.9161	3681	234	1411
13.9194	3682	231	208
13.9223	3683	233	1408
13.9257	3684	230	1408
13.929	3685	227	208
13.9319	3686	230	1408
13.9377	3687	230	1408
13.9409	3688	227	208
13.9439	3689	229	1408
13.9501	3690	230	1411
13.9559	3691	229	1408
13.9592	3692	228	208
13.9621	3693	230	1408
13.965	3694	227	1408
13.9687	3695	224	208
13.9717	3696	226	1408
13.9775	3697	227	1408
13.9807	3698	224	208
13.9837	3699	226	1408
13.9899	3700	226	1408
13.9932	3701	224	208
13.9962	3702	227	1408
13.999	3703	224	1408
14.0023	3704	221	208
14.0053	3705	223	1408
14.0081	3706	220	1408
14.0085	3707	214	208
14.0115	3708	217	1408
14.0144	3709	214	1408
14.0147	3710	208	208
14.0177	3711	210	1408
14.0206	3712	207	1411
14.0235	3713	205	1408
14.0239	3714	199	208
14.0268	3715	201	1408
14.0297	3716	198	1408
14.0301	3717	193	208
14.0331	3718	195	1408
14.0359	3719	192	1408
14.0363	3720	187	208
14.0393	3721	189	1408
14.0422	3722	186	1408
14.0425	3723	180	208
14.0455	3724	183	1408
14.0484	3725	180	1408
14.0488	3726	174	208
14.0517	3727	176	1408
14.0546	3728	173	1408
14.055	3729	168	208
14.058	3730	170	1408
14.0608	3731	167	1408
14.0641	3732	165	208
14.0671	3733	167	1408
14.0733	3734	168	1408
14.0737	3735	162	208
14.0795	3736	167	1408
14.0853	3737	168	1408
14.089	3738	166	208
14.092	3739	167	1408
14.0977	3740	167	1408
14.1015	3741	166	208
14.1045	3742	168	1408
14.1102	3743	168	1408
14.1139	3744	165	208
14.1169	3745	168	1408
14.1227	3746	168	1408
14.1264	3747	166	208
14.1322	3748	171	1408
14.1351	3749	169	1408
14.1389	3750	166	208
14.1418	3751	168	1408
14.1447	3752	165	1408
14.1451	3753	161	208
14.1481	3754	163	1408
14.1538	3755	162	1408
14.1542	3756	158	208
14.1572	3757	160	1408
14.1634	3758	160	1408
14.1666	3759	157	208
14.173	3760	162	1408
14.1758	3761	160	1408
14.1791	3762	158	208
14.1821	3763	160	1408
14.1883	3764	161	1408
14.1916	3765	158	208
14.1945	3766	160	1408
14.2008	3767	160	1408
14.204	3768	159	208
14.207	3769	160	1408
14.2103	3770	158	1408
14.2107	3771	152	208
14.2137	3772	155	1408
14.2194	3773	155	1408
14.226	3774	156	208
14.229	3775	158	1408
14.2319	3776	155	1408
14.2351	3777	153	208
14.2386	3778	155	1408
14.2443	3779	156	1408
14.2476	3780	153	208
14.2506	3781	155	1408
14.2535	3782	152	1408
14.2538	3783	147	208
14.2568	3784	149	1408
14.2597	3785	146	1408
14.2601	3786	141	208
14.263	3787	144	1408
14.2659	3788	140	1408
14.2663	3789	135	208
14.2693	3790	137	1408
14.2721	3791	135	1408
14.2725	3792	129	208
14.2755	3793	131	1408
14.2784	3794	128	1408
14.2821	3795	127	208
14.2851	3796	129	1408
14.2908	3797	128	1408
14.2945	3798	127	208
14.2975	3799	129	1408
14.3033	3800	129	1408
14.307	3801	127	208
14.31	3802	129	1408
14.3157	3803	129	1408
14.3195	3804	127	208
14.3224	3805	129	1408
14.3282	3806	130	1408
14.3319	3807	127	208
14.3349	3808	129	1408
14.3406	3809	129	1408
14.3444	3810	128	208
14.3473	3811	130	1408
14.3531	3812	130	1408
14.3568	3813	128	208
14.3598	3814	130	1408
14.3656	3815	130	1408
14.3722	3816	131	208
14.3751	3817	133	1408
14.3785	3818	131	1408
14.3846	3819	131	208
14.3876	3820	133	1408
14.3905	3821	131	1408
14.3942	3822	130	208
14.4	3823	135	1408
14.4034	3824	132	1408
14.4067	3825	130	208
14.4096	3826	132	1408
14.4159	3827	133	1408
14.4191	3828	132	208
14.4221	3829	134	1408
14.4278	3830	133	1408
14.4316	3831	132	208
14.4374	3832	137	1408
14.4403	3833	135	1408
14.444	3834	133	208
14.447	3835	135	1408
14.4527	3836	135	1408
14.4565	3837	134	208
14.4594	3838	136	1408
14.4652	3839	137	1408
14.4689	3840	134	208
14.4719	3841	137	1408
14.4777	3842	137	1408
14.4814	3843	136	208
14.4844	3844	138	1408
14.4901	3845	139	1408
14.4938	3846	136	208
14.4968	3847	139	1408
14.5026	3848	139	1408
14.5063	3849	138	208
14.5093	3850	140	1408
14.515	3851	141	1408
14.5188	3852	138	208
14.5217	3853	141	1408
14.5275	3854	141	1408
14.5312	3855	140	208
14.5342	3856	142	1408
14.5399	3857	142	1408
14.5437	3858	140	208
14.5466	3859	143	1408
14.5524	3860	143	1408
14.5561	3861	142	208
14.5591	3862	144	1408
14.5648	3863	144	1408
14.5686	3864	142	208
14.5716	3865	145	1408
14.5773	3866	145	1408
14.581	3867	144	208
14.584	3868	146	1408
14.5898	3869	147	1408
14.5901	3870	144	208
14.5931	3871	146	1408
14.5993	3872	148	1408
14.6026	3873	146	208
14.6056	3874	149	1408
14.6118	3875	150	1408
14.6151	3876	150	208
14.618	3877	152	1408
14.6209	3878	150	1408
14.6246	3879	150	208
14.6276	3880	152	1408
14.6334	3881	154	1408
14.6337	3882	150	208
14.6372	3883	153	1408
14.6429	3884	154	1408
14.6462	3885	153	208
14.6492	3886	156	1408
14.6554	3887	158	1408
14.6587	3888	156	208
14.6616	3889	159	1408
14.665	3890	157	1408
14.6682	3891	157	208
14.6712	3892	159	1408
14.677	3893	160	1408
14.6807	3894	160	208
14.6837	3895	162	1408
14.6894	3896	164	1408
14.6898	3897	160	208
14.6932	3898	163	1408
14.699	3899	164	1408
14.7022	3900	163	208
14.7052	3901	166	1408
14.7114	3902	167	1408
14.7147	3903	166	208
14.7177	3904	169	1408
14.721	3905	168	1408
14.7243	3906	167	208
14.7273	3907	169	1408
14.733	3908	171	1408
14.7339	3909	167	208
14.7397	3910	172	1408
14.7426	3911	171	1408
14.7458	3912	170	208
14.7488	3913	172	1408
14.755	3914	175	1408
14.7583	3915	173	208
14.7613	3916	176	1408
14.7646	3917	174	1408
14.7679	3918	173	208
14.7737	3919	178	1408
14.7766	3920	177	1408
14.7803	3921	177	208
14.7833	3922	179	1408
14.7891	3923	181	1408
14.7894	3924	177	208
14.7929	3925	179	1408
14.7986	3926	181	1408
14.8019	3927	179	208
14.8049	3928	182	1408
14.8111	3929	185	1408
14.8115	3930	180	208
14.8144	3931	183	1408
14.8202	3932	184	1408
14.8239	3933	183	208
14.8269	3934	185	1408
14.8327	3935	187	1408
14.8335	3936	184	208
14.8394	3937	189	1408
14.8451	3938	191	1408
14.8455	3939	187	208
14.8485	3940	189	1408
14.8547	3941	191	1408
14.8579	3942	189	208
14.8609	3943	192	1408
14.8671	3944	194	1408
14.8675	3945	190	208
14.8705	3946	193	1408
14.8763	3947	194	1408
14.88	3948	193	208
14.883	3949	195	1408
14.8887	3950	197	1408
14.8891	3951	194	208
14.8925	3952	196	1408
14.8983	3953	198	1408
14.9015	3954	197	208
14.9045	3955	199	1408
14.9107	3956	201	1408
14.914	3957	199	208
14.917	3958	202	1408
14.9203	3959	201	1408
14.9236	3960	200	208
14.9265	3961	202	1408
14.9323	3962	204	1408
14.936	3963	204	208
14.939	3964	206	1408
14.9419	3965	204	1408
14.9451	3966	204	208
14.9486	3967	206	1408
14.9543	3968	208	1408
14.9576	3969	206	208
14.9606	3970	209	1408
14.9668	3971	211	1408
14.9672	3972	207	208
14.9701	3973	210	1408
14.9759	3974	210	1408
14.9796	3975	210	208
14.9826	3976	212	1408
14.9884	3977	214	1408
14.9887	3978	210	208
14.9951	3979	216	1408
14.9979	3980	214	1408
15.0012	3981	214	208
15.0042	3982	216	1408
15.0104	3983	218	1408
15.0136	3984	217	208
15.0166	3985	219	1408
15.02	3986	218	1408
15.0232	3987	218	208
15.0262	3988	220	1408
15.0319	3989	221	1408
15.0357	3990	220	208
15.0387	3991	223	1408
15.0444	3992	225	1408
15.0448	3993	221	208
15.0478	3994	223	1408
15.054	3995	225	1408
15.0572	3996	225	208
15.0602	3997	227	1408
15.0636	3998	226	1408
15.0668	3999	225	208
15.0698	4000	227	1408
15.0755	4001	229	1408
15.0793	4002	229	208
15.0822	4003	231	1408
15.088	4004	233	1408
15.0884	4005	229	208
15.0918	4006	231	1408
15.0976	4007	233	1408
15.1008	4008	232	208
15.1038	4009	234	1408
15.11	4010	237	1408
15.1104	4011	233	208
15.1134	4012	236	1408
15.1191	4013	238	1408
15.1229	4014	237	208
15.1258	4015	239	1408
15.1287	4016	238	1408
15.132	4017	237	208
15.1349	4018	239	1408
15.1412	4019	242	1408
15.1444	4020	241	208
15.1474	4021	244	1408
15.1508	4022	243	1408
15.154	4023	243	208
15.157	4024	244	1408
15.1627	4025	246	1408
15.1636	4026	243	208
15.1694	4027	248	1408
15.1752	4028	250	1408
15.1756	4029	246	208
15.1785	4030	249	1408
15.1848	4031	251	1408
15.1852	4032	248	208
15.191	4033	253	1408
15.1939	4034	251	1408
15.1976	4035	251	208
15.2006	4036	253	1408
15.2063	4037	255	1408
15.2101	4038	255	208
15.213	4039	258	1408
15.2159	4040	256	1408
15.2192	4041	256	208
15.2221	4042	258	1408
15.2284	4043	260	1408
15.2288	4044	256	208
15.2317	4045	258	1408
15.2375	4046	260	1408
15.2412	4047	260	208
15.2479	4050	255	208
15.2509	4051	257	1408
15.2566	4052	256	1408
15.2604	4053	253	208
15.2662	4054	258	1408
15.2724	4055	258	1408
15.2757	4056	254	208
15.2787	4057	256	1408
15.2849	4058	255	1408
15.2882	4059	252	208
15.2916	4060	254	1408
15.3002	4061	257	1408
15.3011	4062	251	208
15.3069	4063	255	1408
15.3127	4064	254	1408
15.3164	4065	251	208
15.3194	4066	253	1408
15.3251	4067	253	1408
15.3289	4068	249	208
15.3347	4069	254	1408
15.341	4070	253	1408
15.3442	4071	250	208
15.3472	4072	253	1408
15.3534	4073	252	1408
15.3571	4074	249	208
15.3601	4075	251	1408
15.3659	4076	249	1408
15.3691	4077	247	208
15.3721	4078	249	1408
15.3783	4079	248	1408
15.3816	4080	244	208
15.3845	4081	246	1408
15.3908	4082	245	1408
15.3945	4083	243	208
15.3975	4084	245	1408
15.4032	4085	244	1408
15.4065	4086	240	208
15.4099	4087	242	1408
15.4157	4088	243	1408
15.4189	4089	241	208
15.4219	4090	244	1408
15.4253	4091	242	1408
15.4285	4092	240	208
15.4315	4093	243	1408
15.4372	4094	244	1408
15.441	4095	242	208
15.4439	4096	244	1408
15.4468	4097	242	1408
15.4501	4098	241	208
15.4531	4099	243	1408
15.4593	4100	244	1408
15.4597	4101	239	208
15.4626	4102	241	1408
15.4689	4103	242	1408
15.4721	4104	241	208
15.4751	4105	243	1408
15.4808	4106	243	1408
15.4817	4107	239	208
15.4847	4108	241	1408
15.4904	4109	242	1408
15.4937	4110	240	208
15.4966	4111	243	1408
15.5029	4112	244	1408
15.5061	4113	242	208
15.5091	4114	245	1408
15.5125	4115	243	1408
15.5157	4116	241	208
15.5187	4117	243	1408
15.5244	4118	244	1408
15.5253	4119	240	208
15.5283	4120	242	1408
15.534	4121	243	1408
15.5373	4122	241	208
15.5402	4123	243	1408
15.5465	4124	244	1411
15.5494	4125	242	1411
15.5551	4126	243	1408
15.5588	4127	241	208
15.5618	4128	243	1408
15.5647	4129	241	1408
15.568	4130	239	208
15.5709	4131	242	1408
15.5772	4132	243	1408
15.5804	4133	241	208
15.5834	4134	244	1408
15.5896	4135	245	1408
15.5929	4136	243	208
15.5958	4137	245	1408
15.6021	4138	247	1408
15.6053	4139	245	208
15.6083	4140	247	1408
15.6145	4141	248	1408
15.6178	4142	246	208
15.6207	4143	248	1408
15.627	4144	249	1408
15.6302	4145	248	208
15.6332	4146	250	1408
15.6366	4147	248	1408
15.6398	4148	246	208
15.6428	4149	249	1408
15.6485	4150	250	1408
15.6523	4151	249	208
15.6552	4152	251	1408
15.661	4153	251	1408
15.6647	4154	250	208
15.6677	4155	252	1408
15.6734	4156	253	1408
15.6772	4157	252	208
15.6802	4158	254	1408
15.6859	4159	254	1408
15.6868	4160	250	208
15.6926	4161	255	1408
15.6984	4162	256	1408
15.6987	4163	251	208
15.7017	4164	254	1408
15.7108	4165	257	1408
15.7112	4166	253	208
15.7142	4167	256	1408
15.7204	4168	257	1408
15.7236	4169	255	208
15.7266	4170	257	1408
15.7329	4171	258	1408
15.7361	4172	257	208
15.7391	4173	259	1408
15.7453	4174	260	1408
15.7486	4175	258	208
15.7515	4176	260	1408
15.7581	4178	257	208
15.7611	4179	259	1408
15.7645	4180	257	1408
15.7706	4181	258	208
15.7736	4182	261	1408
15.7764	4183	259	1408
15.7802	4184	258	208
15.7831	4185	260	1408
15.7889	4186	260	1408
15.7926	4187	259	208
15.7956	4188	261	1408
15.7985	4189	259	1408
15.8022	4190	258	208
15.8052	4191	260	1408
15.8109	4192	260	1408
15.8142	4193	259	208
15.8172	4194	261	1408
15.8205	4195	259	1408
15.8238	4196	257	208
15.8267	4197	260	1408
15.8325	4198	260	1408
15.8334	4199	256	208
15.8363	4200	259	1408
15.8421	4201	260	1408
15.8425	4202	255	208
15.8459	4203	257	1408
15.8517	4204	258	1408
15.8549	4205	256	208
15.8579	4206	258	1408
15.8612	4207	257	1408
15.8645	4208	255	208
15.8675	4209	257	1408
15.8732	4210	258	1408
15.8741	4211	254	208
15.877	4212	256	1408
15.8828	4213	256	1408
15.8861	4214	255	208
15.889	4215	258	1408
15.8953	4216	259	1408
15.8956	4217	254	208
15.9015	4218	259	1408
15.9048	4219	257	1408
15.9081	4220	256	208
15.9111	4221	258	1408
15.9168	4222	258	1408
15.9177	4223	254	208
15.9235	4224	259	1408
15.9264	4225	257	1408
15.9297	4226	255	208
15.9331	4227	258	1408
15.9389	4228	258	1408
15.9421	4229	257	208
15.9451	4230	260	1408
15.9513	4231	260	1408
15.9546	4232	258	208
15.9575	4233	261	1408
15.9609	4234	259	1408
15.9613	4235	255	208
15.9642	4236	257	1408
15.97	4237	257	1408
15.9737	4238	256	208
15.9767	4239	258	1408
15.9824	4240	259	1408
15.9833	4241	255	208
15.9863	4242	257	1408
15.992	4243	258	1408
15.9953	4244	256	208
15.9987	4245	258	1408
16.0045	4246	259	1408
16.0077	4247	257	208
16.0107	4248	260	1408
16.0169	4249	261	1408
16.0202	4250	260	208
16.0232	4251	262	1408
16.0265	4252	260	1408
16.0269	4253	255	208
16.0299	4254	257	1408
16.0356	4255	258	1408
16.0394	4256	257	208
16.0423	4257	259	1408
16.0481	4258	260	1408
16.0489	4259	255	208
16.0548	4260	259	1408
16.0605	4261	260	1408
16.0609	4262	255	208
16.0672	4263	259	1411
16.0701	4264	257	1408
16.0763	4265	258	1408
16.0796	4266	256	208
16.0826	4267	259	1408
16.0883	4268	260	1408
16.0921	4269	259	208
16.095	4270	261	1408
16.0988	4272	254	208
16.1046	4273	259	1408
16.1104	4274	260	1408
16.1107	4275	255	208
16.1142	4276	258	1408
16.1199	4277	258	1408
16.1232	4278	257	208
16.1262	4279	259	1408
16.1324	4280	260	1408
16.1357	4281	258	208
16.1386	4282	261	1408
16.1424	4284	254	208
16.1453	4285	257	1408
16.1511	4286	258	1408
16.1519	4287	253	208
16.1578	4288	258	1408
16.1635	4289	259	1408
16.1673	4290	253	208
16.1702	4291	253	1408
16.176	4292	252	1408
16.1769	4293	248	208
16.1798	4294	251	1408
16.1885	4295	254	1408
16.1888	4296	249	208
16.1947	4297	254	1408
16.1976	4298	252	1408
16.2013	4299	251	208
16.2071	4300	256	1408
16.21	4301	254	1408
16.2138	4302	252	208
16.2167	4303	254	1408
16.2225	4304	255	1408
16.2233	4305	250	208
16.2263	4306	253	1408
16.2321	4307	253	1408
16.2353	4308	251	208
16.2383	4309	253	1408
16.2445	4310	254	1408
16.2478	4311	252	208
16.2507	4312	254	1408
16.2541	4313	253	1408
16.2573	4314	251	208
16.2603	4315	253	1408
16.2661	4316	254	1408
16.2669	4317	249	208
16.2699	4318	251	1408
16.2757	4319	252	1408
16.2794	4320	250	208
16.2824	4321	253	1408
16.2881	4322	253	1408
16.2914	4323	251	208
16.2943	4324	253	1408
16.3006	4325	254	1408
16.3038	4326	252	208
16.3068	4327	254	1408
16.3125	4328	255	1408
16.3129	4329	250	208
16.3164	4330	253	1408
16.3221	4331	254	1408
16.3254	4332	252	208
16.3284	4333	254	1408
16.3346	4334	255	1408
16.3378	4335	252	208
16.3408	4336	255	1408
16.347	4337	256	1408
16.3474	4338	251	208
16.3533	4339	256	1408
16.3561	4340	254	1408
16.3599	4341	252	208
16.3628	4342	254	1408
16.3686	4343	255	1408
16.3723	4344	254	208
16.3753	4345	256	1408
16.3811	4346	257	1408
16.3843	4347	255	208
16.3873	4348	257	1408
16.3906	4349	255	1408
16.3939	4350	252	208
16.3969	4351	255	1408
16.4026	4352	255	1408
16.4089	4353	256	1411
16.4121	4354	255	208
16.4151	4355	257	1408
16.4213	4356	258	1408
16.4217	4357	253	208
16.4247	4358	255	1408
16.4304	4359	256	1408
16.4341	4360	255	208
16.4371	4361	257	1408
16.4429	4362	257	1408
16.4466	4363	255	208
16.4496	4364	258	1408
16.4553	4365	258	1411
16.4582	4366	256	1408
16.4619	4367	254	208
16.4649	4368	256	1408
16.4707	4369	257	1408
16.4744	4370	256	208
16.4774	4371	258	1408
16.4831	4372	259	1408
16.4869	4373	257	208
16.4898	4374	259	1408
16.4927	4375	257	1408
16.496	4376	255	208
16.4989	4377	257	1408
16.5052	4378	259	1408
16.5084	4379	257	208
16.5114	4380	259	1408
16.5176	4381	260	1408
16.5209	4382	258	208
16.5238	4384	256	1408
16.5276	4385	254	208
16.5305	4386	257	1408
16.5363	4387	258	1408
16.5372	4388	254	208
16.543	4389	259	1408
16.5488	4390	259	1408
16.5491	4391	255	208
16.5526	4392	257	1408
16.5583	4393	258	1408
16.5616	4394	256	208
16.5646	4395	258	1408
16.5708	4396	259	1408
16.574	4397	258	208
16.577	4398	260	1408
16.5799	4399	257	1408
16.5836	4400	256	208
16.5866	4401	258	1408
16.5924	4402	259	1408
16.5961	4403	258	208
16.5991	4404	261	1408
16.6057	4406	256	208
16.6086	4407	259	1408
16.6115	4408	257	1408
16.6148	4409	255	208
16.6177	4410	257	1408
16.624	4411	258	1408
16.6272	4412	257	208
16.6302	4413	259	1408
16.6364	4414	260	1408
16.6368	4415	255	208
16.6427	4416	260	1408
16.6455	4417	258	1408
16.6493	4418	257	208
16.6522	4419	259	1408
16.658	4420	259	1408
16.6588	4421	255	208
16.6647	4422	260	1408
16.6676	4423	258	1408
16.6708	4424	256	208
16.6738	4425	259	1408
16.68	4426	261	1408
16.6804	4427	256	208
16.6862	4428	261	1408
16.6891	4429	259	1408
16.6929	4430	257	208
16.6958	4431	259	1408
16.7016	4432	260	1408
16.7024	4433	256	208
16.7083	4434	261	1408
16.714	4435	262	1408
16.7144	4436	257	208
16.7174	4437	259	1408
16.7236	4438	260	1408
16.7269	4439	258	208
16.7298	4440	260	1408
16.7361	4441	262	1408
16.7365	4442	257	208
16.7394	4443	259	1408
16.7452	4444	260	1408
16.7489	4445	258	208
16.7519	4446	261	1408
16.7576	4447	262	1408
16.758	4448	258	208
16.7615	4449	260	1408
16.7672	4450	261	1408
16.7705	4451	259	208
16.7734	4452	261	1408
16.7768	4453	259	1408
16.7772	4454	255	208
16.783	4455	260	1408
16.7864	4456	258	1408
16.7925	4457	259	208
16.7955	4458	261	1408
16.8017	4459	262	1408
16.8021	4460	258	208
16.8079	4462	257	1408
16.8117	4463	256	208
16.8146	4464	259	1408
16.8209	4465	259	1408
16.8241	4466	258	208
16.83	4468	257	1408
16.8362	4469	259	1411
16.8395	4470	257	208
16.8424	4471	260	1408
16.8487	4472	261	1408
16.8519	4473	258	208
16.8549	4474	261	1408
16.8615	4476	258	208
16.8645	4477	260	1408
16.8707	4478	261	1408
16.8739	4479	259	208
16.8769	4480	261	1408
16.8831	4481	263	1408
16.8835	4482	258	208
16.8894	4483	262	1408
16.896	4485	258	208
16.899	4486	261	1408
16.9023	4487	260	1408
16.9027	4488	255	208
16.9085	4489	259	1408
16.9148	4490	259	1411
16.9205	4491	260	1408
16.9243	4492	259	208
16.9272	4493	262	1408
16.933	4494	262	1408
16.9334	4495	258	208
16.9363	4496	260	1408
16.9392	4497	258	1408
16.9425	4498	256	208
16.9459	4499	258	1408
16.9517	4500	259	1408
16.9549	4501	257	208
16.9584	4502	260	1408
16.9641	4503	261	1408
16.9645	4504	256	208
16.9675	4505	258	1408
16.9737	4506	259	1408
16.977	4507	257	208
16.9799	4508	259	1408
16.9862	4509	261	1408
16.9894	4510	259	208
16.9924	4511	262	1408
16.9986	4512	262	1408
17.0019	4513	260	208
17.0082	4515	262	1408
17.0114	4516	260	208
17.0144	4517	262	1408
17.0182	4519	256	208
17.024	4520	259	1408
17.0302	4521	261	1408
17.0335	4522	259	208
17.0365	4523	262	1408
17.0431	4525	259	208
17.046	4526	260	1408
17.0494	4527	258	1408
17.0526	4528	256	208
17.0556	4529	259	1408
17.0614	4530	260	1408
17.0646	4531	258	208
17.0705	4533	258	1408
17.0742	4534	257	208
17.0772	4535	259	1408
17.0829	4536	259	1408
17.0867	4537	258	208
17.0896	4538	260	1408
17.0954	4539	261	1408
17.102	4540	256	208
17.105	4541	259	1408
17.1112	4542	260	1408
17.1169	4543	258	1411
17.1207	4544	257	208
17.1237	4545	259	1408
17.1294	4546	260	1408
17.1298	4547	255	208
17.1332	4548	258	1408
17.1419	4549	261	1411
17.1447	4550	259	1408
17.1485	4551	258	208
17.1514	4552	260	1408
17.1572	4553	261	1408
17.1576	4554	255	208
17.1605	4555	258	1408
17.1668	4556	258	1408
17.1725	4557	259	1411
17.1763	4558	258	208
17.1792	4559	260	1408
17.1821	4560	258	1408
17.1854	4561	256	208
17.1883	4562	258	1408
17.1946	4563	259	1408
17.1978	4564	256	208
17.2008	4565	259	1408
17.2037	4566	256	1411
17.2099	4567	257	1408
17.2132	4568	256	208
17.2161	4569	258	1408
17.2195	4570	256	1408
17.2227	4571	254	208
17.2257	4572	256	1408
17.2315	4573	257	1408
17.2323	4574	253	208
17.2382	4575	258	1408
17.2411	4576	256	1408
17.2443	4577	253	208
17.2473	4578	256	1408
17.2535	4579	256	1408
17.2568	4580	254	208
17.2597	4581	256	1408
17.2626	4582	254	1408
17.2659	4583	252	208
17.2688	4584	254	1408
17.2751	4585	256	1408
17.2783	4586	254	208
17.2813	4587	256	1408
17.2842	4588	254	1408
17.2884	4589	252	208
17.2914	4590	255	1408
17.2971	4591	255	1408
17.2975	4592	250	208
17.3033	4593	255	1408
17.3062	4594	253	1408
17.3125	4595	254	1411
17.3157	4596	252	208
17.3187	4597	254	1408
17.3216	4598	252	1411
17.3273	4599	253	1408
17.3311	4600	251	208
17.334	4601	254	1408
17.3398	4602	253	1408
17.3402	4603	249	208
17.3465	4604	254	1408
17.3494	4605	252	1411
17.3522	4606	250	1408
17.3526	4607	245	208
17.3556	4608	247	1408
17.3585	4609	245	1408
17.3589	4610	239	208
17.3618	4611	242	1408
17.3676	4612	242	1411
17.3738	4613	243	1408
17.3742	4614	239	208
17.38	4615	244	1408
17.3829	4616	241	1408
17.3866	4617	240	208
17.3896	4618	242	1408
17.3954	4619	243	1408
17.3996	4620	242	208
17.4026	4621	244	1408
17.4083	4622	245	1408
17.412	4623	244	208
17.415	4624	246	1408
17.4208	4625	246	1408
17.4245	4626	245	208
17.4275	4627	247	1408
17.4332	4628	248	1408
17.4336	4629	243	208
17.437	4630	246	1408
17.4457	4631	249	1408
17.4465	4632	245	208
17.4495	4633	248	1408
17.4553	4634	248	1408
17.4585	4635	246	208
17.4615	4636	249	1408
17.4677	4637	250	1408
17.471	4638	248	208
17.4739	4639	250	1408
17.4797	4640	251	1408
17.4834	4641	250	208
17.4864	4642	252	1408
17.4922	4643	253	1408
17.4959	4644	251	208
17.4989	4645	253	1408
17.5046	4646	254	1408
17.5055	4647	250	208
17.5113	4648	255	1408
17.5142	4649	253	1408
17.5174	4650	251	208
17.5204	4651	254	1408
17.5266	4652	255	1408
17.5299	4653	253	208
17.5329	4654	255	1408
17.5391	4655	257	1408
17.5424	4656	255	208
17.5453	4657	257	1408
17.5516	4658	258	1408
17.5548	4659	256	208
17.5578	4660	258	1408
17.5611	4661	257	1408
17.5644	4662	255	208
17.5702	4663	260	1408
17.5736	4664	258	1408
17.5769	4665	256	208
17.5798	4666	259	1408
17.5856	4667	259	1408
17.5893	4668	258	208
17.5923	4669	261	1408
17.5989	4671	257	208
17.6019	4672	259	1408
17.6076	4673	260	1408
17.6085	4674	256	208
17.6143	4675	261	1408
17.6172	4676	259	1408
17.6204	4677	257	208
17.6268	4679	257	1408
17.63	4680	256	208
17.633	4681	257	1408
17.6392	4682	259	1408
17.6425	4683	257	208
17.6455	4684	260	1408
17.6517	4685	261	1408
17.6549	4686	259	208
17.6584	4688	257	1408
17.6645	4689	258	208
17.6675	4690	260	1408
17.6708	4691	258	1408
17.6741	4692	257	208
17.6771	4693	259	1408
17.6828	4694	259	1408
17.6866	4695	258	208
17.6895	4696	260	1408
17.6953	4697	261	1408
17.699	4698	260	208
17.702	4699	262	1408
17.7049	4700	259	1408
17.7052	4701	255	208
17.7082	4702	258	1408
17.7111	4703	257	1408
17.7143	4704	256	208
17.7173	4705	258	1408
17.7235	4706	260	1408
17.7239	4707	256	208
17.7269	4708	259	1408
17.7298	4709	258	1408
17.7335	4710	257	208
17.7365	4711	260	1408
17.7393	4712	259	1408
17.7426	4713	258	208
17.7456	4714	260	1408
17.7485	4715	259	1408
17.7522	4716	259	208
17.7552	4717	262	1408
17.758	4718	261	1408
17.7584	4719	257	208
17.7647	4721	258	1408
17.768	4722	257	208
17.771	4723	259	1408
17.7772	4724	262	1408
17.7776	4725	258	208
17.7834	4727	260	1408
17.7838	4728	256	208
17.7868	4729	258	1408
17.793	4730	261	1408
17.7963	4731	260	208
17.7992	4733	258	1408
17.803	4734	257	208
17.8088	4736	259	1408
17.8092	4737	256	208
17.8122	4738	258	1408
17.8184	4739	260	1408
17.8216	4740	259	208
17.8251	4742	258	1408
17.8284	4743	257	208
17.8313	4744	260	1408
17.8342	4745	259	1408
17.8379	4746	258	208
17.8409	4747	260	1408
17.8438	4748	259	1408
17.8442	4749	256	208
17.8471	4750	258	1408
17.8534	4751	260	1408
17.8537	4752	256	208
17.8567	4753	259	1408
17.8596	4754	258	1408
17.86	4755	254	208
17.8629	4756	256	1408
17.8692	4757	259	1408
17.8724	4758	258	208
17.8754	4759	260	1408
17.8783	4760	259	1408
17.8791	4761	256	208
17.8821	4762	259	1408
17.8878	4763	260	1408
17.8882	4764	257	208
17.8946	4766	258	1408
17.8978	4767	257	208
17.9008	4768	259	1408
17.907	4770	258	1411
17.9074	4771	254	208
17.9104	4772	257	1408
17.9161	4773	259	1408
17.9199	4774	258	208
17.9228	4775	260	1408
17.9257	4776	259	1408
17.9261	4777	256	208
17.9291	4778	258	1408
17.9353	4779	260	1408
17.9693	4780	230	1411
17.9784	4781	229	1411
17.9817	4782	226	208
17.9846	4783	228	1408
17.9909	4784	227	1408
17.9946	4785	224	208
18.0004	4786	229	1408
18.0062	4787	229	1408
18.0099	4788	225	208
18.0129	4789	227	1408
18.0187	4790	226	1408
18.019	4791	220	208
18.022	4792	222	1408
18.0282	4793	222	1408
18.0315	4794	218	208
18.0345	4795	220	1408
18.0402	4796	219	1411
18.0465	4797	219	1408
18.0522	4798	218	1411
18.0526	4799	211	208
18.0589	4800	216	1408
18.0647	4801	215	1411
18.0704	4802	215	1408
18.0733	4803	213	1411
18.077	4804	212	208
18.08	4805	214	1408
18.0858	4806	214	1408
18.092	4807	216	1411
18.0953	4808	214	208
18.0982	4809	216	1408
18.1045	4810	217	1408
18.1048	4811	212	208
18.1107	4812	217	1408
18.1169	4813	218	1408
18.1173	4814	214	208
18.1203	4815	216	1408
18.126	4816	217	1408
18.1298	4817	215	208
18.1327	4818	218	1408
18.1385	4819	219	1408
18.1389	4820	214	208
18.1447	4821	219	1408
18.1476	4822	217	1408
18.1513	4823	216	208
18.1543	4824	218	1408
18.16	4825	219	1408
18.1658	4826	219	1411
18.1662	4827	215	208
18.1692	4828	217	1408
18.1749	4829	218	1408
18.1812	4830	220	1411
18.1815	4831	215	208
18.1874	4832	220	1408
18.1907	4833	218	1408
18.194	4834	216	208
18.197	4835	218	1408
18.2027	4836	220	1408
18.2031	4837	216	208
18.2089	4838	220	1408
18.2123	4839	219	1408
18.2156	4840	217	208
18.2185	4841	220	1408
18.2243	4842	221	1408
18.228	4843	220	208
18.231	4844	221	1408
18.2367	4845	222	1408
18.2371	4846	219	208
18.2401	4847	221	1408
18.2458	4848	221	1408
18.2496	4849	220	208
18.2525	4850	222	1408
18.2583	4851	224	1408
18.2592	4852	220	208
18.265	4853	225	1408
18.2708	4854	225	1408
18.2711	4855	221	208
18.2741	4856	224	1408
18.2803	4857	225	1408
18.2836	4858	223	208
18.2866	4859	225	1408
18.2899	4860	223	1408
18.2932	4861	223	208
18.2961	4862	225	1408
18.3019	4863	225	1408
18.3056	4864	224	208
18.3086	4865	226	1408
18.3144	4866	228	1408
18.3147	4867	223	208
18.3182	4868	226	1408
18.3239	4869	226	1408
18.3272	4870	225	208
18.3302	4871	228	1408
18.3364	4872	227	1408
18.3396	4873	225	208
18.3426	4874	228	1408
18.3488	4875	228	1408
18.3521	4876	228	208
18.3551	4877	230	1408
18.3579	4878	227	1408
18.3617	4879	226	208
18.3647	4880	229	1408
18.3704	4881	228	1408
18.3741	4882	226	208
18.3771	4883	229	1408
18.3829	4884	228	1408
18.3866	4885	226	208
18.3896	4886	229	1408
18.3953	4887	228	1408
18.3962	4888	225	208
18.402	4889	230	1408
18.4049	4890	227	1408
18.4082	4891	226	208
18.4111	4892	229	1408
18.4174	4893	229	1408
18.4206	4894	226	208
18.4236	4895	229	1408
18.4298	4896	230	1408
18.4331	4897	229	208
18.436	4898	231	1408
18.4394	4899	229	1408
18.4426	4900	227	208
18.4456	4901	230	1408
18.4514	4902	231	1408
18.4551	4903	230	208
18.4581	4904	232	1408
18.4638	4905	232	1408
18.4647	4906	227	208
18.4677	4907	230	1408
18.4734	4908	231	1408
18.4767	4909	229	208
18.4796	4910	231	1408
18.4859	4911	233	1408
18.4891	4912	230	208
18.4921	4913	233	1408
18.4983	4914	234	1408
18.5016	4915	232	208
18.5045	4916	234	1408
18.5074	4917	233	1408
18.5112	4918	230	208
18.5141	4919	233	1408
18.5199	4920	233	1408
18.5236	4921	232	208
18.5266	4922	234	1408
18.5323	4923	236	1408
18.5361	4924	234	208
18.539	4925	237	1408
18.5448	4926	236	1408
18.5456	4927	230	208
18.5486	4928	233	1408
18.5544	4929	234	1408
18.5576	4930	232	208
18.5606	4931	234	1408
18.5668	4932	236	1408
18.5701	4933	234	208
18.5731	4934	237	1408
18.5764	4935	235	1408
18.5797	4936	233	208
18.5826	4937	235	1408
18.5884	4938	237	1408
18.5921	4939	234	208
18.5951	4940	237	1408
18.6008	4941	236	1408
18.6046	4942	236	208
18.6075	4943	238	1408
18.6133	4944	239	1408
18.617	4945	237	208
18.62	4946	240	1408
18.6229	4947	236	1408
18.6266	4948	234	208
18.6296	4949	237	1408
18.6353	4950	237	1408
18.6386	4951	233	208
18.6416	4952	236	1408
18.6478	4953	237	1408
18.651	4954	236	208
18.654	4955	238	1408
18.6602	4956	240	1408
18.6635	4957	236	208
18.6665	4958	239	1408
18.6727	4959	240	1408
18.676	4960	236	208
18.6789	4961	239	1408
18.6823	4962	237	1408
18.6884	4963	236	208
18.6914	4964	239	1408
18.6947	4965	237	1408
18.698	4966	235	208
18.701	4967	237	1408
18.7067	4968	239	1408
18.7104	4969	237	208
18.7134	4970	240	1408
18.7192	4971	240	1408
18.7229	4972	236	208
18.7259	4973	239	1408
18.7316	4974	240	1408
18.7325	4975	236	208
18.7383	4976	241	1408
18.7412	4977	240	1408
18.7445	4978	236	208
18.7474	4979	239	1408
18.7537	4980	240	1408
18.7569	4981	238	208
18.7599	4982	240	1408
18.7632	4983	240	1408
18.7694	4984	240	208
18.7723	4985	243	1408
18.7757	4986	240	1408
18.779	4987	236	208
18.7819	4988	239	1408
18.7877	4989	239	1408
18.7914	4990	237	208
18.7944	4991	240	1408
18.8001	4992	241	1408
18.8039	4993	239	208
18.8068	4994	241	1408
18.8126	4995	243	1408
18.8163	4996	240	208
18.8193	4997	243	1408
18.825	4998	243	1408
18.8288	4999	239	208
18.8318	5000	242	1408
18.8375	5001	243	1408
18.8379	5002	238	208
18.8409	5003	240	1408
18.8471	5004	243	1408
18.8503	5005	240	208
18.8533	5006	243	1408
18.8595	5007	243	1408
18.8628	5008	239	208
18.8658	5009	242	1408
18.8691	5010	241	1408
18.8724	5011	239	208
18.8782	5012	244	1408
18.8811	5013	243	1408
18.8848	5014	239	208
18.8878	5015	242	1408
18.8936	5016	243	1408
18.8973	5017	240	208
18.9003	5018	243	1408
18.906	5019	243	1408
18.9097	5020	239	208
18.9127	5021	242	1408
18.9185	5022	243	1408
18.9193	5023	239	208
18.9252	5024	244	1408
18.928	5025	243	1408
18.9313	5026	240	208
18.9343	5027	243	1408
18.9405	5028	243	1408
18.9438	5029	239	208
18.9467	5030	242	1408
18.953	5031	242	1408
18.9562	5032	240	208
18.9592	5033	243	1408
18.9654	5034	243	1408
18.9687	5035	239	208
18.9716	5036	242	1408
18.9779	5037	243	1408
18.9811	5038	240	208
18.9841	5039	243	1408
18.9903	5040	244	1408
18.9907	5041	239	208
18.9966	5042	244	1408
18.9994	5043	243	1408
19.0032	5044	240	208
19.0061	5045	243	1408
19.0119	5046	242	1408
19.0156	5047	240	208
19.0186	5048	243	1408
19.0243	5049	243	1408
19.0281	5050	240	208
19.031	5051	243	1408
19.0368	5052	243	1408
19.0405	5053	242	208
19.0435	5054	244	1408
19.0493	5055	246	1408
19.0501	5056	241	208
19.0531	5057	244	1408
19.0588	5058	244	1408
19.0626	5059	240	208
19.0655	5060	243	1408
19.0713	5061	244	1408
19.0745	5062	242	208
19.0775	5063	244	1408
19.0837	5064	246	1408
19.087	5065	243	208
19.09	5066	245	1408
19.0962	5067	246	1408
19.0995	5068	243	208
19.1024	5069	246	1408
19.1087	5070	246	1408
19.109	5071	240	208
19.112	5072	243	1408
19.1178	5073	242	1408
19.1215	5074	240	208
19.1245	5075	243	1408
19.1302	5076	243	1408
19.134	5077	242	208
19.1369	5078	244	1408
19.1427	5079	245	1408
19.1464	5080	243	208
19.1494	5081	246	1408
19.1551	5082	246	1408
19.1589	5083	243	208
19.1618	5084	246	1408
19.1647	5085	244	1408
19.1684	5086	240	208
19.1714	5087	243	1408
19.1772	5088	244	1408
19.1804	5089	242	208
19.1834	5090	244	1408
19.1896	5091	246	1408
19.1929	5092	242	208
19.1959	5093	245	1408
19.2021	5094	246	1408
19.2053	5095	243	208
19.2083	5096	246	1408
19.2145	5097	246	1408
19.2149	5098	239	208
19.2179	5099	242	1408
19.2236	5100	243	1408
19.2274	5101	242	208
19.2303	5102	244	1408
19.2361	5103	246	1408
19.2398	5104	243	208
19.2428	5105	246	1408
19.2486	5106	245	1408
19.2523	5107	243	208
19.2553	5108	246	1408
19.261	5109	246	1408
19.2647	5110	243	208
19.2677	5111	246	1408
19.2735	5112	246	1408
19.2738	5113	239	208
19.2768	5114	242	1408
19.2859	5115	245	1408
19.2863	5116	240	208
19.2893	5117	243	1408
19.2955	5118	244	1408
19.2988	5119	242	208
19.3017	5120	244	1408
19.308	5121	246	1408
19.3112	5122	243	208
19.3142	5123	246	1408
19.3175	5124	243	1408
19.3237	5125	242	208
19.3266	5126	245	1408
19.33	5127	243	1408
19.3332	5128	240	208
19.3362	5129	243	1408
19.3424	5130	243	1408
19.3457	5131	242	208
19.3487	5132	244	1408
19.3544	5133	245	1408
19.3582	5134	243	208
19.3611	5135	246	1408
19.3669	5136	245	1408
19.3706	5137	243	208
19.3736	5138	246	1408
19.3793	5139	246	1408
19.3831	5140	243	208
19.386	5141	246	1408
19.3918	5142	245	1408
19.3955	5143	243	208
19.3985	5144	246	1408
19.4014	5145	243	1408
19.4046	5146	242	208
19.4076	5147	244	1408
19.4138	5148	245	1408
19.4171	5149	243	208
19.4201	5150	246	1408
19.4263	5151	246	1408
19.4295	5152	242	208
19.4325	5153	245	1408
19.4387	5154	246	1408
19.442	5155	243	208
19.445	5156	245	1408
19.4483	5157	243	1408
19.4545	5158	243	208
19.4574	5159	246	1408
19.4603	5160	244	1408
19.464	5161	243	208
19.467	5162	245	1408
19.4728	5163	245	1408
19.4765	5164	243	208
19.4795	5165	246	1408
19.4852	5166	246	1408
19.4889	5167	243	208
19.4919	5168	246	1408
19.4977	5169	245	1408
19.5014	5170	243	208
19.5044	5171	246	1408
19.5101	5172	246	1408
19.5105	5173	242	208
19.5135	5174	244	1408
19.5197	5175	245	1408
19.523	5176	242	208
19.5259	5177	245	1408
19.5322	5178	246	1408
19.5354	5179	243	208
19.5384	5180	246	1408
19.5446	5181	246	1408
19.5479	5182	242	208
19.5508	5183	245	1408
19.5571	5184	246	1408
19.5603	5185	243	208
19.5633	5186	246	1408
19.5695	5187	246	1408
19.5699	5188	242	208
19.5729	5189	244	1408
19.5786	5190	242	1408
19.5824	5191	242	208
19.5853	5192	244	1408
19.5911	5193	245	1408
19.5948	5194	243	208
19.5978	5195	246	1408
19.6035	5196	245	1408
19.6073	5197	243	208
19.6103	5198	246	1408
19.6131	5199	244	1408
19.6197	5200	243	208
19.6227	5201	246	1408
19.6256	5202	244	1408
19.6288	5203	242	208
19.6318	5204	244	1408
19.638	5205	246	1408
19.6413	5206	243	208
19.6443	5207	246	1408
19.6505	5208	246	1408
19.6538	5209	242	208
19.6567	5210	245	1408
19.663	5211	246	1408
19.6633	5212	240	208
19.6663	5213	243	1408
19.6754	5214	246	1408
19.6758	5215	239	208
19.6788	5216	242	1408
19.6845	5217	243	1408
19.6882	5218	240	208
19.6912	5219	243	1408
19.697	5220	243	1408
19.7007	5221	242	208
19.7037	5222	244	1408
19.7094	5223	246	1408
19.7132	5224	243	208
19.7161	5225	246	1408
19.7219	5226	245	1408
19.7256	5227	243	208
19.7286	5228	246	1408
19.7343	5229	246	1408
19.7352	5230	240	208
19.7382	5231	243	1408
19.7439	5232	243	1408
19.7472	5233	240	208
19.7501	5234	243	1408
19.7564	5235	244	1408
19.7596	5236	242	208
19.7626	5237	244	1408
19.7688	5238	246	1408
19.7721	5239	243	208
19.7751	5240	246	1408
19.7813	5241	246	1408
19.7845	5242	242	208
19.7875	5243	245	1408
19.7937	5244	246	1408
19.7941	5245	240	208
19.7971	5246	243	1408
19.8028	5247	242	1408
19.8066	5248	242	208
19.8095	5249	244	1408
19.8153	5250	245	1408
19.819	5251	243	208
19.822	5252	246	1408
19.8278	5253	245	1408
19.8315	5254	243	208
19.8345	5255	246	1408
19.8402	5256	246	1408
19.8439	5257	243	208
19.8469	5258	246	1408
19.8527	5259	245	1408
19.8564	5260	243	208
19.8594	5261	246	1408
19.8651	5262	246	1408
19.8689	5263	245	208
19.8718	5264	247	1408
19.8776	5265	248	1408
19.8813	5266	246	208
19.8843	5267	249	1408
19.89	5268	249	1408
19.8938	5269	246	208
19.8967	5270	249	1408
19.9025	5271	249	1408
19.9062	5272	246	208
19.9092	5273	249	1408
19.9149	5274	249	1408
19.9187	5275	246	208
19.9217	5276	249	1408
19.9274	5277	250	1408
19.9311	5278	249	208
19.9341	5279	251	1408
19.9399	5280	251	1408
19.9436	5281	249	208
19.9466	5282	252	1408
19.9523	5283	252	1408
19.956	5284	250	208
19.959	5285	253	1408
19.9648	5286	251	1408
19.9685	5287	251	208
19.9715	5288	253	1408
19.9772	5289	252	1408
19.981	5290	251	208
19.9839	5291	253	1408
19.9897	5292	254	1408
19.9934	5293	252	208
19.9964	5294	255	1408
